input,target_position,completion
Amy tells Zoe. James trusts Brian. Paul meets Karen. David finds Ryan. Mike needs Jane. Anna visits Olivia. Susan hates Daniel. Kevin wants Jake. Emma calls Robert. Peter thanks Andrew. Laura knows Eric. Tom loves Linda. John helps Thomas. Kate follows Grace. Mary texts Helen. Chris likes Emily. Alex asks Adam. Lisa fears Jason. Mark sees Lucy. Sarah pays Sophia. Amy tells,1,Zoe
Laura helps Andrew. Amy loves Zoe. Mary follows Brian. Emma thanks Helen. John meets Robert. Tom texts Thomas. Alex trusts Olivia. Chris tells Grace. Anna likes Ryan. Lisa finds Linda. Mike calls Jane. Susan knows Karen. Mark needs Jake. David hates Jason. Kate asks Adam. Sarah sees Emily. Peter wants Sophia. Kevin fears Eric. James visits Lucy. Paul pays Daniel. Laura helps,1,Andrew
Anna hates Jake. Laura sees Brian. Tom texts Olivia. Susan loves Adam. Chris knows Karen. Paul wants Ryan. Emma finds Emily. Lisa needs Linda. Kate visits Jason. Alex asks Helen. Mark helps Robert. Mike tells Daniel. James follows Zoe. Kevin trusts Lucy. David meets Grace. Amy pays Jane. Mary calls Andrew. Sarah likes Sophia. Peter fears Eric. John thanks Thomas. Anna hates,1,Jake
Anna pays Karen. Laura calls Grace. Lisa knows Jake. Mike likes Brian. Tom follows Ryan. Mary finds Daniel. James wants Emily. John sees Zoe. Mark meets Lucy. David tells Helen. Susan trusts Eric. Emma thanks Jane. Alex visits Adam. Kevin asks Sophia. Peter hates Thomas. Kate helps Jason. Paul texts Linda. Sarah fears Andrew. Amy needs Olivia. Chris loves Robert. Anna pays,1,Karen
Mike tells Grace. John knows Helen. Tom visits Eric. David wants Daniel. Mark trusts Lucy. Lisa needs Brian. Mary helps Andrew. James pays Zoe. Alex thanks Ryan. Laura meets Jane. Kate texts Robert. Susan calls Linda. Anna likes Jake. Amy sees Karen. Paul loves Thomas. Peter finds Adam. Sarah asks Emily. Chris follows Olivia. Emma hates Jason. Kevin fears Sophia. Mike tells,1,Grace
Emma tells Andrew. David trusts Karen. Anna follows Olivia. Lisa asks Brian. Sarah hates Linda. Susan sees Adam. Mark visits Sophia. Amy needs Daniel. Tom thanks Ryan. Peter calls Emily. Alex loves Helen. James texts Jake. Kevin helps Jason. Paul finds Zoe. Mike meets Grace. Kate knows Eric. Chris fears Robert. John wants Thomas. Mary likes Jane. Laura pays Lucy. Emma tells,1,Andrew
Mark likes Daniel. Lisa finds Helen. John knows Emily. Chris texts Brian. Paul follows Jake. Anna asks Sophia. Amy sees Lucy. David trusts Thomas. Sarah tells Eric. Laura helps Robert. Emma needs Olivia. Tom pays Jason. Alex hates Karen. Kevin meets Andrew. Kate fears Jane. Mary wants Zoe. Mike loves Grace. Susan visits Adam. Peter calls Ryan. James thanks Linda. Mark likes,1,Daniel
Paul fears Thomas. David wants Brian. Mark thanks Jason. Kevin follows Jane. Alex knows Emily. James helps Robert. Mike calls Linda. John loves Grace. Mary texts Ryan. Sarah visits Zoe. Anna likes Sophia. Susan sees Jake. Kate finds Adam. Chris pays Helen. Emma hates Andrew. Amy asks Eric. Peter tells Olivia. Lisa trusts Karen. Tom meets Lucy. Laura needs Daniel. Paul fears,1,Thomas
Peter visits Helen. John helps Eric. Mark fears Jason. Amy finds Ryan. Kate loves Brian. James follows Jake. Paul trusts Olivia. Alex calls Grace. Tom hates Lucy. Lisa texts Sophia. Emma knows Karen. Laura needs Linda. Mary wants Jane. Sarah meets Andrew. Mike asks Emily. Anna tells Thomas. Susan likes Daniel. Chris thanks Zoe. Kevin pays Robert. David sees Adam. Peter visits,1,Helen
Laura hates Jason. James likes Helen. Alex needs Daniel. Tom calls Zoe. John loves Adam. Paul follows Jake. Peter texts Eric. Anna pays Andrew. Kevin sees Thomas. Mike helps Olivia. Kate visits Lucy. Chris knows Linda. Amy fears Sophia. Mary finds Grace. Sarah thanks Jane. David tells Karen. Emma wants Robert. Susan trusts Brian. Lisa meets Emily. Mark asks Ryan. Laura hates,1,Jason
Alex trusts Daniel. Kate thanks Emily. Sarah likes Brian. Peter helps Helen. Mary visits Robert. Laura asks Thomas. Mike fears Lucy. Susan tells Jake. Paul knows Ryan. Amy calls Jason. Tom hates Jane. John meets Eric. Chris pays Adam. James sees Zoe. Lisa follows Karen. Mark wants Andrew. Anna finds Grace. David needs Sophia. Emma texts Olivia. Kevin loves Linda. Alex trusts,1,Daniel
Paul follows Karen. Laura wants Ryan. James loves Eric. Anna visits Zoe. Lisa hates Linda. Amy calls Lucy. Peter fears Adam. Mary thanks Brian. Mark helps Thomas. John asks Grace. Susan needs Sophia. Sarah finds Helen. Mike meets Jason. Tom trusts Emily. Kate tells Jane. Emma likes Andrew. Chris texts Olivia. Alex sees Jake. David knows Robert. Kevin pays Daniel. Paul follows,1,Karen
Mark asks Karen. Kate texts Sophia. James hates Daniel. Kevin tells Jason. Mary visits Brian. Amy meets Robert. Peter likes Eric. Lisa knows Ryan. Emma wants Zoe. Tom thanks Lucy. Susan fears Linda. Alex follows Grace. Laura calls Helen. Anna needs Emily. Sarah helps Adam. Chris loves Jane. Mike pays Andrew. John trusts Jake. Paul sees Thomas. David finds Olivia. Mark asks,1,Karen
Peter needs Daniel. Anna helps Lucy. James follows Karen. Mike wants Eric. Sarah fears Ryan. Kate meets Helen. Emma hates Zoe. Paul thanks Thomas. Tom likes Robert. Alex tells Andrew. Laura visits Sophia. Mary texts Jason. John asks Olivia. Kevin calls Jane. Lisa sees Brian. Amy pays Adam. David finds Grace. Chris knows Linda. Mark trusts Jake. Susan loves Emily. Peter needs,1,Daniel
Emma hates Daniel. Mary texts Jane. Paul likes Brian. Chris finds Robert. Anna follows Helen. Susan sees Thomas. Laura helps Jason. Peter meets Zoe. John asks Sophia. James visits Eric. Kate thanks Grace. Lisa loves Jake. Sarah trusts Andrew. Amy needs Emily. Kevin calls Linda. Mike wants Ryan. Alex pays Lucy. David fears Karen. Mark tells Adam. Tom knows Olivia. Emma hates,1,Daniel
John helps Jason. Paul fears Lucy. Laura visits Linda. Peter asks Thomas. Kate thanks Andrew. Sarah knows Robert. Susan likes Emily. Anna trusts Adam. Lisa texts Jake. Chris meets Grace. Mary loves Eric. Alex pays Ryan. Emma finds Brian. Mark tells Daniel. Mike follows Jane. David wants Olivia. Amy calls Sophia. James needs Helen. Tom hates Zoe. Kevin sees Karen. John helps,1,Jason
Sarah helps Daniel. Susan meets Karen. Tom thanks Ryan. David sees Sophia. Alex finds Brian. Lisa follows Grace. Anna asks Thomas. Amy loves Adam. Emma calls Olivia. Kevin fears Jason. Peter pays Jake. James needs Emily. John likes Zoe. Kate hates Robert. Chris trusts Andrew. Mary visits Eric. Mark wants Linda. Paul tells Jane. Laura knows Lucy. Mike texts Helen. Sarah helps,1,Daniel
Peter likes Jason. Paul helps Karen. Kate fears Adam. Mark meets Sophia. Tom follows Emily. Kevin visits Jake. Lisa needs Eric. David asks Daniel. Sarah wants Andrew. Laura calls Olivia. John finds Grace. James knows Lucy. Amy texts Robert. Mary hates Helen. Mike pays Jane. Alex tells Ryan. Emma trusts Brian. Anna sees Linda. Susan loves Thomas. Chris thanks Zoe. Peter likes,1,Jason
Tom sees Zoe. Paul needs Helen. Mary pays Sophia. Kate meets Lucy. Peter hates Jason. Mike knows Emily. Sarah likes Olivia. Emma loves Daniel. Lisa finds Thomas. Laura asks Eric. Susan trusts Linda. Chris visits Jane. Mark calls Jake. Kevin wants Karen. David fears Brian. Amy helps Robert. John tells Grace. James follows Andrew. Alex thanks Ryan. Anna texts Adam. Tom sees,1,Zoe
Paul hates Karen. Mark sees Zoe. David calls Thomas. Amy helps Lucy. Lisa finds Helen. Sarah visits Robert. James fears Jake. Laura pays Adam. Mike loves Jane. Susan meets Olivia. Tom trusts Linda. Peter thanks Jason. Chris likes Ryan. Alex asks Grace. Anna needs Daniel. John texts Sophia. Kate follows Emily. Kevin knows Andrew. Mary wants Eric. Emma tells Brian. Paul hates,1,Karen
Mary needs Jake. Amy trusts Linda. Mike thanks Daniel. Sarah asks Lucy. Mark follows Olivia. David fears Sophia. Kevin wants Karen. Emma texts Eric. John calls Zoe. Anna visits Robert. Lisa meets Ryan. James hates Adam. Tom pays Helen. Alex likes Thomas. Paul knows Grace. Kate sees Jane. Susan helps Brian. Peter finds Emily. Chris loves Jason. Laura tells Andrew. Amy trusts,2,Linda
Laura fears Daniel. Anna hates Zoe. Susan asks Andrew. Kate calls Grace. Amy pays Helen. Paul likes Lucy. Peter sees Jane. Alex loves Sophia. Kevin follows Jake. Mark helps Brian. Chris needs Karen. James finds Robert. Lisa trusts Eric. David wants Linda. Emma meets Ryan. Sarah visits Jason. John knows Olivia. Mary thanks Thomas. Tom texts Emily. Mike tells Adam. Anna hates,2,Zoe
Mark knows Jason. Tom calls Brian. Paul meets Olivia. Emma needs Eric. Chris hates Grace. Susan visits Thomas. Peter finds Lucy. Kevin follows Zoe. Laura wants Jake. David pays Jane. Sarah fears Linda. Alex helps Ryan. John tells Adam. Kate trusts Andrew. Amy likes Emily. Lisa loves Karen. Anna texts Sophia. Mike sees Robert. Mary thanks Daniel. James asks Helen. Tom calls,2,Brian
Paul calls Eric. Kate sees Jane. Chris knows Jason. Alex tells Grace. Laura trusts Adam. Susan follows Jake. Emma needs Olivia. Mary texts Linda. Lisa helps Helen. Peter finds Brian. James visits Ryan. John loves Sophia. Mark likes Karen. Sarah fears Thomas. Mike pays Daniel. David wants Zoe. Tom thanks Emily. Kevin meets Andrew. Anna hates Lucy. Amy asks Robert. Kate sees,2,Jane
Emma follows Zoe. Mike fears Robert. Laura pays Linda. James calls Grace. Alex needs Ryan. Peter trusts Olivia. Mary thanks Jane. Mark asks Daniel. Paul likes Brian. Lisa texts Jake. Tom visits Karen. Susan knows Sophia. David wants Adam. John helps Jason. Kate meets Emily. Sarah tells Helen. Kevin loves Eric. Anna hates Lucy. Amy finds Andrew. Chris sees Thomas. Mike fears,2,Robert
Lisa follows Sophia. James asks Jake. Susan knows Jane. Kate wants Andrew. Paul hates Brian. John texts Lucy. Chris pays Helen. Mike visits Eric. Tom loves Olivia. Alex trusts Karen. Sarah fears Jason. Amy sees Linda. Peter calls Emily. Mark needs Ryan. Anna thanks Grace. David finds Zoe. Mary tells Thomas. Kevin helps Adam. Laura meets Daniel. Emma likes Robert. James asks,2,Jake
Alex sees Eric. Tom hates Brian. John likes Sophia. Kate helps Robert. Paul loves Ryan. David finds Linda. Sarah fears Helen. James pays Grace. Laura asks Zoe. Peter thanks Olivia. Anna visits Jake. Lisa meets Daniel. Emma tells Adam. Mark knows Lucy. Chris texts Andrew. Susan follows Jason. Amy calls Karen. Mary wants Emily. Mike trusts Jane. Kevin needs Thomas. Tom hates,2,Brian
Alex fears Emily. Lisa pays Lucy. Kate meets Jake. Mark calls Brian. Mary asks Helen. Susan helps Jason. Amy wants Ryan. Mike hates Linda. Peter finds Robert. James sees Andrew. John thanks Eric. Tom knows Daniel. Anna tells Zoe. Chris needs Thomas. Emma visits Grace. Kevin trusts Adam. David follows Karen. Sarah likes Jane. Laura texts Sophia. Paul loves Olivia. Lisa pays,2,Lucy
Emma knows Brian. Mary calls Linda. Lisa hates Jane. Chris needs Jason. Kevin visits Emily. Amy sees Grace. Laura fears Olivia. Sarah helps Ryan. James follows Lucy. Peter tells Robert. Anna asks Karen. Mike wants Daniel. Tom trusts Adam. Paul finds Sophia. Alex texts Thomas. Susan likes Eric. David meets Zoe. Kate thanks Andrew. John pays Jake. Mark loves Helen. Mary calls,2,Linda
Kate wants Grace. Chris likes Emily. David trusts Linda. John hates Helen. Mike finds Brian. Paul follows Ryan. Amy calls Karen. Emma tells Eric. Peter loves Jason. James helps Jane. Tom needs Sophia. Kevin asks Zoe. Mary meets Lucy. Alex fears Olivia. Lisa knows Adam. Sarah texts Robert. Mark thanks Andrew. Susan pays Thomas. Anna sees Jake. Laura visits Daniel. Chris likes,2,Emily
Lisa calls Brian. Tom finds Daniel. Susan helps Andrew. Sarah sees Ryan. Mary hates Eric. Kate texts Lucy. Kevin knows Sophia. Alex loves Emily. Anna pays Karen. Chris fears Zoe. Amy needs Jane. Laura thanks Robert. Peter likes Thomas. Emma follows Olivia. Mike wants Helen. Paul visits Jason. David asks Jake. James trusts Linda. John meets Grace. Mark tells Adam. Tom finds,2,Daniel
Kate hates Olivia. Tom needs Eric. Mary finds Jane. Kevin visits Jason. Amy sees Daniel. Peter tells Jake. James fears Sophia. David loves Karen. Paul knows Helen. Laura calls Brian. Lisa trusts Grace. Anna likes Lucy. Chris follows Linda. Mark wants Zoe. John pays Thomas. Sarah meets Ryan. Susan thanks Emily. Mike asks Adam. Emma helps Andrew. Alex texts Robert. Tom needs,2,Eric
Sarah hates Olivia. Laura meets Brian. Lisa sees Adam. Mike finds Grace. Anna texts Sophia. Paul visits Karen. David pays Jason. James wants Thomas. Susan thanks Emily. Alex loves Linda. Chris helps Lucy. Mark fears Eric. Kate tells Ryan. Kevin follows Daniel. Emma asks Helen. Tom knows Jake. John trusts Andrew. Mary needs Robert. Amy likes Zoe. Peter calls Jane. Laura meets,2,Brian
Susan knows Helen. James pays Sophia. Alex trusts Karen. Mike meets Daniel. Amy texts Jake. Tom follows Linda. John finds Jane. Lisa thanks Brian. Paul visits Zoe. David likes Jason. Mary helps Robert. Sarah calls Andrew. Kate asks Adam. Chris hates Eric. Anna loves Olivia. Kevin tells Grace. Peter needs Thomas. Laura fears Emily. Emma wants Lucy. Mark sees Ryan. James pays,2,Sophia
Kate hates Daniel. Laura sees Helen. Susan tells Jane. Paul helps Olivia. Chris pays Andrew. Emma texts Jake. Peter loves Robert. Mary likes Zoe. David visits Brian. Tom follows Ryan. James knows Linda. Anna fears Karen. Sarah wants Sophia. Mark trusts Jason. Lisa asks Lucy. Alex finds Emily. Amy meets Eric. Mike thanks Thomas. John needs Grace. Kevin calls Adam. Laura sees,2,Helen
Lisa helps Ryan. Mike sees Eric. Peter fears Helen. Mary calls Jane. Kate visits Sophia. James likes Jake. Sarah loves Adam. Tom hates Olivia. Alex finds Zoe. Emma trusts Karen. Anna knows Thomas. John wants Andrew. Kevin meets Brian. Susan asks Linda. David needs Lucy. Paul texts Emily. Laura tells Daniel. Amy thanks Jason. Mark follows Grace. Chris pays Robert. Mike sees,2,Eric
Kate likes Grace. Sarah texts Jake. Amy meets Brian. Lisa wants Andrew. Anna tells Linda. Chris asks Helen. Laura thanks Sophia. Alex follows Thomas. John knows Jane. Kevin trusts Jason. Peter loves Zoe. Emma visits Adam. Mark helps Eric. Mary sees Ryan. Tom fears Olivia. Paul hates Karen. Susan pays Robert. David finds Lucy. James calls Daniel. Mike needs Emily. Sarah texts,2,Jake
John hates Ryan. Mary wants Lucy. David likes Andrew. Sarah asks Sophia. Mark tells Zoe. Alex follows Linda. James visits Karen. Susan thanks Jason. Peter calls Jane. Tom needs Thomas. Chris texts Helen. Emma finds Adam. Anna loves Brian. Amy trusts Olivia. Laura sees Grace. Lisa knows Jake. Kate fears Daniel. Kevin pays Eric. Paul helps Robert. Mike meets Emily. Mary wants,2,Lucy
James trusts Linda. Laura pays Adam. Peter follows Lucy. Kate fears Grace. David loves Emily. Paul tells Daniel. Sarah hates Eric. Mary asks Sophia. Amy sees Andrew. Mike visits Ryan. John needs Jason. Susan finds Thomas. Mark texts Brian. Kevin meets Jane. Emma likes Jake. Lisa knows Karen. Chris wants Robert. Tom thanks Zoe. Anna helps Olivia. Alex calls Helen. Laura pays,2,Adam
James asks Helen. Paul knows Jake. Alex pays Sophia. Kevin likes Zoe. Laura meets Jane. Sarah texts Emily. Peter trusts Daniel. Chris loves Linda. Anna follows Jason. Lisa tells Grace. David calls Brian. Mark hates Thomas. Kate helps Ryan. Mary needs Adam. Mike wants Lucy. Amy fears Robert. Susan visits Andrew. John sees Olivia. Tom thanks Eric. Emma finds Karen. Paul knows,2,Jake
Paul likes Thomas. Mike tells Daniel. Emma visits Helen. John fears Grace. Sarah follows Ryan. Kate calls Brian. Mark hates Karen. Susan meets Sophia. Lisa helps Emily. Chris sees Jake. Tom wants Zoe. Peter asks Eric. Alex finds Linda. Anna needs Jason. James trusts Adam. Laura texts Jane. Kevin knows Robert. Amy loves Andrew. David thanks Olivia. Mary pays Lucy. Emma visits,3,Helen
Sarah visits Thomas. Peter pays Daniel. Paul tells Karen. Mary thanks Eric. Susan hates Emily. John knows Ryan. Laura texts Adam. Emma fears Jason. Tom calls Zoe. James loves Sophia. Mike likes Helen. Kevin needs Lucy. Lisa asks Olivia. Amy sees Jane. Anna follows Brian. Alex wants Andrew. Kate helps Grace. Mark trusts Jake. David meets Robert. Chris finds Linda. Paul tells,3,Karen
Alex knows Andrew. Kate loves Brian. Chris pays Robert. Lisa likes Emily. Mike needs Sophia. David finds Eric. Susan hates Jake. Mary sees Helen. Sarah trusts Jason. Amy meets Olivia. James calls Linda. Peter helps Zoe. John fears Grace. Kevin visits Lucy. Tom asks Ryan. Anna follows Jane. Paul tells Daniel. Emma wants Karen. Laura texts Adam. Mark thanks Thomas. Chris pays,3,Robert
Amy helps Eric. Alex follows Jane. Mary tells Zoe. Mark calls Sophia. Susan texts Ryan. Lisa wants Daniel. Mike loves Jason. Anna needs Linda. Emma pays Emily. David finds Grace. Chris sees Lucy. Sarah fears Karen. Kevin likes Adam. James hates Olivia. Kate trusts Brian. Paul visits Robert. Laura asks Jake. Tom meets Helen. John thanks Andrew. Peter knows Thomas. Mary tells,3,Zoe
Lisa trusts Lucy. John hates Adam. Sarah helps Jake. Alex finds Linda. Tom needs Eric. Amy knows Daniel. Kevin calls Karen. James texts Thomas. Mike tells Andrew. Kate sees Sophia. Emma loves Helen. Paul asks Zoe. Mary wants Robert. Susan pays Emily. Mark thanks Jason. Peter likes Olivia. Chris fears Jane. Anna follows Brian. David visits Ryan. Laura meets Grace. Sarah helps,3,Jake
Amy loves Jane. David trusts Andrew. Paul hates Robert. Tom pays Thomas. Sarah wants Daniel. Mark sees Adam. James helps Grace. Peter asks Jason. Chris fears Eric. Alex thanks Emily. Laura needs Jake. Lisa knows Linda. Susan tells Sophia. Kate visits Lucy. Emma follows Brian. Mary meets Ryan. Mike texts Zoe. John likes Karen. Kevin finds Helen. Anna calls Olivia. Paul hates,3,Robert
Amy wants Andrew. Tom pays Robert. James asks Helen. Sarah thanks Thomas. David tells Adam. John calls Daniel. Mark fears Eric. Paul hates Karen. Alex helps Ryan. Emma knows Jason. Mike loves Lucy. Lisa needs Sophia. Anna meets Jake. Kate follows Emily. Susan visits Olivia. Chris finds Linda. Laura texts Brian. Mary trusts Zoe. Peter likes Grace. Kevin sees Jane. James asks,3,Helen
Chris visits Brian. Sarah likes Karen. Kevin texts Sophia. Anna trusts Thomas. John calls Adam. Paul loves Olivia. David follows Jake. Susan wants Grace. Tom pays Ryan. James tells Jane. Mark finds Jason. Mike thanks Zoe. Lisa knows Lucy. Kate hates Eric. Peter fears Emily. Amy sees Linda. Emma asks Helen. Mary meets Daniel. Alex helps Andrew. Laura needs Robert. Kevin texts,3,Sophia
Susan tells Thomas. Mark hates Brian. Lisa wants Olivia. John fears Helen. Emma needs Daniel. Alex asks Adam. Mike sees Andrew. David helps Karen. Laura trusts Lucy. James follows Jane. Anna likes Jason. Chris visits Sophia. Amy loves Eric. Kate thanks Jake. Peter pays Robert. Paul texts Zoe. Sarah calls Grace. Mary knows Linda. Tom finds Emily. Kevin meets Ryan. Lisa wants,3,Olivia
James follows Sophia. David likes Thomas. Kate helps Lucy. Tom needs Zoe. Peter fears Andrew. Kevin wants Jason. John texts Helen. Paul sees Jane. Susan visits Brian. Anna loves Robert. Mark trusts Karen. Sarah meets Ryan. Alex knows Jake. Mike tells Daniel. Chris hates Olivia. Mary finds Linda. Amy calls Eric. Emma pays Adam. Laura thanks Grace. Lisa asks Emily. Kate helps,3,Lucy
Lisa likes Linda. Mark meets Eric. Mike follows Daniel. Laura asks Robert. Tom tells Karen. Alex hates Brian. Chris visits Emily. Anna knows Lucy. Kevin needs Jake. Amy sees Helen. James calls Thomas. Peter fears Andrew. Kate wants Jane. David pays Zoe. Emma helps Ryan. John thanks Olivia. Mary finds Sophia. Paul texts Jason. Susan trusts Adam. Sarah loves Grace. Mike follows,3,Daniel
Mark thanks Adam. Paul loves Thomas. Laura trusts Lucy. Mary sees Ryan. James pays Jake. Tom follows Jane. Anna knows Sophia. Alex needs Jason. Lisa asks Karen. Peter tells Brian. Sarah helps Daniel. Susan likes Grace. Kevin texts Zoe. Chris visits Eric. Amy finds Emily. John calls Helen. Emma wants Robert. Mike meets Olivia. Kate hates Linda. David fears Andrew. Laura trusts,3,Lucy
David calls Jane. Peter asks Jake. John wants Linda. Mike sees Ryan. Anna loves Daniel. Alex pays Robert. Lisa follows Jason. Emma thanks Lucy. Tom tells Helen. Chris hates Eric. Paul likes Brian. Susan trusts Thomas. Kevin fears Emily. Mark knows Grace. James texts Andrew. Laura needs Karen. Sarah finds Olivia. Kate visits Sophia. Amy meets Adam. Mary helps Zoe. John wants,3,Linda
Tom loves Emily. Susan calls Helen. Mike fears Jason. Mark finds Zoe. David helps Sophia. Lisa asks Ryan. Kate visits Jake. Anna likes Linda. John knows Andrew. James meets Thomas. Emma texts Olivia. Mary follows Jane. Alex tells Adam. Peter wants Lucy. Chris needs Grace. Amy trusts Brian. Kevin pays Robert. Paul sees Daniel. Sarah hates Eric. Laura thanks Karen. Mike fears,3,Jason
Sarah visits Linda. Kate helps Eric. Kevin needs Emily. Anna fears Karen. Susan calls Olivia. Paul texts Helen. John meets Sophia. Mary hates Daniel. Emma follows Jake. Laura likes Ryan. David loves Thomas. Mark wants Lucy. Alex asks Brian. Tom trusts Robert. James tells Adam. Mike knows Zoe. Lisa thanks Grace. Amy finds Jason. Chris pays Jane. Peter sees Andrew. Kevin needs,3,Emily
James texts Jason. Mike likes Emily. Lisa helps Olivia. Mary follows Ryan. Sarah visits Grace. Anna tells Karen. John fears Jake. Kevin wants Sophia. Kate finds Jane. Chris needs Helen. Alex knows Daniel. Laura meets Eric. Tom thanks Andrew. Susan trusts Brian. Mark asks Robert. David pays Linda. Paul loves Thomas. Peter sees Zoe. Emma hates Adam. Amy calls Lucy. Lisa helps,3,Olivia
Lisa meets Emily. Susan wants Grace. John calls Zoe. Paul trusts Andrew. Mary pays Brian. Amy sees Robert. Kate follows Karen. Mark texts Eric. Kevin helps Adam. Mike thanks Sophia. Laura asks Daniel. James hates Jane. Emma loves Lucy. Anna knows Helen. Tom likes Thomas. David finds Olivia. Sarah tells Linda. Peter needs Jake. Alex visits Jason. Chris fears Ryan. John calls,3,Zoe
Kevin pays Helen. Kate loves Thomas. Peter visits Olivia. Lisa helps Karen. Mike knows Robert. Tom needs Jake. Paul meets Grace. Chris wants Ryan. Mary trusts Emily. Laura texts Jason. Amy thanks Jane. Anna finds Lucy. Susan calls Sophia. Sarah tells Linda. James asks Andrew. Alex follows Zoe. Emma hates Adam. Mark likes Eric. John sees Brian. David fears Daniel. Peter visits,3,Olivia
Emma wants Ryan. Mike calls Brian. Tom sees Grace. Sarah hates Jason. Anna thanks Helen. Paul tells Daniel. Peter meets Jane. Kevin trusts Jake. Mary fears Lucy. James helps Eric. David knows Karen. Amy asks Zoe. Mark loves Andrew. Lisa texts Adam. John pays Thomas. Susan visits Emily. Alex follows Robert. Chris needs Olivia. Kate likes Sophia. Laura finds Linda. Tom sees,3,Grace
Mary knows Jason. Amy needs Jane. Sarah hates Andrew. Peter trusts Sophia. Susan helps Ryan. Paul loves Karen. David texts Lucy. John meets Linda. Alex pays Helen. Anna wants Olivia. Emma calls Daniel. Mark thanks Grace. James finds Eric. Chris sees Adam. Kate visits Jake. Lisa tells Brian. Tom fears Zoe. Laura likes Robert. Mike follows Thomas. Kevin asks Emily. Sarah hates,3,Andrew
Susan sees Andrew. Emma asks Helen. Kate calls Emily. Anna helps Robert. Laura loves Jane. Tom visits Ryan. Mark wants Daniel. Peter meets Eric. Chris tells Jake. Alex texts Adam. Mike knows Karen. James pays Linda. Sarah finds Sophia. David likes Brian. Paul hates Thomas. Lisa needs Zoe. Kevin fears Olivia. John trusts Lucy. Mary thanks Grace. Amy follows Jason. Anna helps,4,Robert
Paul finds Lucy. Kate wants Emily. David follows Grace. Kevin loves Daniel. Mary sees Olivia. Chris helps Helen. Alex needs Andrew. Anna thanks Robert. Emma knows Jane. Laura texts Jason. Mark trusts Zoe. Mike hates Ryan. Sarah fears Thomas. Lisa visits Brian. Tom pays Linda. Amy likes Sophia. James meets Karen. John asks Jake. Peter calls Adam. Susan tells Eric. Kevin loves,4,Daniel
Amy meets Emily. Mike thanks Jason. David visits Karen. John fears Zoe. Sarah texts Brian. Paul pays Jane. Alex follows Robert. Laura likes Helen. James finds Andrew. Mary knows Ryan. Anna asks Grace. Kevin helps Sophia. Susan loves Thomas. Emma hates Adam. Kate calls Lucy. Lisa sees Jake. Mark trusts Olivia. Peter needs Eric. Tom wants Linda. Chris tells Daniel. John fears,4,Zoe
Lisa finds Ryan. James thanks Daniel. Tom sees Jake. Kevin trusts Olivia. John asks Linda. Mark knows Jane. Anna needs Helen. Mary fears Lucy. Laura meets Emily. Amy wants Sophia. Mike likes Adam. Paul tells Eric. Susan texts Grace. Emma visits Zoe. Peter calls Robert. Chris follows Brian. Sarah helps Thomas. Kate pays Andrew. Alex hates Karen. David loves Jason. Kevin trusts,4,Olivia
James likes Zoe. Anna wants Robert. David sees Adam. Emma asks Daniel. Mary helps Jane. Kate thanks Helen. Laura calls Andrew. Peter loves Thomas. Chris needs Jake. Kevin hates Brian. Amy finds Emily. Mark tells Lucy. Lisa texts Grace. Tom visits Olivia. John follows Sophia. Susan meets Linda. Mike pays Jason. Sarah fears Ryan. Alex trusts Karen. Paul knows Eric. Emma asks,4,Daniel
Tom wants Daniel. Lisa pays Jake. Laura likes Linda. Chris hates Robert. Mary meets Emily. Anna follows Thomas. Peter needs Jason. Alex trusts Adam. Sarah visits Olivia. Mark loves Eric. Kate calls Andrew. David fears Ryan. Emma knows Sophia. Kevin thanks Zoe. John helps Lucy. Amy finds Helen. Paul asks Jane. Susan texts Karen. Mike tells Brian. James sees Grace. Chris hates,4,Robert
Chris asks Adam. Peter visits Ryan. Mike calls Karen. Sarah texts Robert. Mark meets Olivia. David sees Jane. Emma tells Lucy. Tom loves Sophia. James follows Helen. Kevin finds Jason. Lisa trusts Grace. Susan thanks Thomas. Paul likes Zoe. John needs Brian. Anna fears Emily. Alex helps Andrew. Laura knows Daniel. Kate pays Eric. Mary wants Jake. Amy hates Linda. Sarah texts,4,Robert
Susan needs Thomas. Tom follows Adam. Chris calls Jane. Anna finds Jake. Lisa trusts Daniel. Mike thanks Eric. Kate hates Brian. Mark texts Linda. Kevin loves Lucy. James knows Helen. Emma visits Ryan. Paul tells Olivia. Sarah fears Grace. Laura sees Emily. Alex asks Sophia. Peter meets Zoe. Mary helps Jason. Amy pays Robert. David wants Andrew. John likes Karen. Anna finds,4,Jake
Peter thanks Brian. Paul asks Linda. Emma tells Olivia. Mary pays Lucy. Anna likes Grace. Amy finds Sophia. Kate visits Thomas. Mike calls Andrew. Sarah knows Eric. Tom loves Karen. Chris needs Helen. Susan hates Jason. James follows Ryan. Lisa trusts Zoe. Laura wants Jake. Mark texts Robert. John meets Jane. David sees Emily. Alex helps Adam. Kevin fears Daniel. Mary pays,4,Lucy
Amy pays Emily. Mary wants Zoe. Mike calls Robert. Mark knows Thomas. Susan meets Daniel. Alex sees Sophia. Anna fears Ryan. Kevin needs Olivia. David thanks Lucy. Chris trusts Linda. Tom hates Jane. James loves Adam. Emma tells Andrew. Kate visits Jake. Paul likes Grace. Lisa finds Karen. Peter asks Helen. Laura helps Brian. John texts Jason. Sarah follows Eric. Mark knows,4,Thomas
Emma thanks Daniel. Chris hates Brian. Mark follows Jason. John finds Eric. Tom wants Ryan. Mary texts Zoe. Susan calls Jane. Amy trusts Grace. Alex needs Lucy. David loves Adam. Kevin tells Robert. James helps Jake. Lisa knows Linda. Kate visits Karen. Peter likes Sophia. Laura fears Olivia. Paul sees Emily. Anna pays Thomas. Mike asks Andrew. Sarah meets Helen. John finds,4,Eric
Mike asks Jane. Mark sees Helen. Sarah visits Sophia. James fears Olivia. Laura finds Zoe. Anna hates Jason. David follows Thomas. Emma pays Grace. Alex texts Brian. Paul knows Karen. Tom calls Ryan. Kate wants Linda. Peter tells Adam. John likes Robert. Kevin helps Lucy. Amy loves Jake. Susan needs Emily. Mary trusts Daniel. Chris thanks Eric. Lisa meets Andrew. James fears,4,Olivia
Amy visits Lucy. Tom asks Jane. Mark fears Robert. Mary knows Grace. Alex wants Karen. James thanks Daniel. Kate trusts Sophia. John finds Linda. Sarah likes Thomas. Anna hates Eric. Chris meets Adam. Lisa loves Emily. Peter helps Olivia. Mike texts Helen. Kevin needs Andrew. Emma pays Ryan. Susan calls Jason. Laura follows Brian. David sees Zoe. Paul tells Jake. Mary knows,4,Grace
John likes Jane. Laura follows Brian. Mary trusts Olivia. Anna texts Emily. James hates Eric. Mike knows Zoe. Peter tells Daniel. Amy visits Grace. Lisa loves Thomas. Alex fears Adam. Kevin calls Lucy. Susan pays Jake. Chris finds Linda. David asks Andrew. Sarah helps Sophia. Kate thanks Jason. Paul meets Helen. Mark wants Karen. Tom needs Robert. Emma sees Ryan. Anna texts,4,Emily
Mike visits Karen. Anna loves Zoe. Chris needs Adam. Kevin meets Olivia. Paul wants Eric. Kate knows Robert. Tom follows Emily. David helps Grace. Sarah fears Daniel. Alex sees Andrew. Lisa likes Jake. Peter tells Jane. Laura trusts Sophia. Mary texts Jason. James finds Lucy. Susan pays Helen. Mark thanks Ryan. Amy calls Thomas. Emma hates Linda. John asks Brian. Kevin meets,4,Olivia
James finds Andrew. Susan helps Jane. David likes Linda. Emma tells Emily. Mark loves Robert. Kate trusts Lucy. Laura sees Grace. Anna visits Ryan. John needs Eric. Chris wants Jake. Peter thanks Jason. Amy knows Daniel. Paul asks Sophia. Sarah hates Zoe. Lisa texts Thomas. Kevin fears Helen. Mary calls Olivia. Alex follows Adam. Mike pays Brian. Tom meets Karen. Emma tells,4,Emily
Sarah needs Adam. Alex calls Jane. Mark fears Robert. Tom wants Grace. Emma finds Zoe. Lisa follows Emily. Anna pays Daniel. John helps Eric. David likes Ryan. Kevin meets Linda. James hates Jason. Paul texts Andrew. Mike loves Jake. Mary visits Olivia. Laura sees Karen. Peter asks Sophia. Amy tells Lucy. Chris trusts Thomas. Susan thanks Helen. Kate knows Brian. Tom wants,4,Grace
Emma sees Sophia. Susan pays Linda. Lisa likes Andrew. Peter meets Zoe. Mary loves Ryan. Mark texts Daniel. Chris knows Grace. Tom finds Jason. Anna hates Adam. Alex wants Jake. Kevin thanks Jane. Mike helps Emily. Paul calls Lucy. Laura fears Eric. David visits Olivia. Kate trusts Brian. John asks Thomas. Amy tells Helen. Sarah follows Karen. James needs Robert. Peter meets,4,Zoe
Susan fears Brian. Mary loves Andrew. Paul knows Jake. Mike trusts Jason. Lisa meets Ryan. Sarah calls Adam. Alex tells Jane. Kate needs Sophia. Anna likes Thomas. James follows Linda. Tom pays Daniel. Peter asks Emily. Emma texts Karen. Laura visits Helen. Mark hates Eric. Kevin wants Olivia. David helps Robert. Chris thanks Lucy. Amy sees Zoe. John finds Grace. Mike trusts,4,Jason
Laura fears Eric. Mike needs Helen. Emma knows Andrew. Tom hates Brian. Mary likes Sophia. Chris loves Olivia. Sarah wants Karen. Paul sees Thomas. Kate calls Jake. James tells Adam. Alex meets Zoe. Mark trusts Ryan. John thanks Emily. Peter asks Linda. Anna follows Jason. Susan visits Robert. Kevin texts Jane. Lisa helps Grace. David pays Daniel. Amy finds Lucy. Tom hates,4,Brian
Tom knows Jason. Mary texts Grace. Kevin follows Robert. Anna meets Lucy. Mark pays Andrew. Paul visits Karen. Chris trusts Olivia. Alex hates Adam. Emma asks Thomas. Sarah helps Brian. Susan sees Sophia. Mike loves Ryan. Kate fears Jane. Laura finds Eric. John thanks Jake. Lisa wants Zoe. James tells Linda. Peter needs Daniel. Amy likes Emily. David calls Helen. Mark pays,5,Andrew
David meets Jason. Anna wants Lucy. Lisa loves Andrew. Kate needs Brian. Laura finds Daniel. Amy asks Emily. Alex trusts Jake. Mark hates Grace. Susan tells Ryan. Tom fears Sophia. Chris likes Eric. Mary calls Olivia. Emma helps Zoe. Mike visits Thomas. James follows Jane. Peter texts Robert. Kevin pays Helen. Paul thanks Karen. John sees Adam. Sarah knows Linda. Laura finds,5,Daniel
Laura wants Sophia. John trusts Daniel. James likes Eric. Mary asks Grace. Susan sees Helen. Lisa visits Emily. Emma loves Jane. Paul needs Jason. Mike finds Linda. Sarah knows Lucy. Kate texts Karen. Mark hates Zoe. Amy follows Olivia. Chris helps Ryan. Anna tells Robert. David calls Brian. Peter pays Thomas. Kevin meets Adam. Alex fears Jake. Tom thanks Andrew. Susan sees,5,Helen
Tom helps Daniel. Kate meets Robert. Peter finds Jason. Chris visits Grace. Kevin wants Thomas. Mary loves Jane. Laura calls Linda. Alex needs Eric. Sarah pays Sophia. Mark thanks Emily. David knows Ryan. Amy tells Zoe. Emma texts Jake. Susan follows Karen. Anna sees Brian. Paul asks Andrew. James hates Lucy. Mike likes Adam. Lisa trusts Olivia. John fears Helen. Kevin wants,5,Thomas
Emma knows Eric. Alex follows Helen. John wants Jake. Mary helps Karen. James sees Daniel. Tom calls Robert. Kate asks Grace. Kevin hates Sophia. Chris texts Jane. Paul loves Jason. Mike needs Lucy. Peter fears Zoe. Sarah tells Thomas. David visits Adam. Anna meets Emily. Susan pays Olivia. Lisa trusts Brian. Amy thanks Andrew. Laura finds Ryan. Mark likes Linda. James sees,5,Daniel
John follows Karen. Mary tells Emily. Kate calls Jake. Emma hates Lucy. Paul pays Olivia. Susan sees Linda. Laura fears Brian. Alex helps Eric. Amy finds Ryan. Lisa loves Robert. Tom visits Grace. Sarah needs Helen. Mark likes Adam. Kevin knows Jane. Anna meets Andrew. Mike trusts Daniel. James wants Jason. Peter texts Sophia. Chris asks Thomas. David thanks Zoe. Paul pays,5,Olivia
Sarah texts Brian. Tom follows Olivia. Amy likes Grace. Kate helps Thomas. Laura fears Daniel. Kevin sees Emily. Lisa trusts Lucy. David calls Jake. James knows Karen. Mary loves Robert. Mark thanks Helen. Alex pays Zoe. Emma wants Andrew. John finds Jane. Peter needs Linda. Mike hates Sophia. Paul visits Eric. Chris asks Adam. Susan tells Ryan. Anna meets Jason. Laura fears,5,Daniel
David trusts Adam. Amy helps Karen. Sarah hates Andrew. Susan sees Emily. Peter asks Helen. James visits Olivia. John meets Daniel. Emma pays Lucy. Paul tells Linda. Anna knows Sophia. Kate thanks Zoe. Mark wants Jane. Tom likes Eric. Mike needs Jake. Mary loves Thomas. Alex fears Grace. Chris follows Robert. Kevin calls Brian. Laura texts Ryan. Lisa finds Jason. Peter asks,5,Helen
Tom visits Olivia. Lisa loves Zoe. Anna needs Robert. Laura likes Linda. Peter wants Adam. Mark fears Sophia. Alex asks Jake. Mike meets Thomas. Paul trusts Brian. Susan tells Karen. David knows Ryan. Amy hates Jason. Chris thanks Helen. Kevin pays Andrew. John texts Daniel. Emma sees Emily. Sarah follows Jane. Mary calls Eric. Kate helps Grace. James finds Lucy. Peter wants,5,Adam
Kate needs Adam. Mary tells Andrew. Kevin likes Lucy. Amy hates Zoe. Laura visits Thomas. Mike loves Daniel. Emma finds Sophia. Paul helps Grace. Peter texts Robert. Susan knows Olivia. John wants Emily. Anna meets Jason. Lisa calls Karen. Mark trusts Brian. James follows Eric. David fears Ryan. Alex sees Helen. Chris pays Jane. Tom asks Jake. Sarah thanks Linda. Laura visits,5,Thomas
Mark meets Helen. Amy pays Eric. Tom visits Grace. James tells Linda. Lisa helps Jake. Alex trusts Thomas. Mike loves Ryan. Laura likes Andrew. Chris thanks Adam. John wants Jane. Emma texts Zoe. David fears Olivia. Kate calls Brian. Susan asks Sophia. Mary hates Emily. Anna knows Jason. Paul sees Karen. Peter finds Robert. Sarah needs Lucy. Kevin follows Daniel. Lisa helps,5,Jake
Alex helps Adam. John trusts Grace. James loves Andrew. Paul thanks Emily. Kevin tells Jane. Anna follows Daniel. Susan visits Jason. Peter pays Thomas. Emma fears Ryan. David meets Eric. Amy wants Brian. Chris asks Linda. Sarah finds Jake. Tom sees Lucy. Lisa needs Robert. Mark texts Helen. Kate likes Karen. Mary knows Olivia. Mike calls Sophia. Laura hates Zoe. Kevin tells,5,Jane
Kate visits Robert. Lisa wants Emily. Alex likes Jake. James hates Jane. David calls Adam. Mark fears Olivia. John knows Linda. Mary asks Eric. Amy tells Sophia. Kevin needs Thomas. Tom finds Andrew. Sarah meets Brian. Paul follows Jason. Chris pays Daniel. Peter sees Ryan. Laura trusts Zoe. Anna helps Helen. Emma texts Lucy. Mike loves Karen. Susan thanks Grace. David calls,5,Adam
John fears Emily. Lisa trusts Daniel. Kate follows Andrew. Mark wants Helen. Laura tells Thomas. Mary visits Jane. Anna sees Brian. Peter hates Olivia. Emma finds Sophia. Susan needs Ryan. Amy likes Eric. Alex asks Karen. David calls Jake. Chris loves Robert. Kevin texts Grace. Sarah helps Zoe. Tom meets Lucy. James thanks Adam. Mike knows Linda. Paul pays Jason. Laura tells,5,Thomas
Mike thanks Emily. John meets Brian. Alex trusts Grace. Emma follows Adam. Susan pays Karen. Sarah knows Ryan. Kate fears Olivia. Kevin needs Sophia. James hates Thomas. Paul finds Linda. Tom likes Lucy. Amy texts Helen. Peter helps Jason. Laura tells Zoe. Chris calls Daniel. Anna visits Andrew. Lisa sees Jake. Mary asks Robert. Mark wants Eric. David loves Jane. Susan pays,5,Karen
Amy sees Eric. Kate loves Adam. Anna hates Grace. Paul needs Olivia. Peter texts Linda. Kevin knows Jason. James likes Andrew. Tom follows Daniel. John tells Jane. Susan fears Thomas. Emma calls Helen. Mary visits Sophia. Mike finds Zoe. David pays Robert. Alex wants Lucy. Sarah trusts Brian. Laura helps Emily. Chris thanks Ryan. Lisa meets Jake. Mark asks Karen. Peter texts,5,Linda
Mark pays Thomas. Chris calls Eric. Mike knows Brian. Amy tells Sophia. Emma loves Jake. Sarah hates Ryan. Anna meets Grace. James asks Robert. Kevin needs Jane. Peter wants Lucy. Alex likes Helen. Kate helps Andrew. Paul texts Adam. John follows Linda. Tom finds Olivia. Mary thanks Emily. Susan sees Karen. Laura trusts Jason. David fears Daniel. Lisa visits Zoe. Emma loves,5,Jake
Tom follows Ryan. Kevin thanks Karen. Anna visits Zoe. David meets Sophia. Chris sees Daniel. Mark trusts Lucy. Lisa likes Jane. Mary texts Robert. Kate knows Jason. Paul calls Grace. Laura fears Jake. John pays Thomas. Susan finds Emily. James asks Adam. Alex helps Linda. Amy loves Brian. Peter needs Helen. Emma wants Eric. Sarah tells Olivia. Mike hates Andrew. Chris sees,5,Daniel
Paul asks Jason. Tom tells Jake. Chris likes Andrew. Sarah helps Daniel. Laura visits Karen. Anna texts Linda. Mark pays Jane. Lisa calls Lucy. James thanks Zoe. Emma finds Adam. Kate follows Helen. Amy trusts Thomas. John hates Eric. Peter sees Grace. David fears Brian. Kevin loves Ryan. Mike knows Robert. Alex meets Emily. Susan needs Sophia. Mary wants Olivia. Laura visits,5,Karen
David sees Adam. Paul helps Eric. Anna texts Daniel. John likes Robert. Mark pays Thomas. Laura finds Jake. Emma tells Helen. Sarah follows Jane. Lisa knows Jason. Peter loves Brian. Mike needs Sophia. James meets Olivia. Kevin calls Grace. Chris wants Ryan. Susan fears Lucy. Amy thanks Karen. Alex visits Andrew. Tom trusts Linda. Kate hates Emily. Mary asks Zoe. Mark pays,5,Thomas
Paul calls Grace. James meets Thomas. Amy needs Robert. David texts Jason. Chris trusts Brian. Alex knows Emily. John hates Olivia. Laura wants Andrew. Mark thanks Jake. Peter loves Linda. Kate sees Sophia. Susan fears Zoe. Sarah likes Eric. Mary follows Ryan. Lisa visits Lucy. Emma tells Karen. Kevin asks Helen. Tom finds Adam. Anna pays Daniel. Mike helps Jane. Alex knows,6,Emily
Kate calls Robert. Paul loves Helen. Tom meets Thomas. Laura wants Lucy. Lisa tells Grace. Alex sees Jane. Chris trusts Eric. Mary asks Karen. Anna knows Emily. Sarah helps Brian. Kevin hates Adam. Mark thanks Olivia. Emma finds Jason. Susan likes Jake. James needs Linda. David texts Andrew. John follows Sophia. Mike visits Daniel. Peter fears Ryan. Amy pays Zoe. Alex sees,6,Jane
Paul hates Lucy. Kevin calls Adam. Emma likes Andrew. Mary follows Jake. Susan texts Grace. Chris meets Karen. Mark sees Emily. Tom needs Daniel. David wants Ryan. Anna fears Eric. Peter trusts Olivia. Amy helps Jane. Alex loves Linda. James tells Robert. Laura finds Sophia. Mike pays Thomas. Kate visits Jason. Sarah asks Helen. Lisa thanks Brian. John knows Zoe. Chris meets,6,Karen
Sarah visits Zoe. Tom thanks Karen. Mike helps Sophia. Susan pays Daniel. James follows Andrew. Mark trusts Lucy. Amy finds Adam. Paul sees Jane. Alex wants Robert. Mary hates Linda. Laura asks Ryan. Chris knows Jake. Emma calls Eric. Lisa meets Olivia. David likes Jason. Peter texts Brian. John loves Emily. Kate fears Helen. Anna tells Thomas. Kevin needs Grace. Mark trusts,6,Lucy
Amy wants Thomas. Peter meets Brian. Emma likes Karen. Tom tells Linda. David needs Lucy. Alex trusts Jake. Paul asks Daniel. Mike calls Grace. James loves Sophia. Sarah texts Jane. Laura hates Olivia. Mary pays Andrew. Kate visits Eric. Mark fears Jason. Kevin thanks Robert. John helps Emily. Chris follows Helen. Anna knows Adam. Lisa finds Ryan. Susan sees Zoe. Alex trusts,6,Jake
Chris asks Jake. Mark visits Adam. Lisa texts Helen. Kevin meets Linda. Tom finds Karen. Emma pays Robert. Kate follows Brian. Mary needs Ryan. Alex thanks Emily. David sees Jason. Anna wants Daniel. John fears Lucy. Amy calls Olivia. Laura loves Thomas. Mike tells Eric. Susan trusts Sophia. James likes Grace. Paul knows Jane. Sarah helps Zoe. Peter hates Andrew. Emma pays,6,Robert
Mike fears Robert. Chris thanks Olivia. Sarah meets Emily. John needs Sophia. Alex asks Andrew. Mark follows Brian. Anna knows Eric. Paul visits Adam. Emma pays Linda. Susan trusts Helen. Tom helps Karen. Kate wants Grace. Peter texts Zoe. David calls Lucy. Kevin tells Ryan. Laura loves Jason. Mary hates Jane. James likes Thomas. Amy sees Daniel. Lisa finds Jake. Mark follows,6,Brian
Anna loves Jason. Tom texts Emily. Mary meets Karen. Alex follows Jake. Susan hates Sophia. John pays Daniel. Kevin sees Andrew. Mark likes Robert. David trusts Linda. Emma wants Jane. Sarah helps Brian. James needs Thomas. Peter finds Eric. Laura asks Grace. Chris tells Helen. Kate fears Olivia. Mike calls Zoe. Amy thanks Lucy. Paul visits Adam. Lisa knows Ryan. John pays,6,Daniel
James wants Lucy. John thanks Robert. Emma loves Zoe. Lisa pays Jason. Laura finds Eric. Chris sees Jake. Mary follows Grace. Kevin fears Linda. Mark meets Jane. Susan needs Emily. Alex trusts Olivia. Anna visits Brian. Sarah likes Thomas. Kate helps Daniel. David asks Sophia. Paul tells Karen. Tom hates Ryan. Peter calls Andrew. Amy texts Adam. Mike knows Helen. Chris sees,6,Jake
Laura thanks Linda. Kevin loves Thomas. Mary calls Zoe. Lisa knows Grace. James follows Jake. David trusts Helen. Paul visits Brian. Mark meets Olivia. Anna likes Eric. Kate fears Jane. Alex helps Jason. Susan tells Lucy. Amy texts Ryan. Emma wants Emily. Mike hates Robert. John finds Andrew. Peter pays Daniel. Sarah sees Sophia. Chris needs Karen. Tom asks Adam. David trusts,6,Helen
Amy trusts Andrew. Anna finds Ryan. Lisa knows Linda. Susan pays Robert. John needs Helen. David thanks Zoe. Mark sees Emily. Chris meets Sophia. Peter follows Jake. Mary texts Olivia. Paul likes Adam. Emma wants Eric. Laura asks Jason. Sarah visits Lucy. Mike hates Jane. Alex tells Grace. Kate helps Thomas. Tom fears Karen. James calls Brian. Kevin loves Daniel. David thanks,6,Zoe
Lisa thanks Jake. Mary texts Helen. Mark visits Brian. Laura tells Olivia. Sarah knows Grace. Peter helps Ryan. Kevin meets Robert. Paul follows Linda. Tom hates Karen. Mike finds Eric. Anna asks Sophia. Amy needs Daniel. Susan calls Jane. John pays Lucy. Emma loves Thomas. Chris trusts Emily. David sees Zoe. James fears Andrew. Alex wants Jason. Kate likes Adam. Peter helps,6,Ryan
John trusts Brian. Susan asks Andrew. Paul likes Jason. Emma hates Sophia. Tom visits Grace. Chris follows Emily. Kevin sees Robert. Sarah texts Lucy. Mark meets Karen. Kate knows Linda. Amy thanks Helen. Peter loves Adam. Alex fears Thomas. James pays Jake. Laura needs Jane. Lisa finds Daniel. Anna tells Olivia. Mike helps Ryan. David calls Eric. Mary wants Zoe. Chris follows,6,Emily
Mike knows Lucy. Laura texts Thomas. Chris pays Adam. Sarah sees Daniel. Mary follows Robert. Kevin tells Jason. Peter calls Zoe. John hates Eric. Emma loves Jake. Paul trusts Helen. David visits Ryan. Mark helps Linda. Susan fears Brian. James meets Andrew. Alex finds Olivia. Tom wants Emily. Amy needs Grace. Kate thanks Karen. Anna likes Sophia. Lisa asks Jane. Kevin tells,6,Jason
Mark asks Thomas. Peter helps Karen. Laura calls Lucy. Alex visits Linda. David knows Daniel. Susan wants Jake. Sarah thanks Brian. James hates Ryan. Tom texts Sophia. Mike loves Zoe. Kate sees Jason. Emma likes Robert. Amy follows Jane. Lisa needs Andrew. Mary trusts Adam. Chris finds Grace. Kevin tells Eric. John fears Emily. Anna meets Olivia. Paul pays Helen. Susan wants,6,Jake
James asks Brian. Amy likes Daniel. Sarah wants Jason. Tom tells Thomas. Mark knows Linda. John finds Eric. Anna sees Jane. Peter helps Robert. Kevin thanks Adam. Kate hates Sophia. Mike calls Helen. Susan texts Olivia. David meets Andrew. Laura pays Zoe. Lisa visits Karen. Mary needs Grace. Paul follows Lucy. Emma trusts Jake. Alex fears Ryan. Chris loves Emily. John finds,6,Eric
Susan knows Linda. Lisa tells Karen. John meets Jason. Anna thanks Daniel. Peter wants Adam. Mark trusts Robert. Laura helps Andrew. Kevin pays Helen. Alex asks Eric. James needs Ryan. Emma likes Grace. Kate finds Jane. Sarah texts Lucy. Tom fears Emily. Paul visits Zoe. Amy follows Sophia. Mary hates Thomas. Mike calls Olivia. David loves Jake. Chris sees Brian. Mark trusts,6,Robert
Chris knows Brian. Anna asks Karen. Alex tells Jason. Lisa trusts Lucy. Paul likes Ryan. Mark thanks Grace. Kevin hates Thomas. Susan visits Jake. James calls Andrew. Mary helps Adam. Emma needs Eric. David finds Zoe. John texts Daniel. Mike pays Jane. Tom follows Olivia. Kate sees Sophia. Sarah loves Linda. Laura meets Emily. Peter wants Robert. Amy fears Helen. Mark thanks,6,Grace
Kevin pays Lucy. Mike loves Andrew. Mark trusts Emily. Sarah texts Thomas. Chris wants Olivia. Amy asks Jane. Emma tells Eric. Mary likes Jason. Anna fears Linda. John hates Jake. Susan thanks Ryan. Laura finds Brian. James helps Robert. Tom visits Zoe. David calls Daniel. Paul follows Adam. Alex sees Helen. Kate knows Grace. Peter meets Sophia. Lisa needs Karen. Amy asks,6,Jane
Chris hates Grace. Emma loves Zoe. Kate finds Lucy. Alex pays Adam. Mike fears Sophia. Peter asks Emily. Tom sees Jake. James needs Ryan. Paul meets Eric. Mary likes Karen. Susan texts Linda. Mark visits Brian. Laura calls Helen. John tells Olivia. David helps Jason. Amy follows Robert. Sarah knows Daniel. Kevin wants Jane. Lisa trusts Andrew. Anna thanks Thomas. Peter asks,6,Emily
John tells Lucy. Anna trusts Sophia. Alex calls Daniel. James fears Andrew. Chris wants Robert. Lisa pays Linda. Kate thanks Emily. Mark loves Thomas. Mike likes Adam. Mary hates Helen. Tom meets Olivia. Peter asks Zoe. Kevin finds Jane. Paul visits Jason. Amy follows Grace. Emma texts Jake. Sarah knows Eric. Susan sees Karen. Laura needs Ryan. David helps Brian. Kate thanks,7,Emily
David texts Karen. Peter knows Brian. Sarah helps Ryan. Susan asks Jane. Alex wants Jason. John visits Emily. Paul tells Linda. Kevin finds Jake. Laura calls Olivia. Kate thanks Lucy. Chris hates Thomas. Mark fears Robert. Emma follows Zoe. Anna needs Helen. Tom loves Eric. Amy pays Daniel. Mary sees Sophia. Mike likes Andrew. Lisa trusts Adam. James meets Grace. Paul tells,7,Linda
Tom finds Jason. John needs Andrew. Sarah follows Olivia. Susan thanks Sophia. Amy helps Adam. Mike meets Eric. Lisa sees Karen. Peter calls Ryan. Kate visits Daniel. Paul knows Helen. Anna loves Brian. Kevin texts Jake. Mary tells Emily. Mark wants Robert. James pays Thomas. David hates Jane. Emma fears Grace. Chris likes Lucy. Alex trusts Linda. Laura asks Zoe. Lisa sees,7,Karen
Kate visits Jake. Alex meets Adam. Laura hates Jason. Susan texts Thomas. Amy sees Daniel. Anna fears Linda. Peter wants Lucy. John likes Karen. Lisa thanks Brian. Kevin tells Andrew. Mary knows Jane. Mark pays Robert. Mike finds Emily. Emma loves Helen. Tom asks Ryan. James helps Grace. David needs Sophia. Paul follows Olivia. Chris calls Eric. Sarah trusts Zoe. Peter wants,7,Lucy
Lisa pays Grace. John likes Lucy. James calls Olivia. Kate thanks Brian. Mike knows Emily. Emma texts Thomas. Susan follows Jane. Kevin wants Daniel. David sees Adam. Mark tells Zoe. Chris asks Jason. Laura hates Eric. Amy loves Jake. Tom needs Robert. Paul meets Andrew. Sarah helps Linda. Anna visits Karen. Alex fears Helen. Peter finds Ryan. Mary trusts Sophia. Susan follows,7,Jane
Emma calls Sophia. James thanks Jane. Susan meets Emily. Mark asks Adam. Paul loves Ryan. John sees Zoe. David needs Grace. Alex fears Jake. Lisa finds Linda. Mike pays Lucy. Peter wants Helen. Tom visits Thomas. Chris texts Karen. Amy knows Eric. Sarah helps Brian. Kevin follows Robert. Mary tells Jason. Laura hates Andrew. Kate trusts Daniel. Anna likes Olivia. David needs,7,Grace
Chris visits Zoe. Emma calls Helen. Paul likes Brian. Tom follows Jane. Mary knows Thomas. Lisa trusts Karen. Laura pays Olivia. Peter asks Linda. John sees Adam. David helps Andrew. Sarah needs Sophia. Alex texts Ryan. Mike fears Daniel. Mark tells Jake. Anna meets Lucy. Amy finds Grace. James hates Robert. Kate thanks Jason. Kevin loves Eric. Susan wants Emily. Laura pays,7,Olivia
Paul fears Jane. Mary sees Ryan. Amy finds Adam. Anna texts Andrew. Sarah helps Jason. Lisa meets Brian. Tom hates Eric. David asks Olivia. Kate loves Helen. Laura calls Zoe. Susan needs Linda. John follows Sophia. Mike knows Grace. Alex trusts Jake. Peter wants Robert. James pays Karen. Emma tells Daniel. Mark visits Thomas. Chris thanks Emily. Kevin likes Lucy. Tom hates,7,Eric
Peter pays Brian. David fears Eric. Mike follows Andrew. Laura calls Grace. Sarah wants Jane. Anna tells Lucy. Emma thanks Zoe. Chris knows Thomas. Mary trusts Jason. Alex asks Linda. Lisa needs Jake. James sees Olivia. Kevin loves Ryan. Paul texts Daniel. John likes Helen. Susan helps Karen. Amy hates Robert. Tom finds Emily. Mark visits Sophia. Kate meets Adam. Emma thanks,7,Zoe
Amy visits Robert. Emma loves Jason. James knows Jake. Mary needs Eric. Peter asks Adam. Tom follows Zoe. Mark hates Olivia. Laura thanks Andrew. Lisa tells Brian. Chris trusts Daniel. Paul finds Karen. John meets Thomas. Sarah fears Grace. Susan calls Emily. David wants Ryan. Kate pays Lucy. Alex likes Sophia. Anna texts Jane. Kevin sees Linda. Mike helps Helen. Mark hates,7,Olivia
Susan follows Jason. John likes Thomas. Paul trusts Emily. Kate calls Olivia. Sarah needs Eric. Mark helps Robert. Lisa fears Brian. Laura thanks Zoe. David hates Andrew. Kevin visits Jake. Alex loves Helen. Amy texts Linda. Emma pays Grace. Mary knows Adam. James tells Ryan. Peter wants Lucy. Mike sees Daniel. Tom asks Karen. Chris meets Sophia. Anna finds Jane. Lisa fears,7,Brian
Tom needs Daniel. Sarah loves Emily. Mike likes Jason. Amy texts Lucy. Mary thanks Karen. Paul calls Robert. Lisa asks Grace. Alex finds Eric. David meets Helen. Kate tells Brian. Anna follows Zoe. Chris hates Olivia. Peter knows Thomas. John visits Andrew. Mark helps Adam. James wants Ryan. Laura fears Jane. Emma pays Sophia. Susan sees Linda. Kevin trusts Jake. Lisa asks,7,Grace
Paul follows Grace. John likes Sophia. Mike texts Jake. David trusts Jane. Alex sees Jason. Laura helps Helen. Amy loves Thomas. Kevin hates Adam. Chris meets Karen. Tom finds Emily. Mark pays Daniel. Susan fears Linda. Peter thanks Zoe. Emma visits Olivia. Sarah needs Eric. Anna wants Robert. James tells Andrew. Kate knows Brian. Lisa calls Lucy. Mary asks Ryan. Amy loves,7,Thomas
Sarah follows Brian. Kate wants Emily. Mark helps Olivia. Amy thanks Andrew. James loves Zoe. John hates Eric. Mary needs Sophia. Kevin knows Daniel. Laura texts Thomas. Peter trusts Adam. Lisa calls Helen. Tom tells Robert. Mike pays Ryan. Alex meets Jake. Emma sees Grace. Paul finds Jason. Susan likes Lucy. David asks Jane. Anna visits Linda. Chris fears Karen. Mary needs,7,Sophia
Lisa needs Robert. Peter texts Zoe. Chris visits Karen. Anna fears Lucy. Mike finds Eric. Tom asks Linda. Laura wants Olivia. James calls Jane. John pays Daniel. Emma loves Grace. Sarah likes Adam. Mark sees Thomas. Paul tells Helen. Kate meets Ryan. Kevin helps Brian. Alex knows Andrew. Amy thanks Sophia. Susan follows Emily. David trusts Jake. Mary hates Jason. Laura wants,7,Olivia
David likes Andrew. Paul loves Karen. Kevin knows Adam. Amy helps Jane. James calls Eric. Emma asks Robert. Mark tells Sophia. John meets Grace. Kate texts Emily. Mike follows Zoe. Chris pays Jason. Peter visits Ryan. Lisa finds Daniel. Alex hates Jake. Sarah sees Olivia. Tom wants Helen. Susan thanks Thomas. Laura needs Linda. Mary trusts Lucy. Anna fears Brian. Mark tells,7,Sophia
Emma thanks Andrew. David finds Linda. Lisa fears Helen. Susan calls Lucy. Amy helps Emily. Kate follows Brian. Alex trusts Jake. Tom needs Eric. Peter texts Grace. Anna hates Daniel. Sarah tells Olivia. James loves Karen. Mark sees Thomas. Mary meets Zoe. John pays Jane. Chris likes Jason. Kevin asks Sophia. Paul visits Ryan. Laura wants Adam. Mike knows Robert. Alex trusts,7,Jake
Anna loves Daniel. John needs Emily. Susan visits Eric. Emma trusts Brian. Alex calls Helen. Kate meets Karen. Sarah wants Lucy. Kevin texts Linda. Mary finds Jake. Amy pays Adam. Mike helps Andrew. David knows Jane. Tom asks Ryan. Paul tells Zoe. Lisa hates Thomas. Peter sees Olivia. Laura follows Grace. Mark thanks Sophia. Chris likes Robert. James fears Jason. Sarah wants,7,Lucy
Tom fears Jane. Anna visits Linda. Mary trusts Helen. Emma likes Adam. Mike tells Eric. David thanks Sophia. Peter texts Emily. Laura loves Jake. Chris knows Olivia. Lisa calls Jason. Paul meets Grace. Alex helps Thomas. Susan hates Zoe. Sarah wants Karen. Kevin pays Lucy. Mark sees Brian. Amy finds Ryan. Kate asks Andrew. James needs Daniel. John follows Robert. Peter texts,7,Emily
Mike wants Thomas. Alex fears Jake. Anna texts Grace. Sarah calls Karen. James trusts Sophia. Susan tells Daniel. Mary pays Zoe. John follows Olivia. Kevin knows Linda. Peter loves Adam. Kate thanks Ryan. Laura finds Robert. Mark asks Lucy. Amy helps Jane. Chris visits Eric. Tom sees Jason. David likes Emily. Paul meets Andrew. Emma hates Helen. Lisa needs Brian. Mary pays,7,Zoe
Alex meets Olivia. Mike loves Thomas. Lisa asks Robert. Tom calls Helen. David texts Grace. Paul fears Lucy. John visits Daniel. Sarah needs Linda. Susan hates Brian. Chris knows Zoe. Kate trusts Karen. Emma follows Jason. James finds Jake. Mark helps Eric. Kevin thanks Emily. Peter pays Ryan. Anna sees Andrew. Laura tells Jane. Mary likes Adam. Amy wants Sophia. Sarah needs,8,Linda
Lisa knows Lucy. Kate tells Jason. Amy helps Sophia. Kevin asks Daniel. Mike calls Robert. Anna trusts Olivia. Paul visits Eric. Chris texts Ryan. Laura sees Thomas. Susan pays Jane. Emma thanks Adam. Peter wants Emily. Mary finds Zoe. Mark needs Karen. James follows Brian. Sarah loves Andrew. Alex fears Helen. John likes Linda. David hates Grace. Tom meets Jake. Chris texts,8,Ryan
Emma follows Karen. Kate needs Olivia. David asks Helen. Anna helps Sophia. Laura tells Thomas. James visits Zoe. Susan finds Jake. Peter likes Adam. Lisa thanks Linda. Mary pays Jason. John knows Grace. Tom fears Robert. Alex trusts Andrew. Sarah meets Lucy. Amy hates Eric. Kevin wants Brian. Mike calls Ryan. Paul sees Daniel. Mark texts Emily. Chris loves Jane. Peter likes,8,Adam
Alex pays Adam. Mary wants Jake. John meets Linda. Anna sees Daniel. Mark likes Sophia. Emma fears Karen. Peter thanks Olivia. Laura calls Ryan. Paul tells Zoe. Chris helps Jason. Sarah finds Andrew. Amy texts Thomas. James asks Helen. Susan knows Robert. Tom trusts Emily. Mike loves Brian. Kevin visits Eric. David needs Grace. Lisa follows Lucy. Kate hates Jane. Laura calls,8,Ryan
Amy knows Zoe. Emma trusts Lucy. Mark sees Karen. Mike needs Ryan. Peter fears Adam. John asks Jake. Susan loves Emily. David finds Linda. Mary calls Jane. Anna thanks Eric. Kate follows Andrew. Chris pays Thomas. Sarah wants Grace. Paul helps Daniel. Tom visits Jason. Kevin texts Olivia. Alex meets Robert. Laura likes Sophia. Lisa tells Helen. James hates Brian. David finds,8,Linda
Kevin calls Eric. Sarah helps Zoe. Paul hates Emily. Alex sees Daniel. Peter needs Ryan. Mary loves Brian. Kate visits Andrew. Anna fears Thomas. Mike pays Helen. Susan knows Jason. John wants Grace. Mark meets Robert. Laura thanks Linda. Amy asks Olivia. Emma texts Karen. Lisa finds Jane. Chris follows Jake. David tells Lucy. Tom trusts Sophia. James likes Adam. Anna fears,8,Thomas
Chris loves Linda. Anna knows Eric. Kevin meets Jason. Laura wants Olivia. Paul pays Andrew. Tom asks Adam. Alex sees Thomas. Amy follows Robert. James trusts Helen. Susan thanks Grace. Emma texts Emily. David tells Jake. Kate finds Sophia. Mary calls Zoe. Mark hates Brian. Mike fears Lucy. Lisa likes Ryan. Peter needs Daniel. Sarah visits Jane. John helps Karen. Amy follows,8,Robert
Mike likes Adam. John sees Jason. David knows Robert. Mark wants Linda. James thanks Olivia. Alex finds Sophia. Susan trusts Brian. Paul asks Andrew. Chris needs Ryan. Peter visits Zoe. Anna fears Karen. Emma follows Daniel. Amy helps Helen. Kate tells Lucy. Laura calls Jake. Kevin hates Jane. Mary meets Emily. Tom loves Grace. Sarah pays Eric. Lisa texts Thomas. Paul asks,8,Andrew
Emma wants Helen. Anna follows Adam. Mark sees Zoe. Laura fears Linda. Chris thanks Daniel. Mike asks Karen. Tom likes Sophia. Lisa loves Ryan. David meets Eric. Mary pays Jake. Kate visits Lucy. Susan finds Jason. Paul calls Brian. Kevin trusts Andrew. John texts Thomas. James knows Robert. Peter tells Grace. Sarah needs Emily. Amy hates Jane. Alex helps Olivia. Lisa loves,8,Ryan
Paul texts Brian. Susan fears Jason. James wants Jane. Kate meets Olivia. Emma trusts Daniel. John tells Karen. Amy knows Eric. Mike needs Thomas. Chris visits Jake. Mary loves Ryan. Lisa pays Lucy. Alex hates Zoe. Kevin thanks Robert. Tom finds Adam. David likes Sophia. Laura sees Grace. Peter follows Helen. Anna calls Emily. Mark helps Andrew. Sarah asks Linda. Mike needs,8,Thomas
Laura pays Adam. Mark tells Sophia. Anna calls Jane. Chris thanks Ryan. Amy follows Karen. Sarah meets Olivia. John finds Grace. Mike visits Daniel. Lisa helps Jake. Alex needs Thomas. Tom hates Linda. David asks Eric. Susan fears Zoe. Kate texts Helen. Paul knows Emily. Peter sees Brian. Emma trusts Lucy. James likes Jason. Mary loves Robert. Kevin wants Andrew. Mike visits,8,Daniel
James wants Jake. Susan trusts Karen. Peter asks Adam. Paul follows Lucy. Anna hates Robert. Tom calls Emily. Chris tells Jason. David texts Sophia. Kevin knows Helen. John likes Eric. Amy fears Ryan. Mary helps Zoe. Lisa thanks Andrew. Sarah visits Daniel. Alex loves Linda. Kate sees Jane. Laura finds Thomas. Emma needs Grace. Mark meets Olivia. Mike pays Brian. David texts,8,Sophia
Chris needs Andrew. Laura calls Jason. David finds Eric. Sarah loves Linda. Anna texts Daniel. John tells Jake. Paul follows Zoe. Alex wants Helen. Mark pays Sophia. Mike likes Robert. Kate visits Adam. Lisa asks Jane. Peter hates Brian. Amy meets Olivia. Tom thanks Ryan. Kevin trusts Emily. Mary helps Lucy. James fears Thomas. Susan knows Karen. Emma sees Grace. Alex wants,8,Helen
Mike finds Sophia. Susan likes Emily. Laura asks Thomas. James trusts Robert. Kate visits Helen. Lisa calls Ryan. Kevin loves Linda. David needs Daniel. Mark tells Lucy. Anna pays Eric. John knows Jane. Alex thanks Grace. Peter fears Andrew. Mary follows Karen. Emma hates Zoe. Chris sees Jason. Amy wants Olivia. Tom meets Jake. Paul helps Brian. Sarah texts Adam. David needs,8,Daniel
Laura calls Thomas. Paul loves Zoe. Chris thanks Adam. Susan finds Jason. Emma helps Linda. Anna asks Brian. Mary needs Jake. Lisa wants Emily. Peter pays Andrew. Tom follows Lucy. James texts Jane. John trusts Helen. David sees Ryan. Kevin hates Sophia. Sarah tells Grace. Kate visits Robert. Amy fears Olivia. Mark knows Karen. Mike meets Eric. Alex likes Daniel. Lisa wants,8,Emily
Peter fears Linda. Anna pays Thomas. Amy sees Olivia. Paul follows Zoe. Kevin meets Ryan. David asks Brian. Laura trusts Jason. Susan tells Lucy. Mary texts Daniel. Chris likes Jane. Tom wants Adam. Kate visits Jake. Mike needs Karen. Alex calls Emily. Emma loves Helen. John thanks Grace. Mark knows Sophia. Lisa hates Robert. James helps Eric. Sarah finds Andrew. Susan tells,8,Lucy
Susan tells Andrew. Paul wants Zoe. Tom texts Linda. James follows Sophia. Peter asks Karen. Amy pays Eric. Kevin helps Daniel. Alex meets Adam. Kate loves Jason. Mike trusts Brian. Sarah knows Helen. Chris calls Grace. Mark sees Ryan. Lisa needs Jane. Mary fears Lucy. David thanks Emily. Anna hates Thomas. John finds Olivia. Emma visits Jake. Laura likes Robert. Alex meets,8,Adam
Amy sees Karen. Paul likes Emily. Alex visits Helen. Kate fears Sophia. Susan asks Linda. John meets Jane. David helps Grace. Chris calls Thomas. James finds Robert. Emma needs Olivia. Kevin hates Eric. Lisa thanks Brian. Anna wants Jake. Mike loves Ryan. Mark knows Zoe. Tom follows Lucy. Sarah trusts Adam. Peter tells Daniel. Laura pays Jason. Mary texts Andrew. Chris calls,8,Thomas
Kate needs Helen. John pays Daniel. Emma calls Zoe. David wants Olivia. Laura finds Eric. Mary trusts Andrew. Chris fears Ryan. Lisa knows Brian. Peter thanks Emily. Susan loves Grace. Alex visits Robert. Tom tells Thomas. Mike follows Jane. Mark helps Karen. Paul asks Linda. James texts Sophia. Anna sees Jake. Kevin meets Jason. Sarah hates Adam. Amy likes Lucy. Lisa knows,8,Brian
Kate visits Helen. Tom wants Jane. Paul helps Brian. Mike calls Andrew. Sarah likes Karen. James follows Robert. Chris thanks Jake. Anna texts Olivia. Mary fears Linda. Emma tells Eric. David sees Emily. Peter finds Sophia. Alex knows Daniel. John meets Thomas. Amy hates Ryan. Mark trusts Lucy. Susan loves Grace. Laura asks Zoe. Kevin needs Adam. Lisa pays Jason. Anna texts,8,Olivia
Peter tells Eric. Sarah fears Linda. Alex trusts Daniel. Lisa calls Olivia. Tom loves Brian. Chris likes Emily. Kevin finds Grace. John thanks Jane. Mark follows Thomas. Paul wants Robert. Kate pays Karen. James texts Lucy. Emma sees Zoe. Laura meets Jason. Mike hates Helen. Susan visits Adam. David needs Jake. Anna helps Sophia. Mary asks Ryan. Amy knows Andrew. Mark follows,9,Thomas
Laura wants Jane. Alex likes Sophia. Mike fears Linda. Chris knows Robert. Amy finds Daniel. Paul hates Karen. Emma texts Jason. John needs Grace. Anna asks Brian. Tom visits Lucy. Mary sees Ryan. David tells Eric. Kate pays Zoe. Lisa meets Andrew. Peter calls Emily. Kevin helps Adam. Susan thanks Helen. Mark follows Jake. Sarah loves Olivia. James trusts Thomas. Anna asks,9,Brian
Tom sees Robert. Susan fears Helen. David finds Andrew. Emma tells Jake. James visits Brian. Kate pays Karen. Mark texts Eric. Anna thanks Thomas. Peter likes Jason. Amy follows Lucy. Paul trusts Adam. Sarah calls Emily. Kevin wants Grace. Chris meets Olivia. Alex hates Jane. Lisa loves Daniel. John helps Linda. Laura knows Ryan. Mike needs Zoe. Mary asks Sophia. Peter likes,9,Jason
James wants Robert. Peter asks Emily. David loves Olivia. Mike thanks Jane. Lisa pays Thomas. Sarah trusts Jake. Mary likes Ryan. Kate visits Andrew. Susan finds Grace. Paul meets Linda. Amy helps Karen. Laura hates Adam. Alex fears Jason. Mark calls Eric. John follows Daniel. Tom sees Lucy. Anna knows Sophia. Chris tells Zoe. Emma texts Helen. Kevin needs Brian. Susan finds,9,Grace
Tom pays Jane. Amy knows Grace. Chris sees Daniel. David finds Eric. Laura likes Linda. Emma fears Brian. Paul needs Thomas. Alex tells Zoe. Mike thanks Adam. Sarah hates Emily. Mary wants Sophia. Kevin visits Jake. John asks Robert. Mark loves Olivia. Susan trusts Helen. Kate calls Ryan. Peter meets Jason. Lisa texts Karen. Anna helps Lucy. James follows Andrew. Mike thanks,9,Adam
Sarah knows Zoe. Mary visits Adam. Alex thanks Olivia. Mike follows Helen. Peter calls Daniel. Kate needs Grace. Lisa texts Jason. James sees Andrew. Emma hates Ryan. John fears Jane. Mark loves Eric. Susan tells Sophia. Chris helps Karen. Laura meets Emily. David trusts Brian. Paul wants Jake. Tom finds Robert. Amy asks Lucy. Kevin likes Thomas. Anna pays Linda. Emma hates,9,Ryan
Sarah thanks Thomas. Mike hates Jason. Susan trusts Jake. Emma pays Helen. Anna helps Zoe. Kate likes Linda. Laura visits Eric. Kevin follows Robert. Amy knows Andrew. Mary texts Brian. John fears Lucy. Mark calls Olivia. David meets Adam. James sees Ryan. Chris asks Daniel. Alex wants Sophia. Lisa finds Grace. Paul tells Karen. Tom loves Emily. Peter needs Jane. Amy knows,9,Andrew
John wants Brian. Mary follows Jake. Mark needs Grace. Amy helps Helen. Alex visits Jason. Mike fears Daniel. Emma tells Olivia. Susan sees Robert. Sarah thanks Sophia. Laura likes Lucy. Anna calls Jane. Paul meets Linda. Kevin hates Ryan. David pays Emily. Kate asks Adam. Lisa knows Thomas. Peter trusts Andrew. Tom loves Karen. Chris finds Zoe. James texts Eric. Sarah thanks,9,Sophia
John asks Grace. Mark hates Robert. Alex follows Andrew. Anna needs Daniel. Sarah thanks Brian. Laura tells Helen. Kevin pays Eric. James helps Sophia. Amy likes Olivia. Chris fears Emily. Mary calls Linda. Mike sees Adam. Tom finds Ryan. David texts Thomas. Paul knows Lucy. Kate trusts Jane. Peter visits Karen. Susan meets Jason. Lisa wants Jake. Emma loves Zoe. Amy likes,9,Olivia
Tom calls Robert. Sarah wants Lucy. Laura thanks Grace. Emma needs Jane. Mike loves Zoe. Kevin sees Helen. David hates Olivia. Peter finds Daniel. James pays Jason. John texts Andrew. Susan meets Sophia. Amy trusts Linda. Lisa likes Adam. Mark tells Thomas. Kate asks Karen. Alex knows Emily. Chris follows Jake. Paul visits Brian. Mary fears Eric. Anna helps Ryan. James pays,9,Jason
Mary pays Zoe. Chris visits Daniel. Anna loves Robert. David meets Ryan. Emma calls Thomas. Mark knows Karen. Paul needs Jane. Sarah wants Sophia. Tom thanks Eric. Susan helps Linda. Amy follows Helen. Alex hates Lucy. John trusts Jason. Kevin texts Adam. James asks Jake. Peter fears Emily. Lisa finds Olivia. Laura tells Grace. Kate sees Andrew. Mike likes Brian. Tom thanks,9,Eric
Amy meets Linda. Sarah needs Jason. Kevin knows Daniel. Laura thanks Jane. Chris visits Emily. Lisa sees Helen. Tom follows Adam. Emma pays Jake. Susan helps Lucy. Kate trusts Olivia. Peter calls Grace. David texts Ryan. Paul finds Andrew. Alex likes Brian. Mark hates Sophia. John wants Thomas. Mike tells Eric. Anna loves Zoe. Mary asks Robert. James fears Karen. Susan helps,9,Lucy
Susan finds Jason. Tom knows Lucy. Chris hates Brian. Kevin meets Emily. David calls Daniel. Emma fears Andrew. Kate visits Robert. Anna trusts Olivia. Mike asks Jake. Peter likes Karen. James texts Sophia. Lisa tells Thomas. Alex wants Eric. Laura helps Zoe. John follows Adam. Paul needs Linda. Mary loves Helen. Amy sees Grace. Sarah thanks Ryan. Mark pays Jane. Mike asks,9,Jake
James sees Jane. Susan helps Karen. John tells Sophia. Sarah fears Jake. Mary calls Eric. Mark wants Adam. Anna knows Helen. Emma thanks Jason. Tom loves Thomas. David meets Robert. Chris asks Grace. Amy visits Emily. Alex trusts Linda. Mike follows Ryan. Lisa likes Andrew. Kevin finds Daniel. Paul pays Lucy. Peter hates Brian. Laura needs Olivia. Kate texts Zoe. Tom loves,9,Thomas
Emma loves Jane. Laura tells Thomas. John follows Adam. Anna calls Grace. Amy knows Linda. Alex meets Ryan. Paul finds Karen. Lisa needs Andrew. David fears Robert. Mark visits Jake. Sarah likes Daniel. James helps Eric. Kate sees Lucy. Kevin hates Emily. Peter thanks Zoe. Mike wants Sophia. Susan asks Jason. Chris pays Helen. Tom trusts Brian. Mary texts Olivia. David fears,9,Robert
Amy trusts Thomas. Kate wants Adam. Alex fears Jake. Emma calls Grace. Anna tells Helen. Laura texts Robert. Sarah loves Daniel. Mark likes Linda. Tom hates Zoe. Kevin helps Sophia. Chris sees Ryan. Lisa thanks Lucy. Susan needs Emily. Peter finds Olivia. Mary asks Andrew. James meets Eric. John knows Jason. Mike pays Brian. David visits Jane. Paul follows Karen. Tom hates,9,Zoe
Kate calls Robert. John loves Adam. Alex visits Linda. Mary texts Thomas. Emma needs Grace. Amy pays Brian. Kevin hates Sophia. Chris asks Lucy. Mark follows Zoe. Tom helps Ryan. Mike tells Helen. Lisa fears Olivia. James finds Jason. Paul sees Eric. Anna knows Andrew. Peter trusts Daniel. Sarah thanks Karen. Laura wants Jane. David meets Emily. Susan likes Jake. Mark follows,9,Zoe
Sarah finds Karen. Susan knows Helen. Lisa meets Daniel. Peter fears Olivia. Mary wants Zoe. Paul sees Eric. Amy thanks Lucy. David calls Emily. Laura tells Robert. Mike visits Jane. John texts Jason. Anna helps Grace. Chris asks Andrew. Alex loves Sophia. Kate follows Adam. Tom likes Ryan. James trusts Linda. Kevin hates Brian. Mark needs Thomas. Emma pays Jake. Laura tells,9,Robert
Alex wants Andrew. Paul meets Helen. Kevin tells Zoe. Anna loves Ryan. John fears Jake. Lisa needs Daniel. James follows Eric. David hates Karen. Mary likes Olivia. Kate knows Lucy. Mike trusts Thomas. Tom sees Brian. Emma finds Sophia. Chris visits Jason. Laura thanks Jane. Amy asks Adam. Peter helps Grace. Susan calls Emily. Mark pays Robert. Sarah texts Linda. Mary likes,9,Olivia
Susan texts Ryan. Kate sees Eric. Peter asks Jason. Alex fears Lucy. Mary wants Grace. Tom follows Linda. Sarah finds Andrew. Anna pays Jane. John loves Zoe. Chris likes Helen. Paul trusts Emily. Mike visits Adam. Mark meets Robert. James hates Jake. Lisa helps Brian. Kevin needs Karen. Emma thanks Olivia. Amy calls Sophia. David knows Thomas. Laura tells Daniel. John loves,9,Zoe
Lisa asks Robert. Sarah visits Helen. Peter helps Andrew. Susan tells Zoe. John sees Daniel. Mike pays Linda. Kevin hates Eric. Tom calls Thomas. Chris follows Jason. Laura knows Adam. Amy finds Olivia. Emma fears Jane. Kate loves Lucy. Mary needs Karen. Alex thanks Jake. Anna likes Grace. James texts Emily. David meets Brian. Mark trusts Sophia. Paul wants Ryan. Laura knows,10,Adam
Alex texts Lucy. Laura wants Zoe. Tom meets Jason. Sarah tells Robert. Mary follows Linda. Kate fears Eric. Amy helps Brian. Paul sees Jane. Susan visits Daniel. Peter needs Grace. Mike thanks Thomas. Lisa trusts Karen. James calls Emily. Emma likes Andrew. John hates Ryan. David finds Jake. Kevin loves Adam. Anna asks Helen. Mark pays Sophia. Chris knows Olivia. Peter needs,10,Grace
Amy likes Daniel. Lisa follows Ryan. Mike texts Karen. Mark visits Thomas. Peter knows Eric. Sarah fears Brian. Chris asks Helen. Anna hates Sophia. Susan pays Zoe. John wants Linda. Alex helps Adam. Tom thanks Emily. Paul meets Andrew. Kevin loves Grace. David trusts Lucy. Laura needs Jane. Kate finds Jake. Emma calls Olivia. James sees Jason. Mary tells Robert. John wants,10,Linda
Lisa needs Ryan. Emma pays Andrew. Mary thanks Jason. David hates Helen. Kate sees Linda. Peter loves Lucy. Laura asks Adam. Anna knows Karen. John finds Sophia. James meets Robert. Susan visits Jake. Chris wants Zoe. Amy texts Jane. Tom calls Eric. Kevin follows Thomas. Paul helps Daniel. Sarah trusts Grace. Mike likes Brian. Alex tells Olivia. Mark fears Emily. James meets,10,Robert
Paul needs Sophia. Mike meets Karen. Lisa calls Zoe. Susan knows Thomas. Tom trusts Daniel. Sarah wants Jake. Chris likes Jason. Peter helps Andrew. Amy hates Helen. John fears Robert. James thanks Ryan. Kevin asks Emily. Mark visits Adam. Kate sees Jane. Mary pays Brian. Laura follows Linda. Alex tells Eric. Anna loves Lucy. Emma texts Grace. David finds Olivia. John fears,10,Robert
Mary helps Thomas. Peter wants Karen. Sarah thanks Andrew. Laura likes Olivia. John loves Jane. Alex calls Jake. Amy pays Lucy. Chris needs Jason. Mike meets Robert. Paul sees Adam. Kate visits Brian. Susan hates Zoe. Anna trusts Emily. Tom fears Eric. Mark finds Ryan. Emma asks Sophia. Kevin tells Helen. David knows Daniel. James follows Grace. Lisa texts Linda. Paul sees,10,Adam
Paul fears Jason. James finds Karen. Peter pays Andrew. Susan hates Linda. Mary visits Jane. Emma calls Brian. Sarah likes Ryan. Laura trusts Eric. Amy tells Jake. Kate meets Robert. John loves Lucy. Mike wants Sophia. Lisa helps Zoe. Anna sees Grace. Kevin asks Adam. David knows Thomas. Alex needs Emily. Mark follows Olivia. Tom texts Daniel. Chris thanks Helen. Kate meets,10,Robert
Mary trusts Zoe. Mike tells Robert. John finds Eric. Kate wants Emily. Lisa sees Linda. James calls Jake. Susan pays Daniel. Mark helps Thomas. Sarah likes Ryan. Paul needs Andrew. Kevin loves Grace. Amy fears Olivia. David texts Helen. Anna asks Brian. Tom visits Jane. Peter knows Lucy. Chris thanks Adam. Laura meets Jason. Alex hates Sophia. Emma follows Karen. Paul needs,10,Andrew
Susan sees Zoe. David hates Emily. Mike helps Helen. Paul loves Eric. James asks Olivia. Amy tells Adam. Sarah needs Karen. Alex follows Andrew. Peter texts Ryan. Laura trusts Jane. Kevin pays Lucy. John fears Jason. Mary calls Linda. Mark knows Sophia. Tom finds Thomas. Kate thanks Daniel. Anna visits Jake. Lisa wants Robert. Emma likes Grace. Chris meets Brian. Laura trusts,10,Jane
Alex tells Jason. Tom calls Andrew. David sees Robert. Sarah finds Sophia. Mary likes Jane. Kate pays Lucy. Laura needs Ryan. Mark hates Linda. John asks Thomas. Lisa loves Daniel. Kevin visits Zoe. Anna texts Grace. Peter fears Helen. Amy wants Emily. Mike meets Brian. Chris follows Olivia. Susan knows Karen. Emma helps Adam. Paul thanks Jake. James trusts Eric. Lisa loves,10,Daniel
Paul needs Eric. Mike knows Brian. Tom texts Helen. Mary loves Ryan. Emma fears Jane. Anna asks Karen. David sees Linda. Kevin thanks Jake. James likes Lucy. John finds Robert. Alex follows Thomas. Chris helps Emily. Laura trusts Jason. Kate meets Adam. Sarah tells Andrew. Mark pays Sophia. Lisa calls Daniel. Susan visits Zoe. Amy hates Grace. Peter wants Olivia. John finds,10,Robert
Peter tells Jason. Kate hates Brian. Sarah follows Thomas. Emma trusts Lucy. Susan needs Linda. Kevin thanks Jake. Anna meets Sophia. James wants Ryan. Mark asks Andrew. Paul helps Zoe. Mike calls Olivia. John likes Helen. Chris visits Emily. Alex loves Jane. Lisa texts Robert. Mary knows Karen. Tom fears Eric. Laura sees Grace. Amy pays Daniel. David finds Adam. Paul helps,10,Zoe
Kevin likes Lucy. James knows Brian. Kate wants Jane. Lisa meets Eric. Mark finds Zoe. Alex visits Ryan. Anna hates Adam. Mike calls Jake. Mary follows Emily. John loves Sophia. Peter needs Karen. Sarah texts Robert. Emma pays Linda. Susan tells Andrew. Paul fears Grace. David thanks Thomas. Amy trusts Olivia. Laura sees Daniel. Chris asks Helen. Tom helps Jason. John loves,10,Sophia
Laura likes Andrew. Sarah visits Zoe. Susan loves Grace. Anna hates Jason. Tom meets Emily. Kate helps Olivia. James pays Jake. Mike follows Thomas. Amy needs Adam. Chris thanks Robert. John asks Jane. David trusts Brian. Paul knows Eric. Mark sees Helen. Peter wants Karen. Emma texts Linda. Lisa tells Daniel. Kevin calls Ryan. Mary fears Sophia. Alex finds Lucy. Chris thanks,10,Robert
Kate needs Karen. James sees Emily. Amy hates Olivia. David fears Brian. Tom likes Sophia. Mike tells Eric. Chris visits Thomas. Peter trusts Daniel. Mary helps Jane. Susan texts Linda. Lisa finds Lucy. John wants Grace. Emma thanks Jake. Mark knows Helen. Sarah follows Adam. Alex meets Ryan. Kevin pays Robert. Paul loves Jason. Anna asks Zoe. Laura calls Andrew. Susan texts,10,Linda
Chris trusts Jake. Mark needs Brian. John helps Eric. Laura thanks Jane. Mary visits Olivia. Kate fears Andrew. Amy hates Linda. Susan sees Ryan. Lisa loves Adam. Anna wants Robert. Kevin texts Emily. Tom meets Helen. Sarah calls Grace. Paul asks Daniel. James follows Thomas. Mike likes Jason. Alex knows Lucy. David tells Zoe. Emma finds Sophia. Peter pays Karen. Anna wants,10,Robert
Mark finds Eric. Chris hates Jason. Sarah likes Grace. James loves Karen. Susan tells Ryan. Mary wants Brian. Lisa visits Andrew. Alex follows Jake. Laura texts Zoe. John pays Emily. Kate trusts Jane. Emma fears Linda. Anna thanks Adam. Amy needs Lucy. Peter meets Daniel. David sees Sophia. Paul knows Thomas. Mike asks Robert. Kevin helps Olivia. Tom calls Helen. John pays,10,Emily
Paul loves Brian. Laura texts Robert. Peter likes Olivia. Susan needs Jason. Lisa thanks Jane. Mike asks Jake. Kate trusts Helen. Anna hates Linda. Mary knows Grace. Kevin finds Andrew. Mark meets Karen. David helps Ryan. John fears Sophia. Tom visits Emily. Alex follows Thomas. Sarah pays Zoe. James calls Daniel. Chris sees Lucy. Emma wants Adam. Amy tells Eric. Kevin finds,10,Andrew
Mark sees Thomas. Peter likes Sophia. Paul calls Emily. Lisa meets Jake. Susan tells Daniel. Kate hates Olivia. James wants Grace. Sarah thanks Karen. Alex pays Linda. Chris loves Brian. Emma fears Ryan. Kevin finds Eric. Mary asks Zoe. David follows Jane. Tom texts Jason. Mike needs Robert. Amy knows Adam. Anna trusts Lucy. Laura visits Helen. John helps Andrew. Chris loves,10,Brian
Mike sees Olivia. Lisa asks Karen. Sarah texts Emily. John tells Sophia. Mark knows Robert. Susan helps Andrew. Alex wants Helen. David pays Linda. Tom meets Jake. Peter finds Zoe. Paul follows Lucy. Kate trusts Thomas. Kevin thanks Grace. Anna fears Jane. Laura calls Adam. Emma hates Eric. James loves Brian. Amy likes Ryan. Mary visits Daniel. Chris needs Jason. Peter finds,10,Zoe
Kevin visits Grace. Chris loves Emily. Mary needs Sophia. Kate knows Jane. Alex tells Zoe. James wants Jason. Tom trusts Andrew. Anna sees Eric. Paul fears Olivia. Amy finds Robert. Emma asks Linda. Susan texts Jake. Laura follows Helen. Lisa pays Ryan. David thanks Karen. Sarah likes Daniel. Peter hates Lucy. Mark meets Brian. Mike calls Thomas. John helps Adam. Emma asks,11,Linda
Susan meets Thomas. Sarah tells Sophia. Lisa texts Lucy. Kevin hates Olivia. David fears Karen. Alex needs Adam. John visits Jake. Paul asks Jane. Peter helps Eric. Mark sees Ryan. Chris finds Jason. Emma likes Grace. Anna thanks Brian. Tom loves Helen. Kate wants Robert. Mary calls Emily. Mike trusts Linda. James pays Andrew. Laura follows Zoe. Amy knows Daniel. Chris finds,11,Jason
Mark hates Grace. Anna knows Helen. Chris calls Eric. Susan tells Brian. Tom fears Ryan. Mike meets Zoe. Amy thanks Olivia. Kevin follows Andrew. Mary pays Linda. Kate wants Jake. Paul texts Sophia. Emma helps Adam. James loves Jane. Sarah asks Lucy. John trusts Emily. Peter likes Robert. Laura visits Karen. David needs Thomas. Lisa sees Daniel. Alex finds Jason. Paul texts,11,Sophia
Emma wants Eric. Tom hates Andrew. Anna fears Olivia. Kevin texts Brian. Mary follows Robert. Chris finds Grace. Alex tells Zoe. Lisa calls Linda. Mark knows Jason. Kate sees Emily. Paul loves Helen. Peter thanks Karen. John pays Adam. Laura visits Ryan. Susan meets Sophia. James helps Daniel. Mike needs Jake. David asks Jane. Sarah trusts Lucy. Amy likes Thomas. Paul loves,11,Helen
Laura hates Linda. Anna fears Daniel. Chris finds Olivia. Kate sees Andrew. Mike meets Sophia. James helps Robert. Emma asks Thomas. John texts Eric. Mark tells Lucy. Lisa needs Adam. Peter trusts Ryan. Sarah loves Jason. Alex likes Brian. Mary follows Zoe. Paul knows Emily. Tom calls Grace. Susan thanks Jane. Kevin wants Helen. David pays Jake. Amy visits Karen. Peter trusts,11,Ryan
Mike asks Olivia. Laura loves Karen. Mary helps Brian. Lisa texts Helen. Kevin knows Ryan. Tom sees Daniel. John meets Emily. Paul fears Jane. David tells Linda. Mark thanks Sophia. Chris calls Grace. Sarah pays Jason. Anna needs Andrew. Kate likes Zoe. Emma trusts Lucy. Amy wants Thomas. Susan follows Adam. Peter hates Jake. Alex visits Eric. James finds Robert. Chris calls,11,Grace
Kate hates Brian. Sarah loves Jane. Emma texts Grace. Amy tells Eric. Chris visits Zoe. David thanks Emily. Mike sees Andrew. John trusts Lucy. Peter asks Adam. Tom knows Sophia. Paul pays Helen. Anna finds Karen. Laura follows Ryan. Mary fears Robert. Susan wants Linda. Mark calls Daniel. Kevin needs Olivia. Alex likes Jake. Lisa meets Thomas. James helps Jason. Paul pays,11,Helen
James hates Linda. Peter wants Jake. Susan thanks Daniel. David trusts Robert. Tom helps Thomas. Laura knows Zoe. Lisa calls Brian. Amy likes Grace. Mark loves Lucy. Alex meets Jane. Kevin visits Karen. Emma finds Emily. Mary pays Sophia. Anna tells Olivia. Sarah texts Andrew. John asks Ryan. Chris sees Eric. Paul follows Helen. Kate needs Adam. Mike fears Jason. Kevin visits,11,Karen
Tom likes Lucy. Amy finds Jane. Mark knows Zoe. Kate asks Daniel. Sarah thanks Emily. Alex meets Robert. Anna fears Helen. Emma pays Jake. John tells Ryan. Peter helps Thomas. Paul follows Andrew. Chris wants Jason. Susan loves Grace. Mike trusts Sophia. Lisa sees Linda. Kevin needs Eric. Laura texts Brian. David calls Adam. James visits Karen. Mary hates Olivia. Paul follows,11,Andrew
John pays Emily. Kate hates Thomas. Amy visits Jake. Lisa follows Adam. Alex likes Ryan. Mike sees Grace. Chris calls Andrew. Anna wants Linda. Mark tells Helen. Sarah finds Robert. Mary fears Jane. Kevin texts Zoe. Laura loves Sophia. Susan meets Olivia. Paul thanks Brian. David helps Lucy. Peter trusts Karen. Tom asks Jason. James needs Daniel. Emma knows Eric. Mary fears,11,Jane
Anna visits Daniel. Mary asks Ryan. Kevin pays Helen. John hates Grace. Peter loves Sophia. James texts Lucy. Susan calls Brian. Amy sees Eric. Laura knows Jane. Chris fears Adam. Sarah wants Emily. Mike finds Karen. Paul helps Olivia. David trusts Thomas. Alex tells Jason. Tom follows Andrew. Lisa thanks Linda. Emma meets Zoe. Mark needs Jake. Kate likes Robert. Sarah wants,11,Emily
David thanks Zoe. Anna hates Karen. James likes Helen. John finds Adam. Chris needs Thomas. Kate texts Eric. Alex visits Emily. Mary sees Grace. Laura tells Brian. Kevin asks Linda. Tom follows Olivia. Amy fears Jake. Mike loves Ryan. Peter wants Sophia. Paul meets Robert. Sarah trusts Jason. Emma knows Andrew. Lisa pays Daniel. Mark calls Jane. Susan helps Lucy. Tom follows,11,Olivia
Mark trusts Emily. Kate loves Olivia. Peter texts Jane. James likes Jake. Lisa visits Jason. Susan tells Karen. Mary follows Robert. Kevin calls Zoe. Chris needs Linda. Sarah asks Thomas. Mike fears Eric. Emma thanks Sophia. Alex meets Helen. Tom pays Daniel. David helps Andrew. John sees Brian. Amy hates Grace. Laura finds Adam. Paul wants Lucy. Anna knows Ryan. Mike fears,11,Eric
Sarah meets Adam. Lisa texts Olivia. James asks Jake. Chris tells Helen. Emma wants Ryan. Kate follows Jane. Laura needs Robert. Tom helps Emily. Mary visits Grace. Alex fears Karen. Mark hates Daniel. David loves Zoe. Anna calls Lucy. John likes Jason. Amy pays Linda. Paul finds Sophia. Peter trusts Brian. Mike sees Andrew. Susan thanks Eric. Kevin knows Thomas. Mark hates,11,Daniel
Amy texts Grace. Alex likes Andrew. Susan meets Jake. David helps Robert. Anna thanks Thomas. Paul sees Linda. Lisa loves Zoe. Mike knows Sophia. Tom fears Adam. Kate follows Olivia. James hates Ryan. Mark wants Jane. Kevin asks Karen. John trusts Emily. Laura finds Lucy. Emma pays Jason. Sarah visits Helen. Peter tells Daniel. Mary calls Brian. Chris needs Eric. James hates,11,Ryan
Sarah loves Lucy. Lisa visits Brian. John helps Grace. Mary tells Linda. Tom knows Thomas. Mark follows Adam. Susan asks Jake. David pays Daniel. James calls Eric. Mike hates Helen. Amy fears Zoe. Laura finds Emily. Kevin sees Ryan. Alex meets Karen. Anna thanks Robert. Emma likes Jane. Kate needs Jason. Paul wants Andrew. Peter trusts Sophia. Chris texts Olivia. Amy fears,11,Zoe
Sarah visits Zoe. Anna trusts Jane. Alex helps Emily. Kevin loves Ryan. Laura hates Brian. Mark wants Linda. David texts Jake. Mike meets Lucy. Lisa asks Andrew. Chris sees Olivia. Paul pays Robert. Mary follows Sophia. Emma finds Adam. Kate likes Eric. John calls Jason. James fears Daniel. Susan thanks Helen. Tom needs Thomas. Peter knows Grace. Amy tells Karen. Paul pays,11,Robert
Lisa tells Eric. David follows Linda. Emma calls Robert. Tom asks Karen. James trusts Jason. Kevin wants Emily. Mike sees Olivia. Kate meets Sophia. Mary visits Jake. Chris finds Adam. Mark knows Andrew. Peter helps Zoe. Paul likes Daniel. Laura pays Jane. Sarah loves Thomas. Alex needs Lucy. Anna fears Grace. Amy hates Helen. Susan thanks Ryan. John texts Brian. Mark knows,11,Andrew
David trusts Jake. Paul pays Olivia. Kevin wants Karen. James fears Grace. Susan asks Jane. Mike knows Helen. Kate tells Andrew. Chris calls Daniel. Alex finds Lucy. Anna loves Jason. Peter meets Zoe. John follows Sophia. Lisa texts Robert. Mark hates Emily. Emma sees Brian. Laura likes Thomas. Tom visits Linda. Sarah helps Adam. Mary needs Ryan. Amy thanks Eric. Peter meets,11,Zoe
Lisa fears Emily. Mark wants Ryan. Paul meets Jason. Emma likes Grace. Kate calls Helen. David helps Adam. James trusts Lucy. Alex pays Jane. Amy tells Jake. Mary sees Brian. Chris hates Robert. Sarah texts Andrew. Anna loves Sophia. Laura knows Karen. Peter follows Olivia. John asks Linda. Susan finds Daniel. Mike thanks Zoe. Kevin visits Eric. Tom needs Thomas. Chris hates,11,Robert
James sees Robert. Sarah pays Helen. Lisa loves Andrew. Mark tells Emily. Susan calls Thomas. Tom texts Sophia. John thanks Grace. Alex helps Jane. Kate needs Ryan. Laura visits Jason. Mike asks Olivia. Amy likes Brian. Mary wants Karen. Kevin follows Adam. Paul hates Jake. Anna fears Eric. Peter meets Zoe. Emma trusts Lucy. Chris finds Linda. David knows Daniel. Amy likes,12,Brian
Mike wants Jake. Sarah fears Karen. David finds Eric. Paul likes Lucy. Amy meets Zoe. Lisa tells Thomas. John asks Jason. Kevin pays Jane. Mary sees Daniel. Tom thanks Robert. Kate calls Sophia. Emma hates Brian. James trusts Linda. Anna needs Emily. Alex follows Andrew. Chris helps Helen. Mark knows Olivia. Laura visits Grace. Peter texts Ryan. Susan loves Adam. Emma hates,12,Brian
John needs Eric. Kate meets Emily. Susan finds Sophia. Alex tells Ryan. Tom texts Jane. Peter likes Daniel. Lisa thanks Karen. Paul knows Jake. Mary helps Jason. Kevin pays Brian. James sees Helen. Sarah visits Linda. Mike hates Thomas. Emma follows Robert. Mark calls Olivia. Amy trusts Adam. Chris asks Andrew. Laura loves Lucy. David fears Zoe. Anna wants Grace. Sarah visits,12,Linda
Kevin calls Sophia. Lisa needs Olivia. Alex fears Adam. Mike follows Robert. Peter thanks Zoe. Mary loves Thomas. Sarah pays Lucy. Tom sees Emily. James visits Jane. Amy likes Jake. Susan knows Brian. Mark asks Linda. Anna helps Karen. Chris texts Daniel. Emma meets Eric. Paul finds Ryan. John tells Grace. Kate trusts Helen. David hates Jason. Laura wants Andrew. Mark asks,12,Linda
Mary thanks Jane. James asks Andrew. Anna fears Adam. Laura knows Karen. Kate hates Jason. Sarah loves Ryan. Alex wants Emily. Amy trusts Lucy. Emma likes Thomas. Kevin follows Grace. John tells Robert. Chris sees Jake. Susan meets Zoe. Paul pays Daniel. David texts Eric. Tom calls Brian. Lisa finds Sophia. Peter helps Linda. Mark visits Helen. Mike needs Olivia. Chris sees,12,Jake
Susan knows Grace. James trusts Andrew. John calls Daniel. Tom texts Jake. Mike wants Adam. Sarah sees Zoe. Lisa fears Jason. Kate finds Brian. Mary thanks Emily. Mark follows Karen. Laura helps Thomas. Chris pays Robert. Amy needs Lucy. Alex hates Ryan. Anna loves Sophia. Emma likes Linda. Paul asks Helen. David meets Olivia. Peter visits Jane. Kevin tells Eric. Chris pays,12,Robert
Mike fears Lucy. Kate follows Eric. Amy texts Emily. James asks Jane. Lisa calls Olivia. Kevin likes Grace. Paul needs Ryan. Alex loves Adam. Susan thanks Robert. Mark sees Andrew. Chris tells Linda. Anna knows Thomas. Laura hates Sophia. Tom wants Karen. John pays Zoe. Emma meets Jason. David finds Brian. Peter trusts Daniel. Mary helps Helen. Sarah visits Jake. Anna knows,12,Thomas
Alex likes Emily. Susan loves Lucy. Chris meets Daniel. John wants Olivia. Laura fears Jake. Sarah trusts Brian. Paul tells Helen. James pays Eric. Kate needs Thomas. Tom knows Jason. Peter finds Karen. Amy thanks Zoe. Lisa sees Sophia. David asks Jane. Mary visits Grace. Kevin texts Adam. Mike hates Andrew. Mark calls Ryan. Emma follows Robert. Anna helps Linda. Amy thanks,12,Zoe
Alex asks Andrew. Lisa calls Sophia. Mary fears Brian. Sarah trusts Eric. Kate loves Jason. Susan likes Thomas. Laura sees Linda. Emma thanks Grace. Kevin hates Karen. Paul pays Robert. David helps Daniel. John texts Zoe. Tom needs Emily. James visits Helen. Peter tells Jane. Anna meets Lucy. Chris wants Jake. Mike follows Olivia. Mark finds Adam. Amy knows Ryan. John texts,12,Zoe
Tom texts Emily. James hates Jake. Kate visits Karen. Kevin follows Zoe. Mary meets Ryan. Anna calls Jane. Chris trusts Grace. Amy helps Eric. Laura sees Andrew. Emma thanks Olivia. Susan knows Brian. Peter needs Adam. Lisa pays Linda. Alex asks Thomas. John tells Jason. Mark loves Helen. Mike fears Sophia. David wants Daniel. Sarah finds Lucy. Paul likes Robert. Peter needs,12,Adam
Mike needs Zoe. Chris sees Grace. Alex pays Linda. Tom visits Robert. Mark knows Emily. Peter finds Eric. Sarah thanks Sophia. Lisa tells Olivia. James fears Jane. Susan meets Jake. Mary follows Brian. Kate calls Adam. David loves Ryan. John asks Daniel. Amy helps Lucy. Laura likes Karen. Paul trusts Andrew. Kevin wants Helen. Anna hates Thomas. Emma texts Jason. Kate calls,12,Adam
Kevin wants Brian. Laura follows Olivia. Mark hates Lucy. Kate sees Jason. Lisa meets Grace. David needs Ryan. Susan finds Jane. John visits Thomas. Tom loves Robert. Peter trusts Daniel. Emma helps Jake. Chris calls Emily. Sarah pays Adam. Mike asks Andrew. Anna texts Zoe. Mary knows Eric. Alex likes Sophia. Paul fears Helen. Amy thanks Karen. James tells Linda. Chris calls,12,Emily
Mark needs Eric. Peter fears Linda. Emma loves Sophia. Kevin follows Lucy. Paul knows Olivia. Tom tells Ryan. Alex hates Jason. David wants Daniel. John thanks Brian. Susan finds Grace. Anna trusts Emily. Mike asks Zoe. Kate texts Thomas. Laura visits Adam. Lisa likes Jane. Amy meets Andrew. Chris pays Karen. Sarah calls Robert. James sees Jake. Mary helps Helen. Mike asks,12,Zoe
Chris helps Ryan. Sarah knows Lucy. Mike needs Grace. James finds Olivia. Mark meets Sophia. Alex texts Helen. Paul wants Thomas. Emma hates Karen. Amy sees Robert. Mary pays Zoe. Peter visits Linda. Anna likes Brian. Kate tells Jane. Kevin follows Jake. John thanks Andrew. Tom fears Eric. David loves Daniel. Laura calls Jason. Lisa asks Adam. Susan trusts Emily. Anna likes,12,Brian
Susan follows Lucy. Tom likes Andrew. Kevin thanks Daniel. Chris trusts Adam. David needs Linda. Alex visits Helen. John knows Zoe. Laura hates Ryan. Mary fears Thomas. Lisa meets Olivia. Mark helps Jane. Anna sees Eric. Mike loves Brian. Paul texts Sophia. Peter calls Jason. Kate pays Robert. James wants Emily. Amy tells Karen. Sarah asks Grace. Emma finds Jake. Anna sees,12,Eric
Mark likes Emily. Chris visits Zoe. James sees Linda. Anna asks Karen. Amy calls Daniel. Mary helps Andrew. John wants Olivia. Kevin loves Helen. Paul follows Jake. David trusts Jason. Tom texts Ryan. Lisa fears Robert. Emma tells Brian. Alex meets Adam. Kate finds Eric. Sarah needs Thomas. Mike thanks Lucy. Susan hates Sophia. Laura pays Grace. Peter knows Jane. Lisa fears,12,Robert
David trusts Ryan. Mary loves Thomas. Amy texts Emily. Tom tells Eric. Peter pays Linda. Emma sees Zoe. Kevin asks Karen. Sarah visits Helen. Paul hates Sophia. Kate likes Adam. Mark finds Jake. Laura wants Jane. John follows Robert. Chris meets Lucy. Lisa fears Brian. Alex calls Olivia. Anna knows Jason. James thanks Daniel. Susan helps Andrew. Mike needs Grace. Laura wants,12,Jane
Paul knows Lucy. Laura likes Robert. Kevin meets Ryan. Kate loves Grace. Anna needs Helen. John follows Jane. Amy hates Jake. Lisa sees Linda. James fears Jason. Susan asks Andrew. Tom calls Brian. Alex pays Olivia. Mike tells Emily. Mary trusts Thomas. Sarah finds Adam. Peter helps Daniel. Emma visits Zoe. Chris thanks Sophia. Mark wants Karen. David texts Eric. Alex pays,12,Olivia
James meets Linda. Mike wants Andrew. Susan finds Karen. Chris likes Grace. Tom trusts Ryan. Kate knows Lucy. Peter asks Zoe. Mary calls Jane. Alex fears Jake. Laura needs Jason. John follows Robert. David thanks Brian. Mark pays Eric. Sarah hates Emily. Emma helps Olivia. Anna texts Daniel. Kevin tells Adam. Amy sees Sophia. Lisa loves Thomas. Paul visits Helen. David thanks,12,Brian
Laura likes Grace. Mike texts Karen. Kevin finds Jane. Alex pays Zoe. Paul thanks Eric. Tom needs Thomas. Anna knows Ryan. John loves Jason. Emma hates Adam. Mary sees Linda. Chris asks Andrew. James calls Jake. David helps Robert. Susan trusts Emily. Kate follows Brian. Mark wants Sophia. Lisa visits Lucy. Amy meets Daniel. Peter tells Olivia. Sarah fears Helen. James calls,12,Jake
David needs Jane. Chris knows Eric. James sees Zoe. Sarah calls Emily. Kevin loves Lucy. John tells Ryan. Anna fears Olivia. Lisa asks Andrew. Laura follows Robert. Mary thanks Sophia. Peter finds Brian. Paul hates Daniel. Emma meets Jason. Mark pays Helen. Tom wants Karen. Amy texts Jake. Kate trusts Adam. Mike helps Linda. Alex likes Grace. Susan visits Thomas. Emma meets,13,Jason
Mary tells Jane. Paul knows Lucy. Mark follows Brian. Amy fears Jake. Laura hates Andrew. Kate needs Grace. Emma helps Thomas. James texts Jason. Tom thanks Emily. Kevin meets Linda. Sarah sees Robert. Chris wants Zoe. Lisa visits Olivia. Mike calls Sophia. Peter trusts Helen. Anna asks Eric. Susan pays Ryan. John finds Karen. David likes Adam. Alex loves Daniel. Lisa visits,13,Olivia
Lisa hates Lucy. Chris trusts Zoe. Anna pays Thomas. Kate asks Daniel. Sarah thanks Brian. Mike visits Eric. Amy finds Emily. Kevin loves Karen. Peter meets Robert. Alex needs Linda. David texts Grace. Paul helps Andrew. Mary follows Jake. Laura tells Ryan. James calls Jason. John wants Olivia. Tom fears Sophia. Emma sees Adam. Susan knows Helen. Mark likes Jane. Mary follows,13,Jake
Paul needs Sophia. Amy finds Olivia. David fears Ryan. John sees Helen. Kevin wants Linda. Mike trusts Jake. Chris tells Grace. Tom meets Daniel. Kate likes Emily. Susan knows Robert. Alex asks Jason. Sarah pays Zoe. James texts Eric. Emma hates Thomas. Anna loves Jane. Lisa visits Lucy. Mary follows Andrew. Peter calls Adam. Mark helps Brian. Laura thanks Karen. James texts,13,Eric
Tom hates Ryan. Kate trusts Emily. Emma wants Adam. Paul likes Robert. Sarah calls Helen. Laura visits Zoe. David follows Olivia. Amy thanks Brian. Susan fears Andrew. Anna sees Sophia. Mary finds Daniel. Lisa tells Karen. Mike texts Grace. Mark loves Jane. Chris knows Lucy. Peter needs Linda. Alex asks Thomas. Kevin helps Jake. James pays Eric. John meets Jason. Mike texts,13,Grace
Mark finds Zoe. Kate meets Robert. John sees Sophia. Sarah hates Linda. James follows Karen. Mary calls Jason. Chris helps Adam. Kevin wants Jake. Alex trusts Grace. Amy asks Emily. David pays Jane. Susan visits Helen. Anna needs Brian. Emma thanks Ryan. Peter texts Thomas. Laura tells Lucy. Tom knows Olivia. Mike likes Andrew. Paul fears Eric. Lisa loves Daniel. Anna needs,13,Brian
Sarah needs Emily. Kate thanks Lucy. Anna finds Daniel. Paul knows Jake. John meets Sophia. Lisa asks Brian. Tom trusts Zoe. Susan texts Ryan. Peter fears Thomas. Emma tells Olivia. Kevin helps Jason. Mike loves Andrew. Chris pays Eric. Laura likes Grace. James visits Adam. Mary follows Linda. Alex hates Karen. Mark sees Robert. Amy calls Helen. David wants Jane. Chris pays,13,Eric
John thanks Thomas. Laura sees Grace. Mark helps Lucy. Kevin loves Karen. Kate hates Jane. James texts Sophia. Anna calls Jake. David follows Helen. Paul meets Brian. Mary finds Zoe. Alex likes Eric. Lisa visits Robert. Sarah knows Linda. Chris trusts Adam. Mike needs Andrew. Susan fears Olivia. Emma tells Daniel. Peter asks Ryan. Amy pays Jason. Tom wants Emily. Sarah knows,13,Linda
Emma meets Sophia. Laura fears Karen. Sarah loves Jane. David finds Linda. Chris sees Jason. James tells Daniel. John trusts Emily. Mary wants Robert. Peter thanks Eric. Anna likes Grace. Alex follows Ryan. Mark texts Andrew. Tom knows Lucy. Paul needs Brian. Kevin hates Jake. Susan pays Helen. Amy calls Olivia. Kate helps Zoe. Mike visits Thomas. Lisa asks Adam. Tom knows,13,Lucy
Emma calls Thomas. Sarah pays Lucy. Mary hates Karen. Lisa texts Ryan. Peter finds Eric. David helps Brian. Mike sees Zoe. Kevin trusts Helen. Alex fears Linda. Laura loves Daniel. Amy follows Adam. James wants Emily. Chris visits Andrew. Anna needs Jake. Susan thanks Grace. John meets Jane. Mark likes Olivia. Paul knows Jason. Kate asks Robert. Tom tells Sophia. Chris visits,13,Andrew
James sees Brian. Peter follows Grace. Alex wants Daniel. Emma finds Jason. John calls Helen. Sarah meets Sophia. Laura loves Ryan. Amy needs Thomas. Kate helps Adam. Susan pays Lucy. Lisa fears Linda. David likes Emily. Kevin hates Eric. Mary visits Zoe. Anna texts Robert. Mike knows Karen. Mark trusts Andrew. Paul tells Jane. Chris thanks Olivia. Tom asks Jake. Kevin hates,13,Eric
Lisa follows Grace. Sarah sees Thomas. James pays Karen. Kate thanks Adam. Laura asks Ryan. Emma visits Emily. Amy knows Robert. Tom hates Eric. Paul trusts Daniel. Susan meets Linda. John calls Olivia. Alex tells Zoe. Mike texts Jane. Peter likes Sophia. Chris needs Jason. Mary wants Brian. Anna fears Lucy. Mark finds Andrew. Kevin helps Jake. David loves Helen. Mike texts,13,Jane
Amy meets Jake. Anna visits Brian. Sarah sees Karen. Mark helps Sophia. Mary follows Grace. Emma needs Lucy. Alex thanks Jason. John wants Andrew. Chris texts Emily. James trusts Adam. David pays Olivia. Kevin finds Thomas. Kate hates Zoe. Peter likes Jane. Lisa knows Helen. Tom loves Daniel. Paul calls Ryan. Mike fears Eric. Susan asks Robert. Laura tells Linda. Kate hates,13,Zoe
Sarah thanks Adam. Alex loves Karen. John finds Grace. James calls Thomas. Emma sees Jason. Mike pays Ryan. Paul fears Jane. Amy likes Linda. Peter helps Eric. Tom visits Brian. Laura hates Olivia. Lisa texts Lucy. Mary follows Jake. Susan trusts Zoe. Chris meets Emily. David tells Sophia. Mark knows Helen. Kate asks Daniel. Anna wants Robert. Kevin needs Andrew. Mary follows,13,Jake
Emma finds Thomas. Lisa likes Lucy. Laura fears Adam. Mike loves Eric. Peter thanks Brian. John meets Robert. Susan asks Emily. Mary texts Linda. James follows Zoe. Amy pays Jason. Alex calls Andrew. Kevin helps Jane. Chris trusts Jake. Sarah sees Karen. Mark needs Grace. Tom visits Ryan. David wants Daniel. Paul tells Sophia. Anna knows Helen. Kate hates Olivia. Chris trusts,13,Jake
Tom finds Linda. Anna follows Zoe. Emma sees Brian. Sarah likes Eric. Mark knows Lucy. Alex fears Robert. Kevin helps Adam. Laura texts Sophia. Mike needs Helen. Peter loves Olivia. Lisa thanks Thomas. Kate asks Ryan. James trusts Jake. Chris pays Emily. John tells Daniel. Paul visits Karen. David wants Jason. Amy calls Grace. Susan meets Andrew. Mary hates Jane. James trusts,13,Jake
Emma follows Emily. John pays Linda. Lisa tells Eric. Laura needs Andrew. Mark calls Grace. Anna knows Olivia. Paul hates Jason. Sarah likes Adam. David trusts Robert. Amy helps Jake. Chris wants Brian. James finds Sophia. Susan meets Jane. Alex loves Lucy. Tom asks Karen. Kate visits Daniel. Peter thanks Ryan. Mike fears Helen. Mary texts Thomas. Kevin sees Zoe. Susan meets,13,Jane
Laura tells Zoe. Peter helps Helen. Mary fears Adam. Paul pays Eric. John follows Andrew. Emma visits Grace. Anna meets Brian. James trusts Thomas. Kevin calls Sophia. Alex loves Jason. Mark sees Jake. Kate thanks Emily. Susan texts Olivia. David needs Robert. Amy likes Karen. Chris wants Ryan. Sarah knows Linda. Tom hates Daniel. Lisa asks Jane. Mike finds Lucy. Susan texts,13,Olivia
Laura helps Jane. John hates Adam. Mark knows Zoe. Tom needs Brian. David pays Helen. Chris likes Daniel. Anna loves Karen. Amy finds Emily. Sarah wants Eric. Kate tells Ryan. James meets Linda. Alex thanks Grace. Peter texts Olivia. Kevin calls Lucy. Susan trusts Jason. Emma asks Thomas. Paul visits Sophia. Lisa fears Andrew. Mike sees Robert. Mary follows Jake. Peter texts,13,Olivia
Amy texts Jane. David trusts Emily. Paul tells Karen. Kevin pays Lucy. Anna likes Helen. James follows Thomas. Susan meets Jake. Lisa visits Linda. Mary needs Andrew. Alex calls Sophia. Emma asks Adam. Mike fears Jason. Sarah hates Grace. Mark sees Ryan. Peter knows Eric. John helps Daniel. Laura thanks Zoe. Tom loves Brian. Chris finds Robert. Kate wants Olivia. Sarah hates,13,Grace
Kate loves Jake. Laura thanks Adam. John pays Olivia. Sarah needs Emily. James finds Andrew. Kevin knows Grace. Emma follows Eric. Tom likes Daniel. Alex texts Lucy. Amy helps Sophia. Peter meets Ryan. David hates Brian. Mary asks Linda. Anna trusts Jason. Lisa fears Karen. Mike visits Zoe. Paul wants Helen. Chris sees Jane. Susan tells Robert. Mark calls Thomas. Anna trusts,14,Jason
Peter helps Linda. Anna needs Brian. Emma finds Grace. Amy likes Adam. Mike knows Ryan. Susan sees Helen. Alex thanks Jane. Chris asks Andrew. Sarah trusts Jake. Tom texts Sophia. Kate fears Robert. John follows Daniel. Mary pays Lucy. Laura hates Thomas. Lisa wants Eric. David visits Karen. Mark tells Zoe. James meets Emily. Paul calls Olivia. Kevin loves Jason. Laura hates,14,Thomas
Chris thanks Sophia. Mike visits Jason. Mark asks Andrew. Peter helps Eric. Kate needs Jake. Tom follows Daniel. Susan likes Karen. Mary calls Thomas. Anna finds Emily. Laura knows Olivia. John hates Grace. Lisa pays Adam. Sarah loves Lucy. Paul meets Zoe. Emma tells Robert. Alex wants Ryan. James fears Linda. David texts Helen. Amy sees Jane. Kevin trusts Brian. Paul meets,14,Zoe
Alex wants Thomas. Chris knows Lucy. Paul needs Jake. Sarah meets Jason. Peter follows Grace. Amy loves Jane. Mary tells Ryan. Mark calls Brian. Laura helps Sophia. Tom visits Adam. James sees Linda. John texts Eric. Kate thanks Emily. Lisa trusts Helen. Mike likes Karen. David pays Daniel. Anna asks Andrew. Kevin finds Zoe. Susan fears Robert. Emma hates Olivia. Lisa trusts,14,Helen
Anna finds Brian. Alex meets Eric. Mike helps Thomas. Kate tells Adam. Laura fears Jane. Mary texts Olivia. Peter sees Andrew. Susan knows Sophia. Sarah wants Linda. Tom follows Karen. Lisa needs Ryan. James loves Jason. Chris pays Emily. Paul calls Jake. David likes Robert. Amy trusts Daniel. Mark asks Zoe. Emma hates Grace. John visits Helen. Kevin thanks Lucy. Paul calls,14,Jake
David needs Jane. Paul hates Robert. Tom calls Linda. Kevin asks Thomas. Peter wants Ryan. Emma trusts Brian. James thanks Jake. Alex sees Andrew. Anna finds Grace. Mary fears Lucy. Amy texts Olivia. Lisa loves Emily. Mike pays Helen. Susan meets Jason. Mark helps Eric. John visits Adam. Kate tells Zoe. Chris follows Sophia. Laura likes Karen. Sarah knows Daniel. Susan meets,14,Jason
Mark wants Grace. Lisa helps Ryan. James trusts Adam. Mike asks Daniel. Tom calls Andrew. John sees Brian. Peter thanks Lucy. Mary finds Linda. Chris loves Thomas. Kevin visits Jane. Alex texts Sophia. Laura meets Olivia. David hates Helen. Paul fears Jason. Emma needs Jake. Sarah knows Robert. Susan tells Zoe. Amy pays Karen. Kate likes Eric. Anna follows Emily. Paul fears,14,Jason
Alex thanks Olivia. Amy finds Andrew. Paul hates Daniel. James tells Zoe. Kevin pays Ryan. Lisa wants Karen. Peter fears Grace. David helps Sophia. Sarah calls Jane. Kate needs Adam. Anna asks Jason. Mary follows Linda. Tom loves Eric. Mike visits Jake. John likes Emily. Susan texts Robert. Laura trusts Thomas. Chris knows Lucy. Emma sees Helen. Mark meets Brian. Mike visits,14,Jake
John knows Emily. Alex fears Karen. Laura visits Daniel. Anna texts Eric. Sarah wants Helen. David finds Andrew. Emma follows Jason. Susan meets Zoe. Kevin pays Jane. Peter trusts Brian. Kate calls Linda. Mary likes Robert. Mike thanks Thomas. Amy helps Jake. James sees Lucy. Paul asks Sophia. Tom hates Adam. Lisa needs Olivia. Mark tells Ryan. Chris loves Grace. Amy helps,14,Jake
Paul trusts Thomas. Tom fears Olivia. John visits Eric. Sarah finds Jason. Peter follows Helen. Susan helps Linda. Emma thanks Jane. Kate knows Brian. Laura wants Jake. Alex hates Sophia. Mike loves Grace. Lisa pays Robert. James tells Zoe. Anna sees Ryan. David asks Adam. Mark likes Karen. Amy meets Lucy. Chris texts Emily. Mary calls Andrew. Kevin needs Daniel. Anna sees,14,Ryan
Paul helps Adam. Chris follows Emily. John knows Helen. Tom tells Olivia. Mary needs Jake. Emma sees Daniel. Alex texts Thomas. David loves Sophia. Susan asks Linda. Lisa meets Andrew. Laura likes Brian. Amy thanks Robert. Kate wants Ryan. Mike calls Jane. Sarah hates Karen. James visits Lucy. Peter finds Zoe. Anna pays Jason. Mark fears Eric. Kevin trusts Grace. Mike calls,14,Jane
Lisa fears Linda. Kate finds Adam. Mark loves Olivia. Anna knows Zoe. Mary likes Jake. Paul calls Karen. Sarah meets Ryan. David trusts Sophia. Amy needs Eric. Chris texts Jason. Laura visits Andrew. Peter wants Helen. Mike hates Brian. Tom asks Jane. Alex helps Emily. Kevin sees Robert. Emma tells Grace. John thanks Daniel. James follows Lucy. Susan pays Thomas. Tom asks,14,Jane
Sarah asks Daniel. Peter likes Linda. David fears Brian. Tom texts Lucy. Mike follows Thomas. Emma trusts Jake. Lisa meets Sophia. Kevin tells Ryan. Amy loves Helen. Mark wants Jane. Laura sees Jason. Paul calls Eric. James finds Karen. Mary needs Emily. Alex visits Andrew. Chris knows Olivia. Anna pays Grace. John hates Zoe. Kate thanks Robert. Susan helps Adam. Mary needs,14,Emily
Laura sees Robert. David visits Jane. Amy texts Andrew. John knows Thomas. Anna needs Grace. Tom asks Ryan. Mike tells Jason. Emma trusts Lucy. Chris fears Daniel. Paul loves Jake. Sarah finds Adam. Kevin calls Brian. Peter helps Olivia. Susan follows Helen. Kate hates Zoe. James meets Emily. Mary thanks Linda. Mark pays Eric. Lisa likes Sophia. Alex wants Karen. Susan follows,14,Helen
Susan likes Linda. Paul sees Andrew. Chris fears Zoe. Emma meets Brian. Sarah texts Jane. Alex calls Thomas. Tom asks Ryan. Peter knows Adam. Kate wants Emily. Anna hates Robert. David follows Jake. Kevin tells Grace. John thanks Lucy. Mary finds Eric. Mark loves Sophia. Laura trusts Jason. Lisa pays Daniel. James needs Olivia. Mike visits Karen. Amy helps Helen. Mary finds,14,Eric
Mary texts Ryan. Paul calls Andrew. Amy loves Daniel. Susan pays Jason. Anna finds Olivia. Peter follows Zoe. John thanks Thomas. Mark meets Karen. David hates Brian. Tom sees Emily. Sarah tells Jake. Kevin knows Linda. Lisa likes Lucy. James wants Robert. Kate visits Helen. Mike helps Jane. Chris trusts Sophia. Laura needs Grace. Alex fears Eric. Emma asks Adam. James wants,14,Robert
Lisa trusts Robert. Emma thanks Zoe. Susan likes Daniel. Tom helps Grace. Alex tells Brian. James finds Sophia. Mark pays Karen. Paul knows Eric. Anna calls Helen. Amy asks Emily. Laura follows Lucy. Mike fears Thomas. Mary wants Ryan. Sarah needs Jane. Chris hates Adam. John sees Jason. Kate meets Olivia. Kevin loves Andrew. Peter visits Linda. David texts Jake. Sarah needs,14,Jane
Kate asks Robert. Mary calls Linda. Anna thanks Jake. David helps Brian. Tom trusts Olivia. Emma finds Thomas. James texts Jason. Paul wants Helen. Mike needs Emily. Sarah pays Karen. Alex loves Grace. Mark meets Sophia. Laura follows Lucy. Amy visits Andrew. Chris likes Daniel. John knows Ryan. Lisa fears Eric. Susan hates Jane. Kevin tells Adam. Peter sees Zoe. Amy visits,14,Andrew
Kate likes Helen. Mary tells Lucy. Paul finds Ryan. Anna visits Linda. James meets Emily. John thanks Adam. Amy calls Jane. Emma fears Zoe. Sarah asks Olivia. Susan sees Jake. Chris pays Grace. Lisa hates Karen. David wants Jason. Mike loves Brian. Peter needs Sophia. Tom helps Robert. Laura knows Daniel. Kevin trusts Thomas. Alex follows Andrew. Mark texts Eric. Mike loves,14,Brian
Paul visits Eric. Anna likes Linda. Kevin needs Karen. Laura helps Helen. Alex wants Sophia. Amy texts Grace. Lisa finds Daniel. Mark asks Zoe. Mary fears Jason. Kate follows Robert. Sarah sees Ryan. Mike thanks Jane. David tells Jake. Susan loves Olivia. John knows Lucy. Tom trusts Brian. James meets Andrew. Emma calls Emily. Peter hates Adam. Chris pays Thomas. Susan loves,14,Olivia
Mike helps Robert. Mary visits Daniel. Sarah calls Lucy. Peter fears Zoe. Emma asks Linda. Susan texts Karen. James trusts Thomas. Tom knows Emily. Amy tells Ryan. Kate finds Jake. Paul wants Jason. Kevin follows Helen. Chris loves Sophia. Lisa meets Andrew. Mark likes Adam. David pays Grace. Alex needs Olivia. Anna sees Eric. Laura thanks Brian. John hates Jane. Mark likes,15,Adam
Peter helps Zoe. Sarah needs Lucy. James knows Linda. Laura thanks Olivia. Chris calls Brian. Alex tells Andrew. John fears Robert. Anna meets Helen. Susan finds Jane. Mary texts Karen. Tom hates Sophia. David likes Adam. Kevin asks Jason. Emma wants Emily. Mike follows Daniel. Paul visits Ryan. Lisa sees Jake. Mark loves Grace. Amy pays Thomas. Kate trusts Eric. Mike follows,15,Daniel
Susan pays Thomas. Tom wants Daniel. John finds Lucy. Lisa sees Zoe. Laura texts Jane. Mary tells Grace. Mark meets Andrew. Paul visits Brian. Mike helps Eric. Alex hates Linda. Kevin asks Karen. Kate knows Helen. Peter loves Adam. Sarah likes Olivia. Emma follows Emily. Amy fears Ryan. Anna calls Robert. Chris needs Jake. James thanks Sophia. David trusts Jason. Emma follows,15,Emily
James follows Ryan. David loves Andrew. Paul asks Brian. Emma visits Zoe. Amy needs Eric. Sarah wants Robert. Peter finds Jane. Kevin thanks Jake. Kate pays Adam. Tom helps Linda. Lisa sees Grace. Alex knows Sophia. Mike tells Karen. Chris texts Jason. Laura fears Thomas. Mark meets Emily. Mary hates Lucy. John calls Olivia. Susan likes Daniel. Anna trusts Helen. Laura fears,15,Thomas
Laura thanks Lucy. Amy pays Sophia. David helps Grace. Mary hates Andrew. Kevin loves Adam. Peter visits Jason. Chris texts Linda. Sarah knows Thomas. James sees Helen. Paul meets Jake. John likes Olivia. Mike wants Daniel. Emma asks Robert. Anna follows Eric. Kate finds Brian. Lisa tells Emily. Susan calls Karen. Tom needs Ryan. Mark trusts Zoe. Alex fears Jane. Kate finds,15,Brian
Emma calls Ryan. Mary hates Sophia. James asks Robert. Chris trusts Jane. Paul sees Karen. David knows Helen. Kevin wants Brian. Kate pays Jake. Mike fears Olivia. Susan needs Eric. Amy loves Zoe. Mark finds Andrew. Laura visits Linda. John helps Jason. Sarah likes Thomas. Peter meets Lucy. Tom thanks Grace. Anna tells Emily. Lisa follows Daniel. Alex texts Adam. Sarah likes,15,Thomas
Anna visits Grace. Alex needs Zoe. James loves Brian. Mary helps Jason. Laura tells Ryan. Mike follows Linda. Lisa finds Robert. David calls Sophia. Emma knows Andrew. Mark texts Jane. Susan sees Daniel. Peter trusts Eric. Chris wants Thomas. Sarah pays Jake. John hates Helen. Tom fears Olivia. Kate likes Karen. Amy meets Emily. Paul thanks Lucy. Kevin asks Adam. John hates,15,Helen
Tom thanks Lucy. Peter likes Sophia. Emma visits Ryan. Mike loves Jane. Kevin finds Helen. Amy knows Adam. Paul needs Jason. Alex trusts Jake. Lisa wants Thomas. Susan texts Grace. Kate fears Andrew. John pays Robert. James calls Karen. Mary tells Linda. Laura asks Brian. Mark helps Eric. Anna sees Olivia. Sarah hates Emily. Chris follows Daniel. David meets Zoe. Laura asks,15,Brian
Mike texts Helen. Amy sees Ryan. David helps Jake. Paul hates Linda. Kevin tells Sophia. Tom loves Zoe. Lisa finds Emily. James thanks Grace. Susan wants Karen. Mark asks Eric. Alex trusts Robert. Emma likes Andrew. Mary calls Lucy. Laura knows Daniel. John needs Olivia. Sarah meets Thomas. Anna fears Jane. Peter follows Adam. Chris pays Brian. Kate visits Jason. John needs,15,Olivia
Amy follows Grace. David tells Robert. Chris fears Ryan. John needs Emily. Mark trusts Helen. Susan calls Jason. Paul hates Olivia. Anna helps Brian. Mike wants Thomas. Laura knows Zoe. Emma asks Sophia. Sarah visits Eric. Mary likes Linda. Lisa loves Daniel. Tom texts Jake. Alex meets Lucy. Peter thanks Jane. Kevin finds Andrew. Kate sees Adam. James pays Karen. Tom texts,15,Jake
Sarah tells Helen. Kevin loves Jason. Lisa pays Linda. Anna texts Emily. Alex knows Olivia. Chris visits Adam. Mike asks Ryan. Laura finds Thomas. Mark helps Sophia. Emma likes Daniel. John calls Eric. James fears Grace. Kate needs Jake. Amy meets Jane. David trusts Robert. Susan follows Brian. Paul thanks Zoe. Mary hates Andrew. Peter wants Karen. Tom sees Lucy. David trusts,15,Robert
Tom fears Eric. Amy wants Jason. Laura visits Emily. Lisa calls Olivia. Kate likes Daniel. Mark meets Grace. Emma sees Adam. John knows Sophia. Sarah helps Robert. David finds Karen. Alex hates Zoe. Peter needs Jane. Chris loves Lucy. Mary thanks Thomas. Susan pays Brian. Paul follows Helen. Mike tells Andrew. James texts Jake. Kevin asks Linda. Anna trusts Ryan. Susan pays,15,Brian
Susan likes Andrew. Kate wants Jason. Mark fears Jake. Laura calls Emily. David finds Helen. Amy sees Eric. Mike knows Olivia. Chris loves Grace. Paul visits Adam. Mary thanks Robert. Alex helps Linda. James asks Sophia. John texts Lucy. Peter hates Zoe. Lisa tells Thomas. Anna meets Daniel. Kevin follows Karen. Tom pays Ryan. Sarah needs Brian. Emma trusts Jane. Lisa tells,15,Thomas
Susan helps Helen. Laura needs Adam. Chris asks Jake. John loves Andrew. Anna texts Linda. David knows Daniel. Mike sees Zoe. Emma pays Grace. Peter trusts Thomas. Tom tells Jason. Mary finds Olivia. Mark likes Jane. Alex thanks Eric. Paul meets Robert. Kevin visits Emily. Kate wants Brian. Amy follows Karen. Sarah calls Lucy. Lisa hates Ryan. James fears Sophia. Kevin visits,15,Emily
Amy thanks Jane. Kevin likes Jason. Mary calls Thomas. David pays Jake. Sarah needs Olivia. Paul hates Eric. James wants Andrew. Susan meets Karen. Mark texts Zoe. Laura tells Emily. Peter helps Linda. John follows Helen. Lisa finds Robert. Mike knows Daniel. Alex sees Grace. Emma loves Lucy. Tom visits Brian. Chris trusts Adam. Anna fears Ryan. Kate asks Sophia. Alex sees,15,Grace
Kate knows Helen. James visits Emily. Mike hates Brian. Anna pays Daniel. Tom finds Ryan. Paul needs Sophia. Laura texts Linda. Alex meets Andrew. Peter follows Eric. David calls Robert. John fears Jane. Chris thanks Grace. Mark asks Olivia. Sarah loves Karen. Susan trusts Thomas. Mary wants Lucy. Emma sees Jake. Kevin tells Zoe. Lisa helps Jason. Amy likes Adam. Susan trusts,15,Thomas
Sarah helps Karen. John calls Thomas. Chris meets Lucy. Susan hates Sophia. David fears Robert. Peter loves Ryan. James pays Olivia. Lisa visits Jane. Amy sees Helen. Anna follows Emily. Mike tells Zoe. Tom texts Daniel. Kevin thanks Jake. Laura asks Linda. Emma needs Andrew. Paul wants Grace. Mark trusts Eric. Kate knows Jason. Alex likes Adam. Mary finds Brian. Emma needs,15,Andrew
Laura thanks Karen. David tells Brian. Mary texts Linda. Mike asks Adam. Tom needs Jason. Kevin calls Daniel. Lisa pays Robert. Mark visits Emily. Emma knows Jane. Susan loves Thomas. Sarah meets Eric. Alex fears Helen. John likes Andrew. James wants Zoe. Anna follows Grace. Peter sees Lucy. Chris finds Jake. Paul hates Ryan. Amy helps Sophia. Kate trusts Olivia. Anna follows,15,Grace
Sarah needs Daniel. Mary asks Zoe. Kate fears Brian. Amy texts Jake. Chris meets Karen. Tom helps Lucy. Susan trusts Adam. Alex knows Linda. John wants Helen. Mike follows Robert. Anna thanks Andrew. Lisa hates Olivia. Kevin pays Emily. Peter tells Jason. Laura likes Sophia. Paul sees Ryan. David loves Thomas. James finds Eric. Emma visits Grace. Mark calls Jane. Laura likes,15,Sophia
Sarah fears Helen. Lisa sees Jason. Mary needs Emily. Paul asks Daniel. James loves Eric. Kate knows Brian. Susan finds Zoe. Anna likes Sophia. Chris hates Olivia. Peter pays Robert. Kevin wants Karen. David helps Jane. Amy visits Grace. Laura thanks Jake. Tom texts Thomas. Alex follows Ryan. Mike meets Lucy. Emma trusts Andrew. Mark tells Adam. John calls Linda. Tom texts,15,Thomas
Peter tells Lucy. Kevin wants Olivia. Kate loves Andrew. Tom pays Sophia. Mike helps Grace. Alex likes Adam. Lisa finds Emily. Susan hates Linda. Laura fears Brian. Chris texts Ryan. David meets Jane. Anna trusts Helen. James needs Robert. Mark sees Karen. Paul knows Thomas. Mary visits Jason. Sarah thanks Zoe. John follows Jake. Emma asks Daniel. Amy calls Eric. Mary visits,16,Jason
Paul knows Karen. James finds Adam. Mark follows Brian. David meets Zoe. Sarah trusts Olivia. Amy likes Jane. Kevin fears Grace. Mary tells Lucy. Emma wants Ryan. Lisa helps Eric. Kate calls Jason. Tom needs Robert. Alex loves Jake. Chris texts Helen. Laura visits Daniel. Peter thanks Andrew. Mike asks Sophia. Susan sees Linda. Anna hates Emily. John pays Thomas. Peter thanks,16,Andrew
Anna trusts Daniel. Susan pays Eric. John follows Linda. Sarah visits Sophia. Laura needs Ryan. Tom likes Jason. Emma hates Brian. Kevin finds Zoe. James meets Jane. Mark texts Olivia. Amy calls Emily. David knows Adam. Lisa thanks Grace. Mary asks Lucy. Chris fears Thomas. Alex sees Helen. Mike helps Andrew. Peter tells Karen. Paul wants Jake. Kate loves Robert. Alex sees,16,Helen
Kate sees Emily. Mark calls Robert. James likes Ryan. Lisa wants Zoe. David trusts Andrew. Laura finds Adam. Amy pays Brian. John knows Jane. Susan thanks Eric. Sarah visits Karen. Chris tells Grace. Tom loves Daniel. Alex hates Sophia. Anna asks Linda. Mary follows Thomas. Emma texts Lucy. Peter needs Helen. Mike fears Olivia. Paul meets Jason. Kevin helps Jake. Emma texts,16,Lucy
Mark thanks Helen. Sarah likes Robert. Chris tells Adam. Alex pays Jake. John sees Daniel. Amy hates Zoe. Kevin helps Olivia. Paul loves Lucy. Emma wants Linda. Anna meets Brian. Peter needs Grace. Kate follows Thomas. Lisa finds Jason. James visits Eric. Susan asks Jane. David knows Karen. Laura fears Emily. Tom trusts Andrew. Mike texts Sophia. Mary calls Ryan. David knows,16,Karen
Kevin sees Grace. Susan calls Andrew. Peter visits Daniel. Mary likes Brian. Kate asks Eric. Paul wants Robert. Tom hates Helen. John meets Olivia. Mike loves Adam. Anna tells Emily. Sarah trusts Jake. Alex fears Zoe. Mark pays Sophia. Lisa texts Thomas. Chris finds Ryan. David helps Jason. Amy knows Karen. James needs Linda. Laura thanks Jane. Emma follows Lucy. David helps,16,Jason
Laura meets Daniel. Amy hates Karen. James calls Helen. Peter pays Jane. David finds Thomas. Mary trusts Eric. Tom needs Brian. Kevin helps Linda. John follows Olivia. Sarah thanks Andrew. Mike asks Jason. Paul loves Adam. Kate texts Sophia. Anna fears Grace. Emma visits Robert. Lisa likes Emily. Mark sees Lucy. Chris wants Zoe. Alex knows Ryan. Susan tells Jake. Lisa likes,16,Emily
Alex sees Daniel. Paul loves Karen. Kevin trusts Lucy. Mary asks Zoe. James helps Jake. Chris texts Brian. Laura visits Olivia. Anna calls Thomas. Susan hates Grace. Lisa meets Adam. Tom pays Andrew. Sarah likes Ryan. Amy thanks Sophia. Peter follows Linda. Kate wants Jason. Mark finds Helen. David tells Jane. John needs Emily. Emma knows Eric. Mike fears Robert. Mark finds,16,Helen
Tom sees Jake. Paul pays Eric. Kevin likes Emily. Amy needs Linda. Sarah visits Ryan. John thanks Zoe. Kate follows Sophia. Lisa texts Grace. Chris meets Robert. Emma fears Olivia. Mark loves Daniel. Laura trusts Jane. Alex finds Karen. Peter knows Andrew. Mary wants Jason. Anna tells Helen. Susan calls Brian. Mike helps Thomas. James asks Lucy. David hates Adam. Anna tells,16,Helen
Chris loves Sophia. John visits Thomas. Tom calls Linda. Kevin fears Grace. Alex wants Karen. Mike thanks Emily. Paul knows Robert. Sarah texts Jake. Laura follows Lucy. Mark meets Brian. Peter tells Andrew. David sees Adam. James trusts Helen. Kate hates Jason. Mary pays Daniel. Susan helps Jane. Anna needs Olivia. Lisa likes Ryan. Emma finds Eric. Amy asks Zoe. Susan helps,16,Jane
Anna hates Thomas. Kevin calls Lucy. Emma finds Adam. Mary tells Ryan. Tom trusts Karen. Peter visits Robert. Lisa pays Daniel. Susan likes Sophia. Laura knows Jane. David loves Linda. Mark wants Olivia. Alex sees Eric. Amy helps Grace. Sarah meets Emily. Kate texts Andrew. James fears Zoe. Mike needs Jake. Paul thanks Jason. Chris follows Helen. John asks Brian. James fears,16,Zoe
Kevin wants Lucy. John asks Sophia. Laura likes Robert. Mike loves Jane. Paul meets Daniel. Anna texts Jake. Mark knows Ryan. Lisa finds Helen. Susan pays Zoe. Mary trusts Thomas. James thanks Adam. Sarah hates Eric. Alex follows Linda. Peter needs Grace. Amy tells Brian. David helps Jason. Emma visits Emily. Chris sees Olivia. Tom calls Karen. Kate fears Andrew. David helps,16,Jason
Peter tells Robert. Chris wants Eric. John fears Grace. James asks Zoe. Kate needs Linda. Alex finds Jane. Tom trusts Adam. Anna calls Helen. Mary hates Sophia. Kevin meets Emily. Mark pays Ryan. Laura follows Jason. Sarah thanks Jake. Mike texts Daniel. Amy likes Lucy. Susan sees Andrew. David knows Thomas. Emma visits Olivia. Lisa helps Karen. Paul loves Brian. Susan sees,16,Andrew
John finds Brian. Laura asks Emily. Paul sees Linda. Alex visits Daniel. Susan trusts Grace. David helps Jason. Mike thanks Sophia. James calls Lucy. Lisa likes Helen. Peter meets Zoe. Sarah needs Thomas. Tom pays Eric. Kate follows Andrew. Emma knows Karen. Mark tells Robert. Anna loves Adam. Chris hates Jane. Kevin fears Ryan. Mary wants Olivia. Amy texts Jake. Anna loves,16,Adam
Kate thanks Karen. Chris fears Adam. Alex meets Daniel. Peter finds Jane. Anna sees Lucy. James trusts Grace. John wants Thomas. Mark loves Olivia. Amy hates Ryan. Sarah pays Linda. Susan calls Robert. Laura knows Emily. Kevin follows Zoe. Paul texts Brian. Tom asks Jake. Mike needs Helen. Mary tells Sophia. David visits Andrew. Emma helps Jason. Lisa likes Eric. Mike needs,16,Helen
James fears Emily. Mary needs Helen. Sarah sees Grace. Chris tells Karen. Lisa wants Eric. Anna meets Thomas. Laura hates Sophia. Mark pays Zoe. Emma trusts Olivia. Alex likes Andrew. Mike helps Jason. John loves Adam. Tom texts Brian. Amy thanks Ryan. David finds Linda. Peter knows Jane. Paul calls Lucy. Kevin follows Daniel. Susan asks Jake. Kate visits Robert. Peter knows,16,Jane
Emma texts Daniel. Susan tells Robert. John pays Andrew. Chris hates Linda. Anna loves Lucy. Peter asks Jake. Tom trusts Jane. Laura calls Brian. Kate helps Jason. Sarah needs Helen. Lisa visits Adam. David meets Olivia. Mary wants Ryan. Paul finds Eric. James fears Emily. Kevin thanks Zoe. Amy follows Grace. Alex likes Sophia. Mark knows Thomas. Mike sees Karen. Kevin thanks,16,Zoe
Anna hates Emily. Peter sees Robert. Laura wants Olivia. Mary loves Jake. Tom trusts Andrew. Kevin fears Lucy. Chris meets Karen. Amy follows Helen. Mark texts Adam. Mike tells Ryan. James needs Zoe. Susan visits Thomas. Alex finds Linda. Emma thanks Sophia. David knows Brian. Kate pays Jane. Lisa calls Jason. John likes Grace. Paul asks Daniel. Sarah helps Eric. Kate pays,16,Jane
James likes Linda. Kevin needs Grace. Laura helps Ryan. Alex tells Zoe. David knows Andrew. Mary pays Eric. Lisa texts Jason. Anna meets Adam. Kate sees Brian. Tom finds Robert. Chris thanks Thomas. Susan calls Olivia. Peter hates Helen. Sarah visits Jane. John wants Lucy. Amy follows Daniel. Mark loves Sophia. Mike fears Emily. Emma asks Jake. Paul trusts Karen. Amy follows,16,Daniel
Mary sees Brian. Kate hates Jake. Kevin meets Eric. Mark pays Linda. Tom visits Thomas. Laura likes Zoe. James fears Grace. Amy thanks Sophia. Paul follows Ryan. Mike calls Helen. Anna helps Daniel. Alex knows Emily. John asks Andrew. Chris texts Jane. Sarah tells Karen. Emma finds Jason. Susan loves Lucy. Peter wants Adam. Lisa trusts Robert. David needs Olivia. Emma finds,16,Jason
Mary hates Helen. Anna loves Zoe. Mark fears Jason. Kevin needs Andrew. Lisa tells Robert. David texts Emily. James likes Karen. Mike trusts Ryan. Sarah knows Lucy. Chris finds Grace. Paul follows Thomas. Laura helps Jake. Alex wants Eric. Emma asks Linda. Kate visits Sophia. Tom calls Brian. Susan thanks Olivia. Peter pays Jane. Amy meets Adam. John sees Daniel. Susan thanks,17,Olivia
Amy follows Emily. Chris fears Thomas. Mark visits Brian. Mary helps Eric. Lisa wants Adam. Susan pays Jason. John texts Sophia. Laura finds Jane. Alex loves Ryan. Sarah knows Linda. Kevin likes Robert. Peter thanks Olivia. Kate sees Daniel. David hates Grace. Emma calls Helen. Anna asks Lucy. Paul trusts Zoe. Mike tells Andrew. James meets Jake. Tom needs Karen. Paul trusts,17,Zoe
Paul asks Zoe. David helps Olivia. Susan texts Daniel. Sarah knows Ryan. Emma likes Lucy. Kate wants Robert. John trusts Andrew. Mary fears Linda. James tells Emily. Amy visits Jake. Kevin needs Adam. Mark finds Brian. Alex sees Helen. Lisa pays Eric. Peter calls Grace. Anna thanks Sophia. Chris hates Karen. Laura follows Thomas. Mike loves Jane. Tom meets Jason. Chris hates,17,Karen
James asks Olivia. Mike sees Jason. Tom calls Daniel. Alex fears Helen. Sarah needs Karen. David helps Sophia. Chris hates Linda. Kevin wants Jane. Kate visits Lucy. Peter tells Andrew. Paul follows Eric. John loves Zoe. Mary finds Brian. Anna thanks Ryan. Laura meets Jake. Susan knows Thomas. Emma pays Adam. Lisa likes Emily. Amy texts Grace. Mark trusts Robert. Emma pays,17,Adam
Emma trusts Ryan. Lisa knows Zoe. Mary tells Olivia. Laura fears Thomas. David asks Emily. Amy finds Jake. Mark hates Helen. Anna pays Sophia. Kate thanks Brian. James helps Lucy. Tom loves Eric. John needs Linda. Peter sees Jason. Paul meets Grace. Chris visits Andrew. Susan follows Robert. Alex calls Adam. Kevin texts Daniel. Mike likes Jane. Sarah wants Karen. Alex calls,17,Adam
David finds Andrew. Paul fears Linda. Mark tells Zoe. Alex visits Sophia. Laura pays Eric. Anna likes Helen. Chris sees Thomas. Kate calls Jake. Lisa helps Ryan. James texts Karen. Tom meets Brian. John thanks Jane. Peter wants Jason. Susan follows Grace. Amy hates Daniel. Mary loves Emily. Kevin needs Olivia. Mike asks Adam. Sarah trusts Robert. Emma knows Lucy. Kevin needs,17,Olivia
James visits Sophia. Mike fears Zoe. Mark needs Brian. Amy loves Lucy. Alex texts Jane. Peter thanks Eric. Mary wants Adam. Laura sees Andrew. Kevin tells Helen. John asks Jason. Sarah trusts Olivia. Susan finds Ryan. Tom meets Daniel. Anna hates Emily. Chris likes Karen. Kate knows Robert. Lisa helps Jake. David pays Thomas. Emma follows Grace. Paul calls Linda. Lisa helps,17,Jake
John follows Zoe. Lisa hates Helen. Laura needs Ryan. Susan thanks Olivia. Mark visits Emily. Mary likes Robert. Peter asks Andrew. Chris texts Thomas. James pays Daniel. Sarah fears Karen. Kate trusts Lucy. David tells Sophia. Emma loves Brian. Anna calls Jane. Alex finds Adam. Tom meets Grace. Amy wants Jake. Paul helps Eric. Kevin sees Jason. Mike knows Linda. Amy wants,17,Jake
Chris meets Helen. Emma loves Jason. Susan wants Adam. Tom visits Karen. John pays Andrew. Mike finds Lucy. David needs Daniel. Kevin asks Brian. Mary texts Zoe. Paul hates Jake. Amy sees Ryan. Kate follows Eric. Mark knows Grace. Peter calls Emily. Anna thanks Jane. Lisa fears Robert. Alex likes Linda. Laura helps Sophia. James trusts Olivia. Sarah tells Thomas. Alex likes,17,Linda
Peter pays Andrew. Kevin likes Sophia. Lisa meets Karen. Anna calls Jake. John thanks Emily. Amy finds Eric. Chris texts Ryan. Mark wants Helen. Susan follows Jane. Tom fears Zoe. Alex tells Brian. Emma knows Thomas. Laura sees Daniel. Mike trusts Lucy. Paul hates Grace. Mary asks Robert. James needs Linda. Kate loves Olivia. Sarah helps Adam. David visits Jason. James needs,17,Linda
Kevin pays Robert. Lisa finds Olivia. Sarah calls Eric. Paul texts Helen. Mary wants Jason. Tom meets Sophia. Laura visits Adam. Susan tells Daniel. James trusts Jane. David follows Zoe. Mark loves Jake. Amy hates Grace. Chris fears Thomas. Emma needs Linda. Kate asks Karen. Peter likes Ryan. John thanks Lucy. Anna helps Emily. Mike knows Andrew. Alex sees Brian. John thanks,17,Lucy
Chris meets Ryan. Paul loves Linda. Peter texts Zoe. Susan follows Emily. Mark wants Grace. Kevin tells Adam. Tom thanks Jane. Laura asks Karen. David pays Andrew. John visits Lucy. Anna calls Helen. Mary knows Sophia. Alex sees Olivia. Kate hates Daniel. Amy trusts Jake. Lisa finds Jason. James helps Brian. Mike needs Robert. Sarah fears Eric. Emma likes Thomas. James helps,17,Brian
Amy likes Brian. Paul finds Jake. Emma knows Robert. Laura hates Zoe. Chris loves Helen. Kevin fears Jane. Mary sees Grace. Mark texts Adam. Mike visits Andrew. John pays Olivia. Peter calls Lucy. Anna asks Ryan. David follows Daniel. Alex wants Jason. Tom tells Karen. James thanks Sophia. Lisa trusts Eric. Susan helps Linda. Sarah meets Emily. Kate needs Thomas. Lisa trusts,17,Eric
Emma hates Robert. Paul tells Eric. Kate trusts Lucy. Laura wants Thomas. Lisa meets Daniel. Mark sees Zoe. Susan thanks Jake. Chris calls Emily. Peter visits Ryan. Mary likes Sophia. Sarah needs Karen. Alex finds Brian. Anna pays Andrew. John fears Linda. James knows Grace. David texts Jason. Kevin follows Helen. Mike asks Olivia. Tom helps Adam. Amy loves Jane. Kevin follows,17,Helen
Kate needs Olivia. David tells Jane. Amy follows Jason. Emma texts Daniel. Mike calls Sophia. Paul pays Karen. Lisa asks Zoe. Anna loves Eric. Alex knows Jake. John likes Emily. Sarah thanks Ryan. Tom trusts Robert. Laura visits Thomas. Kevin hates Helen. Peter sees Grace. Chris helps Lucy. Mary meets Linda. Susan wants Brian. Mark fears Andrew. James finds Adam. Mary meets,17,Linda
James calls Lucy. Anna loves Zoe. John pays Adam. David follows Robert. Peter thanks Helen. Kate likes Andrew. Paul trusts Daniel. Tom texts Eric. Kevin knows Olivia. Susan wants Karen. Amy helps Grace. Mary fears Emily. Chris tells Ryan. Mike asks Sophia. Laura sees Brian. Lisa visits Jake. Alex hates Jane. Emma meets Linda. Sarah finds Thomas. Mark needs Jason. Alex hates,17,Jane
John pays Lucy. Kate follows Daniel. Kevin sees Grace. Paul wants Helen. Alex likes Karen. Emma meets Emily. David needs Thomas. Chris visits Andrew. Susan trusts Jake. Laura helps Zoe. Lisa texts Jason. James hates Eric. Mark loves Sophia. Sarah tells Brian. Amy knows Robert. Tom calls Adam. Mary fears Olivia. Anna finds Linda. Peter thanks Jane. Mike asks Ryan. Mary fears,17,Olivia
Susan meets Jake. Alex finds Jason. Emma needs Linda. David texts Olivia. Laura pays Grace. Chris fears Emily. Sarah sees Robert. Tom helps Andrew. Mark asks Helen. James trusts Lucy. Kate thanks Eric. Lisa visits Jane. Mary tells Thomas. Mike wants Adam. John follows Brian. Peter loves Ryan. Kevin hates Zoe. Anna calls Sophia. Amy knows Karen. Paul likes Daniel. Kevin hates,17,Zoe
Sarah knows Linda. Mike needs Grace. James meets Jason. Tom pays Daniel. Chris finds Ryan. Paul likes Emily. Amy sees Brian. Kevin texts Robert. Lisa tells Helen. Susan trusts Jane. Alex loves Zoe. Mary follows Andrew. Emma helps Thomas. Mark calls Lucy. Kate visits Olivia. Peter thanks Karen. John fears Jake. Laura wants Adam. David hates Eric. Anna asks Sophia. John fears,17,Jake
Laura pays Lucy. Tom wants Jason. Susan asks Emily. David calls Karen. Mike visits Linda. Mary trusts Robert. Alex thanks Adam. James sees Andrew. Lisa finds Brian. Amy needs Daniel. Kate texts Ryan. Paul tells Sophia. Sarah hates Jake. John fears Jane. Mark knows Helen. Chris follows Grace. Anna helps Olivia. Kevin meets Thomas. Peter likes Eric. Emma loves Zoe. Anna helps,17,Olivia
Alex follows Linda. David texts Lucy. Kevin loves Karen. Sarah needs Jake. Paul fears Ryan. Laura visits Jason. Mark pays Robert. Peter meets Andrew. Mary likes Jane. Amy helps Thomas. Anna hates Sophia. Susan sees Daniel. Emma thanks Eric. Mike finds Brian. Chris calls Adam. Lisa trusts Olivia. John tells Grace. James asks Helen. Tom knows Emily. Kate wants Zoe. James asks,18,Helen
Paul trusts Brian. Amy meets Helen. Tom sees Grace. Chris needs Linda. Peter finds Olivia. Emma pays Lucy. Mary helps Andrew. Kate asks Zoe. Laura visits Emily. Sarah thanks Jane. Susan likes Eric. Mike fears Karen. Kevin loves Adam. John tells Jake. Mark knows Sophia. Alex follows Jason. Anna texts Thomas. James calls Daniel. David hates Ryan. Lisa wants Robert. James calls,18,Daniel
Mark thanks Zoe. Paul finds Grace. Sarah calls Lucy. Chris sees Karen. Anna knows Adam. Peter wants Jake. Amy trusts Andrew. Mary hates Daniel. John pays Helen. James helps Thomas. Kate loves Ryan. Mike meets Olivia. Alex visits Sophia. Kevin tells Robert. David follows Linda. Lisa needs Emily. Susan fears Jane. Tom texts Jason. Laura likes Eric. Emma asks Brian. Tom texts,18,Jason
Lisa needs Olivia. Mike follows Zoe. Laura fears Linda. Kevin knows Eric. Tom thanks Ryan. James calls Brian. Sarah loves Robert. David visits Emily. Anna tells Helen. Emma finds Jason. Chris pays Andrew. Peter hates Daniel. Paul texts Jane. Mark likes Jake. Alex helps Sophia. John meets Grace. Mary wants Lucy. Kate asks Thomas. Susan sees Karen. Amy trusts Adam. Kate asks,18,Thomas
Susan needs Emily. Mary follows Adam. Emma knows Eric. Paul loves Sophia. Mark meets Jake. David finds Helen. Mike hates Karen. Sarah calls Linda. Alex asks Olivia. Chris trusts Lucy. Peter fears Robert. Kate texts Jane. Kevin thanks Zoe. Laura visits Thomas. James tells Grace. Anna helps Ryan. Lisa likes Brian. John wants Jason. Tom sees Andrew. Amy pays Daniel. John wants,18,Jason
Chris needs Linda. Mark knows Karen. Laura pays Robert. Anna sees Daniel. Alex texts Adam. Mike likes Zoe. James follows Brian. Susan calls Sophia. Paul fears Ryan. Kevin hates Grace. Amy helps Eric. David thanks Jane. Mary asks Olivia. Peter tells Andrew. Lisa meets Helen. John trusts Jason. Emma loves Emily. Tom finds Jake. Sarah wants Thomas. Kate visits Lucy. Tom finds,18,Jake
Paul knows Grace. John hates Daniel. Peter meets Andrew. Lisa finds Olivia. Susan helps Linda. Mike texts Jake. Anna sees Karen. David asks Brian. Mark pays Robert. Emma visits Sophia. Mary needs Adam. Chris loves Emily. Amy calls Thomas. Tom wants Zoe. Kevin thanks Lucy. Sarah follows Ryan. Kate likes Eric. Laura trusts Helen. James fears Jason. Alex tells Jane. Laura trusts,18,Helen
Laura asks Ryan. James trusts Grace. Mike helps Daniel. Susan calls Emily. Emma pays Karen. Sarah likes Eric. Tom hates Zoe. Chris sees Jane. Mary finds Robert. John follows Olivia. Alex loves Thomas. Peter visits Adam. Mark wants Jake. Paul thanks Andrew. Anna meets Lucy. Lisa needs Jason. David knows Linda. Amy texts Helen. Kevin tells Brian. Kate fears Sophia. Amy texts,18,Helen
James visits Emily. Alex texts Olivia. Mary loves Linda. Peter hates Adam. David wants Jake. Mike pays Brian. Paul finds Robert. Kevin calls Sophia. Amy needs Eric. John knows Andrew. Laura thanks Grace. Susan trusts Helen. Emma sees Ryan. Tom helps Lucy. Mark follows Daniel. Sarah fears Jane. Chris asks Karen. Kate tells Thomas. Anna meets Jason. Lisa likes Zoe. Kate tells,18,Thomas
Paul sees Linda. Emma follows Robert. James fears Thomas. Lisa calls Andrew. Mary loves Karen. David asks Daniel. Laura helps Grace. Susan trusts Jane. Peter pays Ryan. Mike knows Eric. Kevin meets Lucy. John thanks Sophia. Tom tells Adam. Chris hates Jason. Anna wants Olivia. Mark needs Zoe. Sarah visits Helen. Kate finds Brian. Amy likes Jake. Alex texts Emily. Kate finds,18,Brian
Mike asks Karen. David loves Brian. Chris trusts Sophia. Mary hates Helen. Susan meets Lucy. Tom pays Jason. Peter needs Adam. Kate knows Jane. Emma tells Thomas. John sees Linda. Anna thanks Ryan. Kevin finds Andrew. Paul texts Daniel. Alex wants Olivia. Sarah helps Zoe. Lisa visits Jake. James likes Eric. Mark fears Robert. Amy calls Grace. Laura follows Emily. Mark fears,18,Robert
David likes Eric. Amy finds Linda. Kate trusts Daniel. James knows Olivia. Susan visits Thomas. Lisa fears Andrew. Kevin tells Ryan. Laura loves Jason. Mark needs Adam. Alex thanks Zoe. Sarah pays Emily. Peter hates Sophia. Anna calls Brian. Emma helps Jane. Paul wants Robert. Mike asks Helen. John meets Karen. Chris texts Jake. Mary sees Grace. Tom follows Lucy. Chris texts,18,Jake
Tom trusts Ryan. Lisa hates Karen. Mary follows Jason. Amy visits Zoe. Alex sees Daniel. John pays Brian. James knows Jake. Sarah calls Linda. Laura helps Grace. Emma tells Robert. Chris meets Helen. Mike loves Thomas. Anna likes Jane. Peter wants Sophia. Paul thanks Olivia. Kate fears Eric. Mark finds Andrew. David needs Adam. Kevin asks Lucy. Susan texts Emily. David needs,18,Adam
Anna follows Daniel. Laura sees Olivia. Kevin knows Adam. Tom tells Linda. Amy calls Robert. Paul pays Helen. Lisa meets Zoe. Mark finds Andrew. James asks Karen. Alex loves Thomas. Kate texts Emily. John fears Sophia. Chris likes Ryan. David needs Lucy. Sarah helps Jake. Susan hates Brian. Mary visits Eric. Emma trusts Jason. Peter wants Grace. Mike thanks Jane. Emma trusts,18,Jason
Amy finds Emily. Chris needs Adam. Alex pays Zoe. Emma thanks Thomas. Mary texts Ryan. Mike wants Andrew. Paul calls Robert. John trusts Sophia. David follows Jason. Tom helps Helen. Peter sees Jane. Mark knows Eric. Susan meets Olivia. Anna likes Linda. James tells Daniel. Lisa loves Brian. Kevin hates Karen. Sarah asks Grace. Laura visits Lucy. Kate fears Jake. Sarah asks,18,Grace
Mike loves Brian. Paul wants Linda. Laura meets Olivia. Sarah follows Thomas. Lisa hates Daniel. Peter calls Jake. James tells Robert. Kate texts Helen. Amy needs Ryan. John knows Grace. Kevin visits Zoe. Emma likes Andrew. David fears Adam. Chris trusts Eric. Tom asks Karen. Mark thanks Sophia. Alex pays Jane. Mary finds Emily. Anna sees Jason. Susan helps Lucy. Mary finds,18,Emily
Anna sees Jason. Peter helps Jane. Mark likes Grace. Susan pays Zoe. Mike loves Robert. Emma visits Karen. Sarah texts Adam. Chris hates Linda. Lisa trusts Olivia. Amy fears Andrew. John tells Emily. David calls Lucy. Mary meets Sophia. Paul asks Helen. Kevin follows Thomas. Alex needs Brian. Tom finds Daniel. James thanks Eric. Laura wants Jake. Kate knows Ryan. James thanks,18,Eric
Tom asks Robert. Sarah wants Andrew. Mike tells Emily. Laura calls Helen. Kevin texts Zoe. Anna fears Thomas. Peter follows Sophia. Alex pays Grace. Paul visits Ryan. Kate hates Lucy. Mary helps Jake. Amy knows Linda. David thanks Adam. John needs Daniel. Emma loves Brian. Chris trusts Olivia. Mark meets Jason. James likes Jane. Susan sees Karen. Lisa finds Eric. James likes,18,Jane
Sarah tells Zoe. Tom finds Brian. Alex meets Ryan. Amy likes Helen. Paul loves Robert. James trusts Adam. Laura asks Olivia. Emma helps Emily. Peter fears Daniel. David needs Eric. Susan follows Jason. Kevin hates Andrew. Kate sees Thomas. John thanks Sophia. Mary texts Linda. Chris calls Jake. Mark pays Grace. Anna knows Karen. Lisa wants Jane. Mike visits Lucy. Anna knows,18,Karen
Alex calls Jason. Anna helps Eric. John thanks Thomas. James finds Adam. Amy pays Jake. Kevin texts Zoe. Tom tells Helen. Susan meets Jane. Chris fears Andrew. Mark knows Daniel. Paul asks Linda. Sarah follows Lucy. Laura visits Olivia. David wants Robert. Mary needs Ryan. Peter hates Sophia. Emma trusts Brian. Lisa loves Emily. Kate sees Grace. Mike likes Karen. Lisa loves,18,Emily
Peter sees Sophia. Kevin knows Zoe. Alex pays Thomas. Amy visits Brian. David finds Ryan. Chris follows Daniel. Emma wants Jane. Anna hates Andrew. Kate thanks Helen. Lisa calls Jason. Mike likes Olivia. Mary tells Jake. Mark loves Lucy. Laura needs Grace. Paul trusts Emily. Sarah asks Eric. Susan fears Linda. James helps Robert. Tom meets Adam. John texts Karen. Tom meets,19,Adam
Chris sees Brian. Mark pays Jane. Mary knows Andrew. Sarah tells Jake. Paul hates Helen. Mike finds Grace. Amy meets Lucy. Lisa needs Robert. Tom visits Emily. John fears Zoe. Alex trusts Sophia. James likes Eric. Anna calls Daniel. Emma wants Ryan. Laura asks Karen. Peter thanks Linda. Kevin helps Olivia. Kate loves Thomas. David follows Jason. Susan texts Adam. David follows,19,Jason
Paul finds Adam. John texts Olivia. Mike loves Jane. Kate thanks Jake. Mary knows Sophia. Tom pays Linda. Peter calls Eric. Alex hates Andrew. Sarah asks Helen. Chris follows Thomas. Amy wants Grace. Emma needs Brian. David meets Karen. Laura sees Robert. Kevin fears Lucy. Susan likes Ryan. Mark trusts Emily. Anna visits Jason. Lisa helps Daniel. James tells Zoe. Lisa helps,19,Daniel
Alex trusts Emily. Peter loves Jake. Laura asks Olivia. Mike fears Adam. Emma hates Jason. John likes Karen. Chris tells Helen. Mark thanks Jane. Sarah follows Ryan. Lisa visits Daniel. Kate calls Robert. Tom texts Grace. Susan finds Brian. Mary helps Andrew. David needs Eric. James wants Lucy. Paul sees Zoe. Anna pays Thomas. Amy knows Sophia. Kevin meets Linda. Amy knows,19,Sophia
James follows Eric. Amy sees Daniel. David calls Helen. Mary needs Thomas. Lisa fears Brian. Tom finds Jane. Mark knows Sophia. Alex trusts Robert. Chris thanks Lucy. Kate likes Linda. Susan texts Adam. Emma visits Emily. Paul asks Zoe. Anna loves Jake. Peter helps Grace. Kevin tells Jason. Sarah hates Olivia. John pays Andrew. Laura meets Karen. Mike wants Ryan. Laura meets,19,Karen
Kate needs Eric. Mary loves Jane. Mark follows Helen. Mike pays Andrew. James tells Jake. Sarah likes Karen. Alex calls Thomas. Emma trusts Adam. Kevin meets Daniel. Lisa finds Olivia. Anna helps Robert. David asks Emily. Susan fears Jason. Tom knows Lucy. Chris texts Zoe. Peter hates Linda. Amy sees Grace. John wants Ryan. Paul visits Sophia. Laura thanks Brian. Paul visits,19,Sophia
Anna asks Brian. David sees Olivia. Mike texts Karen. James knows Robert. Amy visits Linda. John tells Ryan. Lisa thanks Jason. Emma follows Sophia. Mary fears Jake. Mark wants Daniel. Paul likes Zoe. Susan pays Adam. Kevin finds Thomas. Chris hates Lucy. Tom needs Emily. Alex calls Helen. Kate helps Grace. Laura meets Andrew. Peter loves Jane. Sarah trusts Eric. Peter loves,19,Jane
Mark sees Jason. Tom trusts Emily. Mike texts Ryan. Peter helps Brian. Paul tells Grace. Lisa wants Robert. Amy hates Jake. Emma thanks Thomas. David pays Lucy. John calls Linda. Kevin loves Jane. James finds Sophia. Kate needs Karen. Alex meets Adam. Anna fears Andrew. Chris visits Helen. Laura knows Zoe. Sarah follows Daniel. Susan likes Olivia. Mary asks Eric. Susan likes,19,Olivia
Anna knows Linda. Kate thanks Adam. Susan loves Helen. Chris tells Brian. Mark visits Olivia. Laura finds Grace. Tom trusts Andrew. James texts Zoe. Mike helps Emily. Emma likes Jane. John calls Karen. Peter asks Eric. Kevin fears Jake. Sarah meets Lucy. Alex pays Sophia. Amy follows Ryan. Paul hates Daniel. Mary wants Jason. Lisa needs Robert. David sees Thomas. Lisa needs,19,Robert
James loves Ryan. Mike wants Olivia. Kevin fears Jane. Amy tells Helen. Peter texts Sophia. Sarah calls Brian. Paul asks Robert. John needs Jason. Alex knows Andrew. Lisa thanks Daniel. Mark pays Thomas. Kate likes Grace. Tom sees Adam. Laura hates Lucy. David finds Zoe. Emma trusts Jake. Susan visits Karen. Mary meets Emily. Anna helps Eric. Chris follows Linda. Anna helps,19,Eric
Paul thanks Jane. Laura follows Lucy. Alex meets Thomas. Emma helps Emily. Mark needs Helen. Anna calls Brian. Susan pays Sophia. Sarah hates Jake. John fears Olivia. Chris sees Daniel. Peter texts Grace. Amy tells Adam. David knows Eric. Mike finds Robert. Mary trusts Andrew. Kevin asks Jason. Lisa likes Karen. Kate loves Ryan. Tom visits Zoe. James wants Linda. Tom visits,19,Zoe
Mark pays Brian. Alex asks Linda. Peter tells Eric. Kevin finds Ryan. Lisa hates Jane. John helps Robert. David texts Olivia. Emma meets Sophia. Paul visits Helen. Susan sees Jake. Mary wants Thomas. Chris fears Karen. Laura follows Grace. Kate needs Lucy. Sarah thanks Adam. James knows Daniel. Anna calls Zoe. Mike loves Jason. Tom likes Andrew. Amy trusts Emily. Tom likes,19,Andrew
David thanks Sophia. Amy calls Daniel. Mary trusts Jake. Sarah knows Helen. Chris asks Adam. Mark hates Zoe. Kevin wants Grace. Alex follows Jason. John tells Jane. Emma visits Lucy. Susan texts Robert. Mike helps Karen. James pays Ryan. Tom needs Olivia. Anna meets Thomas. Kate likes Eric. Lisa sees Linda. Laura fears Emily. Peter loves Andrew. Paul finds Brian. Peter loves,19,Andrew
Chris sees Lucy. Kevin wants Grace. Tom knows Adam. James meets Andrew. Sarah visits Ryan. Mike loves Jane. Laura asks Daniel. Emma texts Eric. Mary finds Linda. Peter fears Jason. Kate tells Helen. Alex hates Emily. Amy likes Thomas. Anna calls Sophia. David follows Karen. John thanks Brian. Susan helps Olivia. Paul pays Zoe. Lisa trusts Robert. Mark needs Jake. Lisa trusts,19,Robert
Susan thanks Andrew. James tells Helen. Laura meets Sophia. Amy finds Emily. Anna sees Eric. Tom follows Jake. Emma likes Grace. Mike helps Olivia. David wants Linda. Peter texts Thomas. Mary hates Brian. Kevin visits Karen. Mark fears Jane. Alex knows Ryan. Sarah loves Lucy. John needs Robert. Paul asks Daniel. Chris pays Adam. Kate trusts Zoe. Lisa calls Jason. Kate trusts,19,Zoe
Mark needs Emily. Mary thanks Thomas. James calls Robert. Chris hates Daniel. Peter visits Linda. Amy tells Sophia. John likes Karen. Anna follows Jane. Kate meets Jake. Susan sees Grace. Paul fears Andrew. Lisa finds Eric. Laura knows Lucy. Alex asks Ryan. Tom loves Olivia. Mike texts Zoe. David wants Jason. Sarah helps Brian. Kevin pays Helen. Emma trusts Adam. Kevin pays,19,Helen
Paul likes Grace. James texts Karen. Chris meets Adam. Kevin helps Sophia. Tom finds Linda. Susan pays Brian. Lisa asks Daniel. Peter follows Zoe. Anna visits Olivia. David tells Ryan. Mike trusts Emily. Alex needs Robert. Laura fears Jason. Sarah sees Thomas. Kate thanks Helen. Mary knows Jake. Mark wants Andrew. Emma loves Jane. John hates Eric. Amy calls Lucy. John hates,19,Eric
Laura finds Lucy. Lisa wants Olivia. Kate loves Zoe. Paul hates Jane. Mary calls Helen. Anna needs Thomas. David fears Emily. Peter trusts Adam. Tom pays Brian. John likes Linda. Mark visits Jake. Alex tells Karen. Kevin follows Andrew. Amy meets Robert. Emma sees Sophia. Mike asks Grace. Chris thanks Eric. James helps Daniel. Sarah knows Ryan. Susan texts Jason. Sarah knows,19,Ryan
Peter hates Eric. Emma asks Jason. Laura helps Lucy. Mary needs Emily. David texts Thomas. Lisa calls Linda. Amy meets Andrew. Kevin pays Robert. Tom sees Jane. Sarah visits Zoe. Alex finds Jake. Chris knows Karen. Anna likes Helen. Mark trusts Daniel. Mike fears Ryan. Paul thanks Adam. John wants Olivia. James loves Brian. Susan follows Grace. Kate tells Sophia. Susan follows,19,Grace
Amy needs Robert. Tom follows Ryan. Emma knows Olivia. David meets Brian. Sarah visits Thomas. Kevin thanks Jane. Alex calls Jason. John hates Linda. Mary fears Grace. Kate trusts Andrew. Chris loves Daniel. Lisa pays Sophia. Laura asks Adam. Mark wants Helen. James helps Karen. Susan tells Eric. Mike texts Lucy. Paul sees Emily. Anna finds Jake. Peter likes Zoe. Anna finds,19,Jake
Mary likes Zoe. Tom asks Jason. Laura hates Helen. Mark tells Grace. Lisa meets Eric. Chris fears Emily. Kevin follows Brian. Paul needs Daniel. Anna wants Olivia. Kate texts Andrew. Susan visits Robert. Mike calls Adam. Peter helps Linda. James pays Thomas. Alex trusts Ryan. Emma sees Jane. David knows Lucy. Sarah thanks Jake. Amy finds Sophia. John loves Karen. John loves,20,Karen
Anna needs Brian. Paul knows Ryan. Alex visits Helen. Mark hates Karen. David likes Andrew. Amy loves Eric. Lisa meets Thomas. John texts Robert. Peter fears Olivia. Emma trusts Daniel. Kate sees Jake. Susan follows Sophia. Tom wants Lucy. Laura asks Zoe. Mike helps Adam. James thanks Jason. Kevin pays Linda. Chris tells Grace. Mary finds Emily. Sarah calls Jane. Sarah calls,20,Jane
Mark meets Robert. David follows Eric. Tom loves Linda. Lisa thanks Andrew. Sarah finds Ryan. Mike wants Daniel. Susan hates Olivia. John fears Karen. James asks Lucy. Alex knows Emily. Chris pays Jason. Paul needs Adam. Mary helps Grace. Anna sees Jane. Laura visits Jake. Emma texts Brian. Kate likes Thomas. Peter tells Sophia. Kevin trusts Zoe. Amy calls Helen. Amy calls,20,Helen
Kate thanks Helen. Anna loves Karen. John trusts Jake. Susan knows Eric. Chris pays Jason. Alex asks Sophia. Mary finds Adam. David tells Andrew. James calls Lucy. Tom wants Grace. Mark likes Thomas. Amy helps Robert. Peter texts Emily. Mike sees Olivia. Kevin visits Ryan. Lisa fears Brian. Sarah needs Zoe. Paul follows Jane. Emma meets Linda. Laura hates Daniel. Laura hates,20,Daniel
Sarah pays Robert. Mark likes Jane. Kevin follows Sophia. Amy asks Daniel. Laura thanks Andrew. James tells Helen. Lisa hates Jake. Kate fears Zoe. David calls Emily. Mary wants Brian. Mike needs Linda. Susan trusts Jason. Paul finds Thomas. Anna helps Eric. Tom knows Adam. Chris meets Olivia. Alex loves Ryan. Emma visits Karen. Peter texts Grace. John sees Lucy. John sees,20,Lucy
Sarah texts Jane. David pays Brian. Emma visits Jason. Mary follows Jake. Susan finds Robert. Kate tells Karen. Tom knows Eric. Amy hates Linda. Mike meets Olivia. Kevin helps Andrew. Chris needs Sophia. Alex wants Adam. Mark fears Helen. Anna trusts Ryan. John sees Daniel. Peter likes Zoe. Paul loves Emily. James asks Thomas. Laura thanks Grace. Lisa calls Lucy. Lisa calls,20,Lucy
Kevin texts Linda. Paul loves Adam. Chris sees Daniel. Susan trusts Sophia. Emma visits Eric. Sarah asks Olivia. John pays Jane. Laura wants Andrew. James follows Zoe. Kate tells Karen. Anna finds Thomas. Peter helps Brian. Mary knows Grace. Alex hates Robert. Mark calls Jake. David needs Ryan. Tom likes Jason. Mike meets Lucy. Lisa thanks Emily. Amy fears Helen. Amy fears,20,Helen
Laura likes Jake. Alex finds Zoe. Peter trusts Daniel. Kevin asks Thomas. Paul texts Adam. Susan fears Ryan. James thanks Lucy. Emma hates Brian. Mike pays Jane. John sees Helen. Mark meets Linda. David loves Jason. Amy tells Eric. Lisa needs Emily. Kate knows Grace. Mary helps Karen. Sarah wants Sophia. Anna visits Robert. Chris follows Olivia. Tom calls Andrew. Tom calls,20,Andrew
Mark thanks Emily. Chris wants Eric. James trusts Jane. John follows Olivia. Amy visits Jake. Paul sees Karen. Tom asks Zoe. Emma finds Thomas. Mike likes Andrew. Susan hates Ryan. Sarah calls Jason. Alex tells Lucy. Lisa meets Helen. Peter helps Daniel. Kate texts Robert. David knows Sophia. Mary needs Grace. Kevin fears Brian. Anna pays Adam. Laura loves Linda. Laura loves,20,Linda
David trusts Robert. Lisa loves Brian. Emma likes Thomas. Kevin helps Linda. Tom tells Jake. John finds Emily. Laura fears Sophia. Anna pays Jason. Susan wants Grace. Mary meets Andrew. Mike knows Jane. Sarah visits Lucy. Peter hates Daniel. Paul thanks Karen. Mark needs Ryan. James follows Helen. Kate asks Adam. Amy texts Olivia. Alex calls Zoe. Chris sees Eric. Chris sees,20,Eric
Amy tells Jane. David fears Olivia. Chris needs Linda. Laura texts Emily. Mary sees Lucy. John wants Jake. Lisa loves Andrew. Susan likes Zoe. Emma knows Karen. James calls Sophia. Kevin helps Adam. Peter hates Ryan. Mike follows Robert. Mark pays Jason. Paul thanks Grace. Kate visits Eric. Alex meets Thomas. Tom trusts Daniel. Sarah finds Helen. Anna asks Brian. Anna asks,20,Brian
Paul pays Zoe. Mark tells Thomas. Susan calls Grace. Tom hates Olivia. James meets Andrew. Sarah fears Jane. Mike thanks Brian. Chris finds Jake. Peter texts Robert. Alex helps Jason. Emma needs Linda. Kevin sees Helen. John asks Eric. David likes Adam. Lisa wants Daniel. Mary loves Ryan. Anna visits Lucy. Kate follows Karen. Amy knows Sophia. Laura trusts Emily. Laura trusts,20,Emily
Sarah calls Andrew. Lisa wants Ryan. Laura asks Zoe. Alex thanks Daniel. Susan follows Robert. Paul visits Adam. James helps Grace. Peter likes Sophia. Kate sees Brian. Tom tells Jane. Mary meets Linda. Amy trusts Jake. Anna knows Helen. Emma fears Karen. David needs Olivia. Chris loves Emily. John pays Jason. Mark finds Lucy. Kevin hates Thomas. Mike texts Eric. Mike texts,20,Eric
Kevin follows Olivia. Peter texts Andrew. Mike finds Helen. Sarah thanks Sophia. Anna wants Adam. Alex tells Karen. Chris loves Linda. David trusts Brian. Tom pays Grace. Emma fears Jake. Susan calls Jane. Amy asks Lucy. James visits Ryan. Lisa likes Jason. John sees Thomas. Mark needs Eric. Paul meets Robert. Laura helps Daniel. Kate knows Emily. Mary hates Zoe. Mary hates,20,Zoe
Anna sees Brian. Amy finds Adam. Emma texts Grace. Kevin trusts Thomas. Lisa loves Daniel. Alex pays Lucy. Susan follows Zoe. Tom asks Eric. John wants Jake. Peter fears Jason. Sarah visits Ryan. James hates Emily. David calls Helen. Mary thanks Andrew. Laura tells Sophia. Mike likes Karen. Chris needs Jane. Mark helps Robert. Paul meets Olivia. Kate knows Linda. Kate knows,20,Linda
Mary likes Lucy. Lisa hates Adam. Amy thanks Robert. Chris loves Olivia. Alex asks Sophia. Sarah wants Jake. Kevin texts Thomas. Tom sees Grace. John visits Helen. Susan pays Andrew. Emma calls Daniel. David trusts Jane. Mark follows Linda. James finds Jason. Anna needs Brian. Mike knows Zoe. Kate helps Karen. Laura tells Eric. Paul meets Ryan. Peter fears Emily. Peter fears,20,Emily
Anna likes Thomas. Peter sees Lucy. Laura helps Robert. Lisa tells Emily. John thanks Jake. Kevin fears Karen. Mike calls Jason. Amy follows Zoe. James trusts Eric. Kate visits Adam. Susan asks Linda. Sarah knows Brian. David wants Sophia. Mary hates Olivia. Chris loves Jane. Emma pays Ryan. Tom meets Helen. Mark texts Daniel. Paul finds Andrew. Alex needs Grace. Alex needs,20,Grace
Sarah finds Jane. Kevin hates Robert. Lisa needs Thomas. Emma texts Eric. Susan knows Lucy. David fears Olivia. Peter asks Sophia. Laura wants Zoe. Mark follows Daniel. Paul visits Karen. Anna likes Jason. Mary loves Grace. Mike helps Andrew. John tells Jake. Tom sees Emily. Amy trusts Brian. Kate meets Helen. Chris calls Adam. Alex pays Linda. James thanks Ryan. James thanks,20,Ryan
Tom meets Helen. Kate hates Andrew. David wants Zoe. Anna finds Karen. Mary trusts Jane. Laura needs Robert. Mike knows Jason. James calls Adam. Emma thanks Jake. Chris pays Emily. Lisa visits Eric. Alex loves Lucy. Peter follows Brian. Susan fears Olivia. Amy tells Grace. John helps Daniel. Mark likes Ryan. Paul sees Sophia. Kevin asks Linda. Sarah texts Thomas. Sarah texts,20,Thomas
Paul follows Jake. Mary asks Robert. Mark needs Karen. Sarah hates Jason. Amy wants Daniel. James trusts Helen. Alex fears Emily. Emma sees Olivia. Anna tells Lucy. Tom thanks Sophia. Peter texts Ryan. Lisa likes Thomas. David loves Adam. John helps Grace. Susan visits Eric. Kevin calls Zoe. Laura pays Jane. Chris meets Andrew. Mike finds Linda. Kate knows Brian. Kate knows,20,Brian
