input,target_position,completion
Amy tells Zoe. James tells Brian. Paul tells Karen. David tells Ryan. Mike tells Jane. Anna tells Olivia. Susan tells Daniel. Kevin tells Jake. Emma tells Robert. Peter tells Andrew. Laura tells Eric. Tom tells Linda. John tells Thomas. Kate tells Grace. Mary tells Helen. Chris tells Emily. Alex tells Adam. Lisa tells Jason. Mark tells Lucy. Sarah tells Sophia. Amy tells,1,Zoe
Laura helps Andrew. Amy helps Zoe. Mary helps Brian. Emma helps Helen. John helps Robert. Tom helps Thomas. Alex helps Olivia. Chris helps Grace. Anna helps Ryan. Lisa helps Linda. Mike helps Jane. Susan helps Karen. Mark helps Jake. David helps Jason. Kate helps Adam. Sarah helps Emily. Peter helps Sophia. Kevin helps Eric. James helps Lucy. Paul helps Daniel. Laura helps,1,Andrew
Anna hates Jake. Laura hates Brian. Tom hates Olivia. Susan hates Adam. Chris hates Karen. Paul hates Ryan. Emma hates Emily. Lisa hates Linda. Kate hates Jason. Alex hates Helen. Mark hates Robert. Mike hates Daniel. James hates Zoe. Kevin hates Lucy. David hates Grace. Amy hates Jane. Mary hates Andrew. Sarah hates Sophia. Peter hates Eric. John hates Thomas. Anna hates,1,Jake
Anna pays Karen. Laura pays Grace. Lisa pays Jake. Mike pays Brian. Tom pays Ryan. Mary pays Daniel. James pays Emily. John pays Zoe. Mark pays Lucy. David pays Helen. Susan pays Eric. Emma pays Jane. Alex pays Adam. Kevin pays Sophia. Peter pays Thomas. Kate pays Jason. Paul pays Linda. Sarah pays Andrew. Amy pays Olivia. Chris pays Robert. Anna pays,1,Karen
Mike tells Grace. John tells Helen. Tom tells Eric. David tells Daniel. Mark tells Lucy. Lisa tells Brian. Mary tells Andrew. James tells Zoe. Alex tells Ryan. Laura tells Jane. Kate tells Robert. Susan tells Linda. Anna tells Jake. Amy tells Karen. Paul tells Thomas. Peter tells Adam. Sarah tells Emily. Chris tells Olivia. Emma tells Jason. Kevin tells Sophia. Mike tells,1,Grace
Emma tells Andrew. David tells Karen. Anna tells Olivia. Lisa tells Brian. Sarah tells Linda. Susan tells Adam. Mark tells Sophia. Amy tells Daniel. Tom tells Ryan. Peter tells Emily. Alex tells Helen. James tells Jake. Kevin tells Jason. Paul tells Zoe. Mike tells Grace. Kate tells Eric. Chris tells Robert. John tells Thomas. Mary tells Jane. Laura tells Lucy. Emma tells,1,Andrew
Mark likes Daniel. Lisa likes Helen. John likes Emily. Chris likes Brian. Paul likes Jake. Anna likes Sophia. Amy likes Lucy. David likes Thomas. Sarah likes Eric. Laura likes Robert. Emma likes Olivia. Tom likes Jason. Alex likes Karen. Kevin likes Andrew. Kate likes Jane. Mary likes Zoe. Mike likes Grace. Susan likes Adam. Peter likes Ryan. James likes Linda. Mark likes,1,Daniel
Paul fears Thomas. David fears Brian. Mark fears Jason. Kevin fears Jane. Alex fears Emily. James fears Robert. Mike fears Linda. John fears Grace. Mary fears Ryan. Sarah fears Zoe. Anna fears Sophia. Susan fears Jake. Kate fears Adam. Chris fears Helen. Emma fears Andrew. Amy fears Eric. Peter fears Olivia. Lisa fears Karen. Tom fears Lucy. Laura fears Daniel. Paul fears,1,Thomas
Peter visits Helen. John visits Eric. Mark visits Jason. Amy visits Ryan. Kate visits Brian. James visits Jake. Paul visits Olivia. Alex visits Grace. Tom visits Lucy. Lisa visits Sophia. Emma visits Karen. Laura visits Linda. Mary visits Jane. Sarah visits Andrew. Mike visits Emily. Anna visits Thomas. Susan visits Daniel. Chris visits Zoe. Kevin visits Robert. David visits Adam. Peter visits,1,Helen
Laura hates Jason. James hates Helen. Alex hates Daniel. Tom hates Zoe. John hates Adam. Paul hates Jake. Peter hates Eric. Anna hates Andrew. Kevin hates Thomas. Mike hates Olivia. Kate hates Lucy. Chris hates Linda. Amy hates Sophia. Mary hates Grace. Sarah hates Jane. David hates Karen. Emma hates Robert. Susan hates Brian. Lisa hates Emily. Mark hates Ryan. Laura hates,1,Jason
Alex trusts Daniel. Kate trusts Emily. Sarah trusts Brian. Peter trusts Helen. Mary trusts Robert. Laura trusts Thomas. Mike trusts Lucy. Susan trusts Jake. Paul trusts Ryan. Amy trusts Jason. Tom trusts Jane. John trusts Eric. Chris trusts Adam. James trusts Zoe. Lisa trusts Karen. Mark trusts Andrew. Anna trusts Grace. David trusts Sophia. Emma trusts Olivia. Kevin trusts Linda. Alex trusts,1,Daniel
Paul follows Karen. Laura follows Ryan. James follows Eric. Anna follows Zoe. Lisa follows Linda. Amy follows Lucy. Peter follows Adam. Mary follows Brian. Mark follows Thomas. John follows Grace. Susan follows Sophia. Sarah follows Helen. Mike follows Jason. Tom follows Emily. Kate follows Jane. Emma follows Andrew. Chris follows Olivia. Alex follows Jake. David follows Robert. Kevin follows Daniel. Paul follows,1,Karen
Mark asks Karen. Kate asks Sophia. James asks Daniel. Kevin asks Jason. Mary asks Brian. Amy asks Robert. Peter asks Eric. Lisa asks Ryan. Emma asks Zoe. Tom asks Lucy. Susan asks Linda. Alex asks Grace. Laura asks Helen. Anna asks Emily. Sarah asks Adam. Chris asks Jane. Mike asks Andrew. John asks Jake. Paul asks Thomas. David asks Olivia. Mark asks,1,Karen
Peter needs Daniel. Anna needs Lucy. James needs Karen. Mike needs Eric. Sarah needs Ryan. Kate needs Helen. Emma needs Zoe. Paul needs Thomas. Tom needs Robert. Alex needs Andrew. Laura needs Sophia. Mary needs Jason. John needs Olivia. Kevin needs Jane. Lisa needs Brian. Amy needs Adam. David needs Grace. Chris needs Linda. Mark needs Jake. Susan needs Emily. Peter needs,1,Daniel
Emma hates Daniel. Mary hates Jane. Paul hates Brian. Chris hates Robert. Anna hates Helen. Susan hates Thomas. Laura hates Jason. Peter hates Zoe. John hates Sophia. James hates Eric. Kate hates Grace. Lisa hates Jake. Sarah hates Andrew. Amy hates Emily. Kevin hates Linda. Mike hates Ryan. Alex hates Lucy. David hates Karen. Mark hates Adam. Tom hates Olivia. Emma hates,1,Daniel
John helps Jason. Paul helps Lucy. Laura helps Linda. Peter helps Thomas. Kate helps Andrew. Sarah helps Robert. Susan helps Emily. Anna helps Adam. Lisa helps Jake. Chris helps Grace. Mary helps Eric. Alex helps Ryan. Emma helps Brian. Mark helps Daniel. Mike helps Jane. David helps Olivia. Amy helps Sophia. James helps Helen. Tom helps Zoe. Kevin helps Karen. John helps,1,Jason
Sarah helps Daniel. Susan helps Karen. Tom helps Ryan. David helps Sophia. Alex helps Brian. Lisa helps Grace. Anna helps Thomas. Amy helps Adam. Emma helps Olivia. Kevin helps Jason. Peter helps Jake. James helps Emily. John helps Zoe. Kate helps Robert. Chris helps Andrew. Mary helps Eric. Mark helps Linda. Paul helps Jane. Laura helps Lucy. Mike helps Helen. Sarah helps,1,Daniel
Peter likes Jason. Paul likes Karen. Kate likes Adam. Mark likes Sophia. Tom likes Emily. Kevin likes Jake. Lisa likes Eric. David likes Daniel. Sarah likes Andrew. Laura likes Olivia. John likes Grace. James likes Lucy. Amy likes Robert. Mary likes Helen. Mike likes Jane. Alex likes Ryan. Emma likes Brian. Anna likes Linda. Susan likes Thomas. Chris likes Zoe. Peter likes,1,Jason
Tom sees Zoe. Paul sees Helen. Mary sees Sophia. Kate sees Lucy. Peter sees Jason. Mike sees Emily. Sarah sees Olivia. Emma sees Daniel. Lisa sees Thomas. Laura sees Eric. Susan sees Linda. Chris sees Jane. Mark sees Jake. Kevin sees Karen. David sees Brian. Amy sees Robert. John sees Grace. James sees Andrew. Alex sees Ryan. Anna sees Adam. Tom sees,1,Zoe
Paul hates Karen. Mark hates Zoe. David hates Thomas. Amy hates Lucy. Lisa hates Helen. Sarah hates Robert. James hates Jake. Laura hates Adam. Mike hates Jane. Susan hates Olivia. Tom hates Linda. Peter hates Jason. Chris hates Ryan. Alex hates Grace. Anna hates Daniel. John hates Sophia. Kate hates Emily. Kevin hates Andrew. Mary hates Eric. Emma hates Brian. Paul hates,1,Karen
Mary needs Jake. Amy needs Linda. Mike needs Daniel. Sarah needs Lucy. Mark needs Olivia. David needs Sophia. Kevin needs Karen. Emma needs Eric. John needs Zoe. Anna needs Robert. Lisa needs Ryan. James needs Adam. Tom needs Helen. Alex needs Thomas. Paul needs Grace. Kate needs Jane. Susan needs Brian. Peter needs Emily. Chris needs Jason. Laura needs Andrew. Amy needs,2,Linda
Laura fears Daniel. Anna fears Zoe. Susan fears Andrew. Kate fears Grace. Amy fears Helen. Paul fears Lucy. Peter fears Jane. Alex fears Sophia. Kevin fears Jake. Mark fears Brian. Chris fears Karen. James fears Robert. Lisa fears Eric. David fears Linda. Emma fears Ryan. Sarah fears Jason. John fears Olivia. Mary fears Thomas. Tom fears Emily. Mike fears Adam. Anna fears,2,Zoe
Mark knows Jason. Tom knows Brian. Paul knows Olivia. Emma knows Eric. Chris knows Grace. Susan knows Thomas. Peter knows Lucy. Kevin knows Zoe. Laura knows Jake. David knows Jane. Sarah knows Linda. Alex knows Ryan. John knows Adam. Kate knows Andrew. Amy knows Emily. Lisa knows Karen. Anna knows Sophia. Mike knows Robert. Mary knows Daniel. James knows Helen. Tom knows,2,Brian
Paul calls Eric. Kate calls Jane. Chris calls Jason. Alex calls Grace. Laura calls Adam. Susan calls Jake. Emma calls Olivia. Mary calls Linda. Lisa calls Helen. Peter calls Brian. James calls Ryan. John calls Sophia. Mark calls Karen. Sarah calls Thomas. Mike calls Daniel. David calls Zoe. Tom calls Emily. Kevin calls Andrew. Anna calls Lucy. Amy calls Robert. Kate calls,2,Jane
Emma follows Zoe. Mike follows Robert. Laura follows Linda. James follows Grace. Alex follows Ryan. Peter follows Olivia. Mary follows Jane. Mark follows Daniel. Paul follows Brian. Lisa follows Jake. Tom follows Karen. Susan follows Sophia. David follows Adam. John follows Jason. Kate follows Emily. Sarah follows Helen. Kevin follows Eric. Anna follows Lucy. Amy follows Andrew. Chris follows Thomas. Mike follows,2,Robert
Lisa follows Sophia. James follows Jake. Susan follows Jane. Kate follows Andrew. Paul follows Brian. John follows Lucy. Chris follows Helen. Mike follows Eric. Tom follows Olivia. Alex follows Karen. Sarah follows Jason. Amy follows Linda. Peter follows Emily. Mark follows Ryan. Anna follows Grace. David follows Zoe. Mary follows Thomas. Kevin follows Adam. Laura follows Daniel. Emma follows Robert. James follows,2,Jake
Alex sees Eric. Tom sees Brian. John sees Sophia. Kate sees Robert. Paul sees Ryan. David sees Linda. Sarah sees Helen. James sees Grace. Laura sees Zoe. Peter sees Olivia. Anna sees Jake. Lisa sees Daniel. Emma sees Adam. Mark sees Lucy. Chris sees Andrew. Susan sees Jason. Amy sees Karen. Mary sees Emily. Mike sees Jane. Kevin sees Thomas. Tom sees,2,Brian
Alex fears Emily. Lisa fears Lucy. Kate fears Jake. Mark fears Brian. Mary fears Helen. Susan fears Jason. Amy fears Ryan. Mike fears Linda. Peter fears Robert. James fears Andrew. John fears Eric. Tom fears Daniel. Anna fears Zoe. Chris fears Thomas. Emma fears Grace. Kevin fears Adam. David fears Karen. Sarah fears Jane. Laura fears Sophia. Paul fears Olivia. Lisa fears,2,Lucy
Emma knows Brian. Mary knows Linda. Lisa knows Jane. Chris knows Jason. Kevin knows Emily. Amy knows Grace. Laura knows Olivia. Sarah knows Ryan. James knows Lucy. Peter knows Robert. Anna knows Karen. Mike knows Daniel. Tom knows Adam. Paul knows Sophia. Alex knows Thomas. Susan knows Eric. David knows Zoe. Kate knows Andrew. John knows Jake. Mark knows Helen. Mary knows,2,Linda
Kate wants Grace. Chris wants Emily. David wants Linda. John wants Helen. Mike wants Brian. Paul wants Ryan. Amy wants Karen. Emma wants Eric. Peter wants Jason. James wants Jane. Tom wants Sophia. Kevin wants Zoe. Mary wants Lucy. Alex wants Olivia. Lisa wants Adam. Sarah wants Robert. Mark wants Andrew. Susan wants Thomas. Anna wants Jake. Laura wants Daniel. Chris wants,2,Emily
Lisa calls Brian. Tom calls Daniel. Susan calls Andrew. Sarah calls Ryan. Mary calls Eric. Kate calls Lucy. Kevin calls Sophia. Alex calls Emily. Anna calls Karen. Chris calls Zoe. Amy calls Jane. Laura calls Robert. Peter calls Thomas. Emma calls Olivia. Mike calls Helen. Paul calls Jason. David calls Jake. James calls Linda. John calls Grace. Mark calls Adam. Tom calls,2,Daniel
Kate hates Olivia. Tom hates Eric. Mary hates Jane. Kevin hates Jason. Amy hates Daniel. Peter hates Jake. James hates Sophia. David hates Karen. Paul hates Helen. Laura hates Brian. Lisa hates Grace. Anna hates Lucy. Chris hates Linda. Mark hates Zoe. John hates Thomas. Sarah hates Ryan. Susan hates Emily. Mike hates Adam. Emma hates Andrew. Alex hates Robert. Tom hates,2,Eric
Sarah hates Olivia. Laura hates Brian. Lisa hates Adam. Mike hates Grace. Anna hates Sophia. Paul hates Karen. David hates Jason. James hates Thomas. Susan hates Emily. Alex hates Linda. Chris hates Lucy. Mark hates Eric. Kate hates Ryan. Kevin hates Daniel. Emma hates Helen. Tom hates Jake. John hates Andrew. Mary hates Robert. Amy hates Zoe. Peter hates Jane. Laura hates,2,Brian
Susan knows Helen. James knows Sophia. Alex knows Karen. Mike knows Daniel. Amy knows Jake. Tom knows Linda. John knows Jane. Lisa knows Brian. Paul knows Zoe. David knows Jason. Mary knows Robert. Sarah knows Andrew. Kate knows Adam. Chris knows Eric. Anna knows Olivia. Kevin knows Grace. Peter knows Thomas. Laura knows Emily. Emma knows Lucy. Mark knows Ryan. James knows,2,Sophia
Kate hates Daniel. Laura hates Helen. Susan hates Jane. Paul hates Olivia. Chris hates Andrew. Emma hates Jake. Peter hates Robert. Mary hates Zoe. David hates Brian. Tom hates Ryan. James hates Linda. Anna hates Karen. Sarah hates Sophia. Mark hates Jason. Lisa hates Lucy. Alex hates Emily. Amy hates Eric. Mike hates Thomas. John hates Grace. Kevin hates Adam. Laura hates,2,Helen
Lisa helps Ryan. Mike helps Eric. Peter helps Helen. Mary helps Jane. Kate helps Sophia. James helps Jake. Sarah helps Adam. Tom helps Olivia. Alex helps Zoe. Emma helps Karen. Anna helps Thomas. John helps Andrew. Kevin helps Brian. Susan helps Linda. David helps Lucy. Paul helps Emily. Laura helps Daniel. Amy helps Jason. Mark helps Grace. Chris helps Robert. Mike helps,2,Eric
Kate likes Grace. Sarah likes Jake. Amy likes Brian. Lisa likes Andrew. Anna likes Linda. Chris likes Helen. Laura likes Sophia. Alex likes Thomas. John likes Jane. Kevin likes Jason. Peter likes Zoe. Emma likes Adam. Mark likes Eric. Mary likes Ryan. Tom likes Olivia. Paul likes Karen. Susan likes Robert. David likes Lucy. James likes Daniel. Mike likes Emily. Sarah likes,2,Jake
John hates Ryan. Mary hates Lucy. David hates Andrew. Sarah hates Sophia. Mark hates Zoe. Alex hates Linda. James hates Karen. Susan hates Jason. Peter hates Jane. Tom hates Thomas. Chris hates Helen. Emma hates Adam. Anna hates Brian. Amy hates Olivia. Laura hates Grace. Lisa hates Jake. Kate hates Daniel. Kevin hates Eric. Paul hates Robert. Mike hates Emily. Mary hates,2,Lucy
James trusts Linda. Laura trusts Adam. Peter trusts Lucy. Kate trusts Grace. David trusts Emily. Paul trusts Daniel. Sarah trusts Eric. Mary trusts Sophia. Amy trusts Andrew. Mike trusts Ryan. John trusts Jason. Susan trusts Thomas. Mark trusts Brian. Kevin trusts Jane. Emma trusts Jake. Lisa trusts Karen. Chris trusts Robert. Tom trusts Zoe. Anna trusts Olivia. Alex trusts Helen. Laura trusts,2,Adam
James asks Helen. Paul asks Jake. Alex asks Sophia. Kevin asks Zoe. Laura asks Jane. Sarah asks Emily. Peter asks Daniel. Chris asks Linda. Anna asks Jason. Lisa asks Grace. David asks Brian. Mark asks Thomas. Kate asks Ryan. Mary asks Adam. Mike asks Lucy. Amy asks Robert. Susan asks Andrew. John asks Olivia. Tom asks Eric. Emma asks Karen. Paul asks,2,Jake
Paul likes Thomas. Mike likes Daniel. Emma likes Helen. John likes Grace. Sarah likes Ryan. Kate likes Brian. Mark likes Karen. Susan likes Sophia. Lisa likes Emily. Chris likes Jake. Tom likes Zoe. Peter likes Eric. Alex likes Linda. Anna likes Jason. James likes Adam. Laura likes Jane. Kevin likes Robert. Amy likes Andrew. David likes Olivia. Mary likes Lucy. Emma likes,3,Helen
Sarah visits Thomas. Peter visits Daniel. Paul visits Karen. Mary visits Eric. Susan visits Emily. John visits Ryan. Laura visits Adam. Emma visits Jason. Tom visits Zoe. James visits Sophia. Mike visits Helen. Kevin visits Lucy. Lisa visits Olivia. Amy visits Jane. Anna visits Brian. Alex visits Andrew. Kate visits Grace. Mark visits Jake. David visits Robert. Chris visits Linda. Paul visits,3,Karen
Alex knows Andrew. Kate knows Brian. Chris knows Robert. Lisa knows Emily. Mike knows Sophia. David knows Eric. Susan knows Jake. Mary knows Helen. Sarah knows Jason. Amy knows Olivia. James knows Linda. Peter knows Zoe. John knows Grace. Kevin knows Lucy. Tom knows Ryan. Anna knows Jane. Paul knows Daniel. Emma knows Karen. Laura knows Adam. Mark knows Thomas. Chris knows,3,Robert
Amy helps Eric. Alex helps Jane. Mary helps Zoe. Mark helps Sophia. Susan helps Ryan. Lisa helps Daniel. Mike helps Jason. Anna helps Linda. Emma helps Emily. David helps Grace. Chris helps Lucy. Sarah helps Karen. Kevin helps Adam. James helps Olivia. Kate helps Brian. Paul helps Robert. Laura helps Jake. Tom helps Helen. John helps Andrew. Peter helps Thomas. Mary helps,3,Zoe
Lisa trusts Lucy. John trusts Adam. Sarah trusts Jake. Alex trusts Linda. Tom trusts Eric. Amy trusts Daniel. Kevin trusts Karen. James trusts Thomas. Mike trusts Andrew. Kate trusts Sophia. Emma trusts Helen. Paul trusts Zoe. Mary trusts Robert. Susan trusts Emily. Mark trusts Jason. Peter trusts Olivia. Chris trusts Jane. Anna trusts Brian. David trusts Ryan. Laura trusts Grace. Sarah trusts,3,Jake
Amy loves Jane. David loves Andrew. Paul loves Robert. Tom loves Thomas. Sarah loves Daniel. Mark loves Adam. James loves Grace. Peter loves Jason. Chris loves Eric. Alex loves Emily. Laura loves Jake. Lisa loves Linda. Susan loves Sophia. Kate loves Lucy. Emma loves Brian. Mary loves Ryan. Mike loves Zoe. John loves Karen. Kevin loves Helen. Anna loves Olivia. Paul loves,3,Robert
Amy wants Andrew. Tom wants Robert. James wants Helen. Sarah wants Thomas. David wants Adam. John wants Daniel. Mark wants Eric. Paul wants Karen. Alex wants Ryan. Emma wants Jason. Mike wants Lucy. Lisa wants Sophia. Anna wants Jake. Kate wants Emily. Susan wants Olivia. Chris wants Linda. Laura wants Brian. Mary wants Zoe. Peter wants Grace. Kevin wants Jane. James wants,3,Helen
Chris visits Brian. Sarah visits Karen. Kevin visits Sophia. Anna visits Thomas. John visits Adam. Paul visits Olivia. David visits Jake. Susan visits Grace. Tom visits Ryan. James visits Jane. Mark visits Jason. Mike visits Zoe. Lisa visits Lucy. Kate visits Eric. Peter visits Emily. Amy visits Linda. Emma visits Helen. Mary visits Daniel. Alex visits Andrew. Laura visits Robert. Kevin visits,3,Sophia
Susan tells Thomas. Mark tells Brian. Lisa tells Olivia. John tells Helen. Emma tells Daniel. Alex tells Adam. Mike tells Andrew. David tells Karen. Laura tells Lucy. James tells Jane. Anna tells Jason. Chris tells Sophia. Amy tells Eric. Kate tells Jake. Peter tells Robert. Paul tells Zoe. Sarah tells Grace. Mary tells Linda. Tom tells Emily. Kevin tells Ryan. Lisa tells,3,Olivia
James follows Sophia. David follows Thomas. Kate follows Lucy. Tom follows Zoe. Peter follows Andrew. Kevin follows Jason. John follows Helen. Paul follows Jane. Susan follows Brian. Anna follows Robert. Mark follows Karen. Sarah follows Ryan. Alex follows Jake. Mike follows Daniel. Chris follows Olivia. Mary follows Linda. Amy follows Eric. Emma follows Adam. Laura follows Grace. Lisa follows Emily. Kate follows,3,Lucy
Lisa likes Linda. Mark likes Eric. Mike likes Daniel. Laura likes Robert. Tom likes Karen. Alex likes Brian. Chris likes Emily. Anna likes Lucy. Kevin likes Jake. Amy likes Helen. James likes Thomas. Peter likes Andrew. Kate likes Jane. David likes Zoe. Emma likes Ryan. John likes Olivia. Mary likes Sophia. Paul likes Jason. Susan likes Adam. Sarah likes Grace. Mike likes,3,Daniel
Mark thanks Adam. Paul thanks Thomas. Laura thanks Lucy. Mary thanks Ryan. James thanks Jake. Tom thanks Jane. Anna thanks Sophia. Alex thanks Jason. Lisa thanks Karen. Peter thanks Brian. Sarah thanks Daniel. Susan thanks Grace. Kevin thanks Zoe. Chris thanks Eric. Amy thanks Emily. John thanks Helen. Emma thanks Robert. Mike thanks Olivia. Kate thanks Linda. David thanks Andrew. Laura thanks,3,Lucy
David calls Jane. Peter calls Jake. John calls Linda. Mike calls Ryan. Anna calls Daniel. Alex calls Robert. Lisa calls Jason. Emma calls Lucy. Tom calls Helen. Chris calls Eric. Paul calls Brian. Susan calls Thomas. Kevin calls Emily. Mark calls Grace. James calls Andrew. Laura calls Karen. Sarah calls Olivia. Kate calls Sophia. Amy calls Adam. Mary calls Zoe. John calls,3,Linda
Tom loves Emily. Susan loves Helen. Mike loves Jason. Mark loves Zoe. David loves Sophia. Lisa loves Ryan. Kate loves Jake. Anna loves Linda. John loves Andrew. James loves Thomas. Emma loves Olivia. Mary loves Jane. Alex loves Adam. Peter loves Lucy. Chris loves Grace. Amy loves Brian. Kevin loves Robert. Paul loves Daniel. Sarah loves Eric. Laura loves Karen. Mike loves,3,Jason
Sarah visits Linda. Kate visits Eric. Kevin visits Emily. Anna visits Karen. Susan visits Olivia. Paul visits Helen. John visits Sophia. Mary visits Daniel. Emma visits Jake. Laura visits Ryan. David visits Thomas. Mark visits Lucy. Alex visits Brian. Tom visits Robert. James visits Adam. Mike visits Zoe. Lisa visits Grace. Amy visits Jason. Chris visits Jane. Peter visits Andrew. Kevin visits,3,Emily
James texts Jason. Mike texts Emily. Lisa texts Olivia. Mary texts Ryan. Sarah texts Grace. Anna texts Karen. John texts Jake. Kevin texts Sophia. Kate texts Jane. Chris texts Helen. Alex texts Daniel. Laura texts Eric. Tom texts Andrew. Susan texts Brian. Mark texts Robert. David texts Linda. Paul texts Thomas. Peter texts Zoe. Emma texts Adam. Amy texts Lucy. Lisa texts,3,Olivia
Lisa meets Emily. Susan meets Grace. John meets Zoe. Paul meets Andrew. Mary meets Brian. Amy meets Robert. Kate meets Karen. Mark meets Eric. Kevin meets Adam. Mike meets Sophia. Laura meets Daniel. James meets Jane. Emma meets Lucy. Anna meets Helen. Tom meets Thomas. David meets Olivia. Sarah meets Linda. Peter meets Jake. Alex meets Jason. Chris meets Ryan. John meets,3,Zoe
Kevin pays Helen. Kate pays Thomas. Peter pays Olivia. Lisa pays Karen. Mike pays Robert. Tom pays Jake. Paul pays Grace. Chris pays Ryan. Mary pays Emily. Laura pays Jason. Amy pays Jane. Anna pays Lucy. Susan pays Sophia. Sarah pays Linda. James pays Andrew. Alex pays Zoe. Emma pays Adam. Mark pays Eric. John pays Brian. David pays Daniel. Peter pays,3,Olivia
Emma wants Ryan. Mike wants Brian. Tom wants Grace. Sarah wants Jason. Anna wants Helen. Paul wants Daniel. Peter wants Jane. Kevin wants Jake. Mary wants Lucy. James wants Eric. David wants Karen. Amy wants Zoe. Mark wants Andrew. Lisa wants Adam. John wants Thomas. Susan wants Emily. Alex wants Robert. Chris wants Olivia. Kate wants Sophia. Laura wants Linda. Tom wants,3,Grace
Mary knows Jason. Amy knows Jane. Sarah knows Andrew. Peter knows Sophia. Susan knows Ryan. Paul knows Karen. David knows Lucy. John knows Linda. Alex knows Helen. Anna knows Olivia. Emma knows Daniel. Mark knows Grace. James knows Eric. Chris knows Adam. Kate knows Jake. Lisa knows Brian. Tom knows Zoe. Laura knows Robert. Mike knows Thomas. Kevin knows Emily. Sarah knows,3,Andrew
Susan sees Andrew. Emma sees Helen. Kate sees Emily. Anna sees Robert. Laura sees Jane. Tom sees Ryan. Mark sees Daniel. Peter sees Eric. Chris sees Jake. Alex sees Adam. Mike sees Karen. James sees Linda. Sarah sees Sophia. David sees Brian. Paul sees Thomas. Lisa sees Zoe. Kevin sees Olivia. John sees Lucy. Mary sees Grace. Amy sees Jason. Anna sees,4,Robert
Paul finds Lucy. Kate finds Emily. David finds Grace. Kevin finds Daniel. Mary finds Olivia. Chris finds Helen. Alex finds Andrew. Anna finds Robert. Emma finds Jane. Laura finds Jason. Mark finds Zoe. Mike finds Ryan. Sarah finds Thomas. Lisa finds Brian. Tom finds Linda. Amy finds Sophia. James finds Karen. John finds Jake. Peter finds Adam. Susan finds Eric. Kevin finds,4,Daniel
Amy meets Emily. Mike meets Jason. David meets Karen. John meets Zoe. Sarah meets Brian. Paul meets Jane. Alex meets Robert. Laura meets Helen. James meets Andrew. Mary meets Ryan. Anna meets Grace. Kevin meets Sophia. Susan meets Thomas. Emma meets Adam. Kate meets Lucy. Lisa meets Jake. Mark meets Olivia. Peter meets Eric. Tom meets Linda. Chris meets Daniel. John meets,4,Zoe
Lisa finds Ryan. James finds Daniel. Tom finds Jake. Kevin finds Olivia. John finds Linda. Mark finds Jane. Anna finds Helen. Mary finds Lucy. Laura finds Emily. Amy finds Sophia. Mike finds Adam. Paul finds Eric. Susan finds Grace. Emma finds Zoe. Peter finds Robert. Chris finds Brian. Sarah finds Thomas. Kate finds Andrew. Alex finds Karen. David finds Jason. Kevin finds,4,Olivia
James likes Zoe. Anna likes Robert. David likes Adam. Emma likes Daniel. Mary likes Jane. Kate likes Helen. Laura likes Andrew. Peter likes Thomas. Chris likes Jake. Kevin likes Brian. Amy likes Emily. Mark likes Lucy. Lisa likes Grace. Tom likes Olivia. John likes Sophia. Susan likes Linda. Mike likes Jason. Sarah likes Ryan. Alex likes Karen. Paul likes Eric. Emma likes,4,Daniel
Tom wants Daniel. Lisa wants Jake. Laura wants Linda. Chris wants Robert. Mary wants Emily. Anna wants Thomas. Peter wants Jason. Alex wants Adam. Sarah wants Olivia. Mark wants Eric. Kate wants Andrew. David wants Ryan. Emma wants Sophia. Kevin wants Zoe. John wants Lucy. Amy wants Helen. Paul wants Jane. Susan wants Karen. Mike wants Brian. James wants Grace. Chris wants,4,Robert
Chris asks Adam. Peter asks Ryan. Mike asks Karen. Sarah asks Robert. Mark asks Olivia. David asks Jane. Emma asks Lucy. Tom asks Sophia. James asks Helen. Kevin asks Jason. Lisa asks Grace. Susan asks Thomas. Paul asks Zoe. John asks Brian. Anna asks Emily. Alex asks Andrew. Laura asks Daniel. Kate asks Eric. Mary asks Jake. Amy asks Linda. Sarah asks,4,Robert
Susan needs Thomas. Tom needs Adam. Chris needs Jane. Anna needs Jake. Lisa needs Daniel. Mike needs Eric. Kate needs Brian. Mark needs Linda. Kevin needs Lucy. James needs Helen. Emma needs Ryan. Paul needs Olivia. Sarah needs Grace. Laura needs Emily. Alex needs Sophia. Peter needs Zoe. Mary needs Jason. Amy needs Robert. David needs Andrew. John needs Karen. Anna needs,4,Jake
Peter thanks Brian. Paul thanks Linda. Emma thanks Olivia. Mary thanks Lucy. Anna thanks Grace. Amy thanks Sophia. Kate thanks Thomas. Mike thanks Andrew. Sarah thanks Eric. Tom thanks Karen. Chris thanks Helen. Susan thanks Jason. James thanks Ryan. Lisa thanks Zoe. Laura thanks Jake. Mark thanks Robert. John thanks Jane. David thanks Emily. Alex thanks Adam. Kevin thanks Daniel. Mary thanks,4,Lucy
Amy pays Emily. Mary pays Zoe. Mike pays Robert. Mark pays Thomas. Susan pays Daniel. Alex pays Sophia. Anna pays Ryan. Kevin pays Olivia. David pays Lucy. Chris pays Linda. Tom pays Jane. James pays Adam. Emma pays Andrew. Kate pays Jake. Paul pays Grace. Lisa pays Karen. Peter pays Helen. Laura pays Brian. John pays Jason. Sarah pays Eric. Mark pays,4,Thomas
Emma thanks Daniel. Chris thanks Brian. Mark thanks Jason. John thanks Eric. Tom thanks Ryan. Mary thanks Zoe. Susan thanks Jane. Amy thanks Grace. Alex thanks Lucy. David thanks Adam. Kevin thanks Robert. James thanks Jake. Lisa thanks Linda. Kate thanks Karen. Peter thanks Sophia. Laura thanks Olivia. Paul thanks Emily. Anna thanks Thomas. Mike thanks Andrew. Sarah thanks Helen. John thanks,4,Eric
Mike asks Jane. Mark asks Helen. Sarah asks Sophia. James asks Olivia. Laura asks Zoe. Anna asks Jason. David asks Thomas. Emma asks Grace. Alex asks Brian. Paul asks Karen. Tom asks Ryan. Kate asks Linda. Peter asks Adam. John asks Robert. Kevin asks Lucy. Amy asks Jake. Susan asks Emily. Mary asks Daniel. Chris asks Eric. Lisa asks Andrew. James asks,4,Olivia
Amy visits Lucy. Tom visits Jane. Mark visits Robert. Mary visits Grace. Alex visits Karen. James visits Daniel. Kate visits Sophia. John visits Linda. Sarah visits Thomas. Anna visits Eric. Chris visits Adam. Lisa visits Emily. Peter visits Olivia. Mike visits Helen. Kevin visits Andrew. Emma visits Ryan. Susan visits Jason. Laura visits Brian. David visits Zoe. Paul visits Jake. Mary visits,4,Grace
John likes Jane. Laura likes Brian. Mary likes Olivia. Anna likes Emily. James likes Eric. Mike likes Zoe. Peter likes Daniel. Amy likes Grace. Lisa likes Thomas. Alex likes Adam. Kevin likes Lucy. Susan likes Jake. Chris likes Linda. David likes Andrew. Sarah likes Sophia. Kate likes Jason. Paul likes Helen. Mark likes Karen. Tom likes Robert. Emma likes Ryan. Anna likes,4,Emily
Mike visits Karen. Anna visits Zoe. Chris visits Adam. Kevin visits Olivia. Paul visits Eric. Kate visits Robert. Tom visits Emily. David visits Grace. Sarah visits Daniel. Alex visits Andrew. Lisa visits Jake. Peter visits Jane. Laura visits Sophia. Mary visits Jason. James visits Lucy. Susan visits Helen. Mark visits Ryan. Amy visits Thomas. Emma visits Linda. John visits Brian. Kevin visits,4,Olivia
James finds Andrew. Susan finds Jane. David finds Linda. Emma finds Emily. Mark finds Robert. Kate finds Lucy. Laura finds Grace. Anna finds Ryan. John finds Eric. Chris finds Jake. Peter finds Jason. Amy finds Daniel. Paul finds Sophia. Sarah finds Zoe. Lisa finds Thomas. Kevin finds Helen. Mary finds Olivia. Alex finds Adam. Mike finds Brian. Tom finds Karen. Emma finds,4,Emily
Sarah needs Adam. Alex needs Jane. Mark needs Robert. Tom needs Grace. Emma needs Zoe. Lisa needs Emily. Anna needs Daniel. John needs Eric. David needs Ryan. Kevin needs Linda. James needs Jason. Paul needs Andrew. Mike needs Jake. Mary needs Olivia. Laura needs Karen. Peter needs Sophia. Amy needs Lucy. Chris needs Thomas. Susan needs Helen. Kate needs Brian. Tom needs,4,Grace
Emma sees Sophia. Susan sees Linda. Lisa sees Andrew. Peter sees Zoe. Mary sees Ryan. Mark sees Daniel. Chris sees Grace. Tom sees Jason. Anna sees Adam. Alex sees Jake. Kevin sees Jane. Mike sees Emily. Paul sees Lucy. Laura sees Eric. David sees Olivia. Kate sees Brian. John sees Thomas. Amy sees Helen. Sarah sees Karen. James sees Robert. Peter sees,4,Zoe
Susan fears Brian. Mary fears Andrew. Paul fears Jake. Mike fears Jason. Lisa fears Ryan. Sarah fears Adam. Alex fears Jane. Kate fears Sophia. Anna fears Thomas. James fears Linda. Tom fears Daniel. Peter fears Emily. Emma fears Karen. Laura fears Helen. Mark fears Eric. Kevin fears Olivia. David fears Robert. Chris fears Lucy. Amy fears Zoe. John fears Grace. Mike fears,4,Jason
Laura fears Eric. Mike fears Helen. Emma fears Andrew. Tom fears Brian. Mary fears Sophia. Chris fears Olivia. Sarah fears Karen. Paul fears Thomas. Kate fears Jake. James fears Adam. Alex fears Zoe. Mark fears Ryan. John fears Emily. Peter fears Linda. Anna fears Jason. Susan fears Robert. Kevin fears Jane. Lisa fears Grace. David fears Daniel. Amy fears Lucy. Tom fears,4,Brian
Tom knows Jason. Mary knows Grace. Kevin knows Robert. Anna knows Lucy. Mark knows Andrew. Paul knows Karen. Chris knows Olivia. Alex knows Adam. Emma knows Thomas. Sarah knows Brian. Susan knows Sophia. Mike knows Ryan. Kate knows Jane. Laura knows Eric. John knows Jake. Lisa knows Zoe. James knows Linda. Peter knows Daniel. Amy knows Emily. David knows Helen. Mark knows,5,Andrew
David meets Jason. Anna meets Lucy. Lisa meets Andrew. Kate meets Brian. Laura meets Daniel. Amy meets Emily. Alex meets Jake. Mark meets Grace. Susan meets Ryan. Tom meets Sophia. Chris meets Eric. Mary meets Olivia. Emma meets Zoe. Mike meets Thomas. James meets Jane. Peter meets Robert. Kevin meets Helen. Paul meets Karen. John meets Adam. Sarah meets Linda. Laura meets,5,Daniel
Laura wants Sophia. John wants Daniel. James wants Eric. Mary wants Grace. Susan wants Helen. Lisa wants Emily. Emma wants Jane. Paul wants Jason. Mike wants Linda. Sarah wants Lucy. Kate wants Karen. Mark wants Zoe. Amy wants Olivia. Chris wants Ryan. Anna wants Robert. David wants Brian. Peter wants Thomas. Kevin wants Adam. Alex wants Jake. Tom wants Andrew. Susan wants,5,Helen
Tom helps Daniel. Kate helps Robert. Peter helps Jason. Chris helps Grace. Kevin helps Thomas. Mary helps Jane. Laura helps Linda. Alex helps Eric. Sarah helps Sophia. Mark helps Emily. David helps Ryan. Amy helps Zoe. Emma helps Jake. Susan helps Karen. Anna helps Brian. Paul helps Andrew. James helps Lucy. Mike helps Adam. Lisa helps Olivia. John helps Helen. Kevin helps,5,Thomas
Emma knows Eric. Alex knows Helen. John knows Jake. Mary knows Karen. James knows Daniel. Tom knows Robert. Kate knows Grace. Kevin knows Sophia. Chris knows Jane. Paul knows Jason. Mike knows Lucy. Peter knows Zoe. Sarah knows Thomas. David knows Adam. Anna knows Emily. Susan knows Olivia. Lisa knows Brian. Amy knows Andrew. Laura knows Ryan. Mark knows Linda. James knows,5,Daniel
John follows Karen. Mary follows Emily. Kate follows Jake. Emma follows Lucy. Paul follows Olivia. Susan follows Linda. Laura follows Brian. Alex follows Eric. Amy follows Ryan. Lisa follows Robert. Tom follows Grace. Sarah follows Helen. Mark follows Adam. Kevin follows Jane. Anna follows Andrew. Mike follows Daniel. James follows Jason. Peter follows Sophia. Chris follows Thomas. David follows Zoe. Paul follows,5,Olivia
Sarah texts Brian. Tom texts Olivia. Amy texts Grace. Kate texts Thomas. Laura texts Daniel. Kevin texts Emily. Lisa texts Lucy. David texts Jake. James texts Karen. Mary texts Robert. Mark texts Helen. Alex texts Zoe. Emma texts Andrew. John texts Jane. Peter texts Linda. Mike texts Sophia. Paul texts Eric. Chris texts Adam. Susan texts Ryan. Anna texts Jason. Laura texts,5,Daniel
David trusts Adam. Amy trusts Karen. Sarah trusts Andrew. Susan trusts Emily. Peter trusts Helen. James trusts Olivia. John trusts Daniel. Emma trusts Lucy. Paul trusts Linda. Anna trusts Sophia. Kate trusts Zoe. Mark trusts Jane. Tom trusts Eric. Mike trusts Jake. Mary trusts Thomas. Alex trusts Grace. Chris trusts Robert. Kevin trusts Brian. Laura trusts Ryan. Lisa trusts Jason. Peter trusts,5,Helen
Tom visits Olivia. Lisa visits Zoe. Anna visits Robert. Laura visits Linda. Peter visits Adam. Mark visits Sophia. Alex visits Jake. Mike visits Thomas. Paul visits Brian. Susan visits Karen. David visits Ryan. Amy visits Jason. Chris visits Helen. Kevin visits Andrew. John visits Daniel. Emma visits Emily. Sarah visits Jane. Mary visits Eric. Kate visits Grace. James visits Lucy. Peter visits,5,Adam
Kate needs Adam. Mary needs Andrew. Kevin needs Lucy. Amy needs Zoe. Laura needs Thomas. Mike needs Daniel. Emma needs Sophia. Paul needs Grace. Peter needs Robert. Susan needs Olivia. John needs Emily. Anna needs Jason. Lisa needs Karen. Mark needs Brian. James needs Eric. David needs Ryan. Alex needs Helen. Chris needs Jane. Tom needs Jake. Sarah needs Linda. Laura needs,5,Thomas
Mark meets Helen. Amy meets Eric. Tom meets Grace. James meets Linda. Lisa meets Jake. Alex meets Thomas. Mike meets Ryan. Laura meets Andrew. Chris meets Adam. John meets Jane. Emma meets Zoe. David meets Olivia. Kate meets Brian. Susan meets Sophia. Mary meets Emily. Anna meets Jason. Paul meets Karen. Peter meets Robert. Sarah meets Lucy. Kevin meets Daniel. Lisa meets,5,Jake
Alex helps Adam. John helps Grace. James helps Andrew. Paul helps Emily. Kevin helps Jane. Anna helps Daniel. Susan helps Jason. Peter helps Thomas. Emma helps Ryan. David helps Eric. Amy helps Brian. Chris helps Linda. Sarah helps Jake. Tom helps Lucy. Lisa helps Robert. Mark helps Helen. Kate helps Karen. Mary helps Olivia. Mike helps Sophia. Laura helps Zoe. Kevin helps,5,Jane
Kate visits Robert. Lisa visits Emily. Alex visits Jake. James visits Jane. David visits Adam. Mark visits Olivia. John visits Linda. Mary visits Eric. Amy visits Sophia. Kevin visits Thomas. Tom visits Andrew. Sarah visits Brian. Paul visits Jason. Chris visits Daniel. Peter visits Ryan. Laura visits Zoe. Anna visits Helen. Emma visits Lucy. Mike visits Karen. Susan visits Grace. David visits,5,Adam
John fears Emily. Lisa fears Daniel. Kate fears Andrew. Mark fears Helen. Laura fears Thomas. Mary fears Jane. Anna fears Brian. Peter fears Olivia. Emma fears Sophia. Susan fears Ryan. Amy fears Eric. Alex fears Karen. David fears Jake. Chris fears Robert. Kevin fears Grace. Sarah fears Zoe. Tom fears Lucy. James fears Adam. Mike fears Linda. Paul fears Jason. Laura fears,5,Thomas
Mike thanks Emily. John thanks Brian. Alex thanks Grace. Emma thanks Adam. Susan thanks Karen. Sarah thanks Ryan. Kate thanks Olivia. Kevin thanks Sophia. James thanks Thomas. Paul thanks Linda. Tom thanks Lucy. Amy thanks Helen. Peter thanks Jason. Laura thanks Zoe. Chris thanks Daniel. Anna thanks Andrew. Lisa thanks Jake. Mary thanks Robert. Mark thanks Eric. David thanks Jane. Susan thanks,5,Karen
Amy sees Eric. Kate sees Adam. Anna sees Grace. Paul sees Olivia. Peter sees Linda. Kevin sees Jason. James sees Andrew. Tom sees Daniel. John sees Jane. Susan sees Thomas. Emma sees Helen. Mary sees Sophia. Mike sees Zoe. David sees Robert. Alex sees Lucy. Sarah sees Brian. Laura sees Emily. Chris sees Ryan. Lisa sees Jake. Mark sees Karen. Peter sees,5,Linda
Mark pays Thomas. Chris pays Eric. Mike pays Brian. Amy pays Sophia. Emma pays Jake. Sarah pays Ryan. Anna pays Grace. James pays Robert. Kevin pays Jane. Peter pays Lucy. Alex pays Helen. Kate pays Andrew. Paul pays Adam. John pays Linda. Tom pays Olivia. Mary pays Emily. Susan pays Karen. Laura pays Jason. David pays Daniel. Lisa pays Zoe. Emma pays,5,Jake
Tom follows Ryan. Kevin follows Karen. Anna follows Zoe. David follows Sophia. Chris follows Daniel. Mark follows Lucy. Lisa follows Jane. Mary follows Robert. Kate follows Jason. Paul follows Grace. Laura follows Jake. John follows Thomas. Susan follows Emily. James follows Adam. Alex follows Linda. Amy follows Brian. Peter follows Helen. Emma follows Eric. Sarah follows Olivia. Mike follows Andrew. Chris follows,5,Daniel
Paul asks Jason. Tom asks Jake. Chris asks Andrew. Sarah asks Daniel. Laura asks Karen. Anna asks Linda. Mark asks Jane. Lisa asks Lucy. James asks Zoe. Emma asks Adam. Kate asks Helen. Amy asks Thomas. John asks Eric. Peter asks Grace. David asks Brian. Kevin asks Ryan. Mike asks Robert. Alex asks Emily. Susan asks Sophia. Mary asks Olivia. Laura asks,5,Karen
David sees Adam. Paul sees Eric. Anna sees Daniel. John sees Robert. Mark sees Thomas. Laura sees Jake. Emma sees Helen. Sarah sees Jane. Lisa sees Jason. Peter sees Brian. Mike sees Sophia. James sees Olivia. Kevin sees Grace. Chris sees Ryan. Susan sees Lucy. Amy sees Karen. Alex sees Andrew. Tom sees Linda. Kate sees Emily. Mary sees Zoe. Mark sees,5,Thomas
Paul calls Grace. James calls Thomas. Amy calls Robert. David calls Jason. Chris calls Brian. Alex calls Emily. John calls Olivia. Laura calls Andrew. Mark calls Jake. Peter calls Linda. Kate calls Sophia. Susan calls Zoe. Sarah calls Eric. Mary calls Ryan. Lisa calls Lucy. Emma calls Karen. Kevin calls Helen. Tom calls Adam. Anna calls Daniel. Mike calls Jane. Alex calls,6,Emily
Kate calls Robert. Paul calls Helen. Tom calls Thomas. Laura calls Lucy. Lisa calls Grace. Alex calls Jane. Chris calls Eric. Mary calls Karen. Anna calls Emily. Sarah calls Brian. Kevin calls Adam. Mark calls Olivia. Emma calls Jason. Susan calls Jake. James calls Linda. David calls Andrew. John calls Sophia. Mike calls Daniel. Peter calls Ryan. Amy calls Zoe. Alex calls,6,Jane
Paul hates Lucy. Kevin hates Adam. Emma hates Andrew. Mary hates Jake. Susan hates Grace. Chris hates Karen. Mark hates Emily. Tom hates Daniel. David hates Ryan. Anna hates Eric. Peter hates Olivia. Amy hates Jane. Alex hates Linda. James hates Robert. Laura hates Sophia. Mike hates Thomas. Kate hates Jason. Sarah hates Helen. Lisa hates Brian. John hates Zoe. Chris hates,6,Karen
Sarah visits Zoe. Tom visits Karen. Mike visits Sophia. Susan visits Daniel. James visits Andrew. Mark visits Lucy. Amy visits Adam. Paul visits Jane. Alex visits Robert. Mary visits Linda. Laura visits Ryan. Chris visits Jake. Emma visits Eric. Lisa visits Olivia. David visits Jason. Peter visits Brian. John visits Emily. Kate visits Helen. Anna visits Thomas. Kevin visits Grace. Mark visits,6,Lucy
Amy wants Thomas. Peter wants Brian. Emma wants Karen. Tom wants Linda. David wants Lucy. Alex wants Jake. Paul wants Daniel. Mike wants Grace. James wants Sophia. Sarah wants Jane. Laura wants Olivia. Mary wants Andrew. Kate wants Eric. Mark wants Jason. Kevin wants Robert. John wants Emily. Chris wants Helen. Anna wants Adam. Lisa wants Ryan. Susan wants Zoe. Alex wants,6,Jake
Chris asks Jake. Mark asks Adam. Lisa asks Helen. Kevin asks Linda. Tom asks Karen. Emma asks Robert. Kate asks Brian. Mary asks Ryan. Alex asks Emily. David asks Jason. Anna asks Daniel. John asks Lucy. Amy asks Olivia. Laura asks Thomas. Mike asks Eric. Susan asks Sophia. James asks Grace. Paul asks Jane. Sarah asks Zoe. Peter asks Andrew. Emma asks,6,Robert
Mike fears Robert. Chris fears Olivia. Sarah fears Emily. John fears Sophia. Alex fears Andrew. Mark fears Brian. Anna fears Eric. Paul fears Adam. Emma fears Linda. Susan fears Helen. Tom fears Karen. Kate fears Grace. Peter fears Zoe. David fears Lucy. Kevin fears Ryan. Laura fears Jason. Mary fears Jane. James fears Thomas. Amy fears Daniel. Lisa fears Jake. Mark fears,6,Brian
Anna loves Jason. Tom loves Emily. Mary loves Karen. Alex loves Jake. Susan loves Sophia. John loves Daniel. Kevin loves Andrew. Mark loves Robert. David loves Linda. Emma loves Jane. Sarah loves Brian. James loves Thomas. Peter loves Eric. Laura loves Grace. Chris loves Helen. Kate loves Olivia. Mike loves Zoe. Amy loves Lucy. Paul loves Adam. Lisa loves Ryan. John loves,6,Daniel
James wants Lucy. John wants Robert. Emma wants Zoe. Lisa wants Jason. Laura wants Eric. Chris wants Jake. Mary wants Grace. Kevin wants Linda. Mark wants Jane. Susan wants Emily. Alex wants Olivia. Anna wants Brian. Sarah wants Thomas. Kate wants Daniel. David wants Sophia. Paul wants Karen. Tom wants Ryan. Peter wants Andrew. Amy wants Adam. Mike wants Helen. Chris wants,6,Jake
Laura thanks Linda. Kevin thanks Thomas. Mary thanks Zoe. Lisa thanks Grace. James thanks Jake. David thanks Helen. Paul thanks Brian. Mark thanks Olivia. Anna thanks Eric. Kate thanks Jane. Alex thanks Jason. Susan thanks Lucy. Amy thanks Ryan. Emma thanks Emily. Mike thanks Robert. John thanks Andrew. Peter thanks Daniel. Sarah thanks Sophia. Chris thanks Karen. Tom thanks Adam. David thanks,6,Helen
Amy trusts Andrew. Anna trusts Ryan. Lisa trusts Linda. Susan trusts Robert. John trusts Helen. David trusts Zoe. Mark trusts Emily. Chris trusts Sophia. Peter trusts Jake. Mary trusts Olivia. Paul trusts Adam. Emma trusts Eric. Laura trusts Jason. Sarah trusts Lucy. Mike trusts Jane. Alex trusts Grace. Kate trusts Thomas. Tom trusts Karen. James trusts Brian. Kevin trusts Daniel. David trusts,6,Zoe
Lisa thanks Jake. Mary thanks Helen. Mark thanks Brian. Laura thanks Olivia. Sarah thanks Grace. Peter thanks Ryan. Kevin thanks Robert. Paul thanks Linda. Tom thanks Karen. Mike thanks Eric. Anna thanks Sophia. Amy thanks Daniel. Susan thanks Jane. John thanks Lucy. Emma thanks Thomas. Chris thanks Emily. David thanks Zoe. James thanks Andrew. Alex thanks Jason. Kate thanks Adam. Peter thanks,6,Ryan
John trusts Brian. Susan trusts Andrew. Paul trusts Jason. Emma trusts Sophia. Tom trusts Grace. Chris trusts Emily. Kevin trusts Robert. Sarah trusts Lucy. Mark trusts Karen. Kate trusts Linda. Amy trusts Helen. Peter trusts Adam. Alex trusts Thomas. James trusts Jake. Laura trusts Jane. Lisa trusts Daniel. Anna trusts Olivia. Mike trusts Ryan. David trusts Eric. Mary trusts Zoe. Chris trusts,6,Emily
Mike knows Lucy. Laura knows Thomas. Chris knows Adam. Sarah knows Daniel. Mary knows Robert. Kevin knows Jason. Peter knows Zoe. John knows Eric. Emma knows Jake. Paul knows Helen. David knows Ryan. Mark knows Linda. Susan knows Brian. James knows Andrew. Alex knows Olivia. Tom knows Emily. Amy knows Grace. Kate knows Karen. Anna knows Sophia. Lisa knows Jane. Kevin knows,6,Jason
Mark asks Thomas. Peter asks Karen. Laura asks Lucy. Alex asks Linda. David asks Daniel. Susan asks Jake. Sarah asks Brian. James asks Ryan. Tom asks Sophia. Mike asks Zoe. Kate asks Jason. Emma asks Robert. Amy asks Jane. Lisa asks Andrew. Mary asks Adam. Chris asks Grace. Kevin asks Eric. John asks Emily. Anna asks Olivia. Paul asks Helen. Susan asks,6,Jake
James asks Brian. Amy asks Daniel. Sarah asks Jason. Tom asks Thomas. Mark asks Linda. John asks Eric. Anna asks Jane. Peter asks Robert. Kevin asks Adam. Kate asks Sophia. Mike asks Helen. Susan asks Olivia. David asks Andrew. Laura asks Zoe. Lisa asks Karen. Mary asks Grace. Paul asks Lucy. Emma asks Jake. Alex asks Ryan. Chris asks Emily. John asks,6,Eric
Susan knows Linda. Lisa knows Karen. John knows Jason. Anna knows Daniel. Peter knows Adam. Mark knows Robert. Laura knows Andrew. Kevin knows Helen. Alex knows Eric. James knows Ryan. Emma knows Grace. Kate knows Jane. Sarah knows Lucy. Tom knows Emily. Paul knows Zoe. Amy knows Sophia. Mary knows Thomas. Mike knows Olivia. David knows Jake. Chris knows Brian. Mark knows,6,Robert
Chris knows Brian. Anna knows Karen. Alex knows Jason. Lisa knows Lucy. Paul knows Ryan. Mark knows Grace. Kevin knows Thomas. Susan knows Jake. James knows Andrew. Mary knows Adam. Emma knows Eric. David knows Zoe. John knows Daniel. Mike knows Jane. Tom knows Olivia. Kate knows Sophia. Sarah knows Linda. Laura knows Emily. Peter knows Robert. Amy knows Helen. Mark knows,6,Grace
Kevin pays Lucy. Mike pays Andrew. Mark pays Emily. Sarah pays Thomas. Chris pays Olivia. Amy pays Jane. Emma pays Eric. Mary pays Jason. Anna pays Linda. John pays Jake. Susan pays Ryan. Laura pays Brian. James pays Robert. Tom pays Zoe. David pays Daniel. Paul pays Adam. Alex pays Helen. Kate pays Grace. Peter pays Sophia. Lisa pays Karen. Amy pays,6,Jane
Chris hates Grace. Emma hates Zoe. Kate hates Lucy. Alex hates Adam. Mike hates Sophia. Peter hates Emily. Tom hates Jake. James hates Ryan. Paul hates Eric. Mary hates Karen. Susan hates Linda. Mark hates Brian. Laura hates Helen. John hates Olivia. David hates Jason. Amy hates Robert. Sarah hates Daniel. Kevin hates Jane. Lisa hates Andrew. Anna hates Thomas. Peter hates,6,Emily
John tells Lucy. Anna tells Sophia. Alex tells Daniel. James tells Andrew. Chris tells Robert. Lisa tells Linda. Kate tells Emily. Mark tells Thomas. Mike tells Adam. Mary tells Helen. Tom tells Olivia. Peter tells Zoe. Kevin tells Jane. Paul tells Jason. Amy tells Grace. Emma tells Jake. Sarah tells Eric. Susan tells Karen. Laura tells Ryan. David tells Brian. Kate tells,7,Emily
David texts Karen. Peter texts Brian. Sarah texts Ryan. Susan texts Jane. Alex texts Jason. John texts Emily. Paul texts Linda. Kevin texts Jake. Laura texts Olivia. Kate texts Lucy. Chris texts Thomas. Mark texts Robert. Emma texts Zoe. Anna texts Helen. Tom texts Eric. Amy texts Daniel. Mary texts Sophia. Mike texts Andrew. Lisa texts Adam. James texts Grace. Paul texts,7,Linda
Tom finds Jason. John finds Andrew. Sarah finds Olivia. Susan finds Sophia. Amy finds Adam. Mike finds Eric. Lisa finds Karen. Peter finds Ryan. Kate finds Daniel. Paul finds Helen. Anna finds Brian. Kevin finds Jake. Mary finds Emily. Mark finds Robert. James finds Thomas. David finds Jane. Emma finds Grace. Chris finds Lucy. Alex finds Linda. Laura finds Zoe. Lisa finds,7,Karen
Kate visits Jake. Alex visits Adam. Laura visits Jason. Susan visits Thomas. Amy visits Daniel. Anna visits Linda. Peter visits Lucy. John visits Karen. Lisa visits Brian. Kevin visits Andrew. Mary visits Jane. Mark visits Robert. Mike visits Emily. Emma visits Helen. Tom visits Ryan. James visits Grace. David visits Sophia. Paul visits Olivia. Chris visits Eric. Sarah visits Zoe. Peter visits,7,Lucy
Lisa pays Grace. John pays Lucy. James pays Olivia. Kate pays Brian. Mike pays Emily. Emma pays Thomas. Susan pays Jane. Kevin pays Daniel. David pays Adam. Mark pays Zoe. Chris pays Jason. Laura pays Eric. Amy pays Jake. Tom pays Robert. Paul pays Andrew. Sarah pays Linda. Anna pays Karen. Alex pays Helen. Peter pays Ryan. Mary pays Sophia. Susan pays,7,Jane
Emma calls Sophia. James calls Jane. Susan calls Emily. Mark calls Adam. Paul calls Ryan. John calls Zoe. David calls Grace. Alex calls Jake. Lisa calls Linda. Mike calls Lucy. Peter calls Helen. Tom calls Thomas. Chris calls Karen. Amy calls Eric. Sarah calls Brian. Kevin calls Robert. Mary calls Jason. Laura calls Andrew. Kate calls Daniel. Anna calls Olivia. David calls,7,Grace
Chris visits Zoe. Emma visits Helen. Paul visits Brian. Tom visits Jane. Mary visits Thomas. Lisa visits Karen. Laura visits Olivia. Peter visits Linda. John visits Adam. David visits Andrew. Sarah visits Sophia. Alex visits Ryan. Mike visits Daniel. Mark visits Jake. Anna visits Lucy. Amy visits Grace. James visits Robert. Kate visits Jason. Kevin visits Eric. Susan visits Emily. Laura visits,7,Olivia
Paul fears Jane. Mary fears Ryan. Amy fears Adam. Anna fears Andrew. Sarah fears Jason. Lisa fears Brian. Tom fears Eric. David fears Olivia. Kate fears Helen. Laura fears Zoe. Susan fears Linda. John fears Sophia. Mike fears Grace. Alex fears Jake. Peter fears Robert. James fears Karen. Emma fears Daniel. Mark fears Thomas. Chris fears Emily. Kevin fears Lucy. Tom fears,7,Eric
Peter pays Brian. David pays Eric. Mike pays Andrew. Laura pays Grace. Sarah pays Jane. Anna pays Lucy. Emma pays Zoe. Chris pays Thomas. Mary pays Jason. Alex pays Linda. Lisa pays Jake. James pays Olivia. Kevin pays Ryan. Paul pays Daniel. John pays Helen. Susan pays Karen. Amy pays Robert. Tom pays Emily. Mark pays Sophia. Kate pays Adam. Emma pays,7,Zoe
Amy visits Robert. Emma visits Jason. James visits Jake. Mary visits Eric. Peter visits Adam. Tom visits Zoe. Mark visits Olivia. Laura visits Andrew. Lisa visits Brian. Chris visits Daniel. Paul visits Karen. John visits Thomas. Sarah visits Grace. Susan visits Emily. David visits Ryan. Kate visits Lucy. Alex visits Sophia. Anna visits Jane. Kevin visits Linda. Mike visits Helen. Mark visits,7,Olivia
Susan follows Jason. John follows Thomas. Paul follows Emily. Kate follows Olivia. Sarah follows Eric. Mark follows Robert. Lisa follows Brian. Laura follows Zoe. David follows Andrew. Kevin follows Jake. Alex follows Helen. Amy follows Linda. Emma follows Grace. Mary follows Adam. James follows Ryan. Peter follows Lucy. Mike follows Daniel. Tom follows Karen. Chris follows Sophia. Anna follows Jane. Lisa follows,7,Brian
Tom needs Daniel. Sarah needs Emily. Mike needs Jason. Amy needs Lucy. Mary needs Karen. Paul needs Robert. Lisa needs Grace. Alex needs Eric. David needs Helen. Kate needs Brian. Anna needs Zoe. Chris needs Olivia. Peter needs Thomas. John needs Andrew. Mark needs Adam. James needs Ryan. Laura needs Jane. Emma needs Sophia. Susan needs Linda. Kevin needs Jake. Lisa needs,7,Grace
Paul follows Grace. John follows Sophia. Mike follows Jake. David follows Jane. Alex follows Jason. Laura follows Helen. Amy follows Thomas. Kevin follows Adam. Chris follows Karen. Tom follows Emily. Mark follows Daniel. Susan follows Linda. Peter follows Zoe. Emma follows Olivia. Sarah follows Eric. Anna follows Robert. James follows Andrew. Kate follows Brian. Lisa follows Lucy. Mary follows Ryan. Amy follows,7,Thomas
Sarah follows Brian. Kate follows Emily. Mark follows Olivia. Amy follows Andrew. James follows Zoe. John follows Eric. Mary follows Sophia. Kevin follows Daniel. Laura follows Thomas. Peter follows Adam. Lisa follows Helen. Tom follows Robert. Mike follows Ryan. Alex follows Jake. Emma follows Grace. Paul follows Jason. Susan follows Lucy. David follows Jane. Anna follows Linda. Chris follows Karen. Mary follows,7,Sophia
Lisa needs Robert. Peter needs Zoe. Chris needs Karen. Anna needs Lucy. Mike needs Eric. Tom needs Linda. Laura needs Olivia. James needs Jane. John needs Daniel. Emma needs Grace. Sarah needs Adam. Mark needs Thomas. Paul needs Helen. Kate needs Ryan. Kevin needs Brian. Alex needs Andrew. Amy needs Sophia. Susan needs Emily. David needs Jake. Mary needs Jason. Laura needs,7,Olivia
David likes Andrew. Paul likes Karen. Kevin likes Adam. Amy likes Jane. James likes Eric. Emma likes Robert. Mark likes Sophia. John likes Grace. Kate likes Emily. Mike likes Zoe. Chris likes Jason. Peter likes Ryan. Lisa likes Daniel. Alex likes Jake. Sarah likes Olivia. Tom likes Helen. Susan likes Thomas. Laura likes Linda. Mary likes Lucy. Anna likes Brian. Mark likes,7,Sophia
Emma thanks Andrew. David thanks Linda. Lisa thanks Helen. Susan thanks Lucy. Amy thanks Emily. Kate thanks Brian. Alex thanks Jake. Tom thanks Eric. Peter thanks Grace. Anna thanks Daniel. Sarah thanks Olivia. James thanks Karen. Mark thanks Thomas. Mary thanks Zoe. John thanks Jane. Chris thanks Jason. Kevin thanks Sophia. Paul thanks Ryan. Laura thanks Adam. Mike thanks Robert. Alex thanks,7,Jake
Anna loves Daniel. John loves Emily. Susan loves Eric. Emma loves Brian. Alex loves Helen. Kate loves Karen. Sarah loves Lucy. Kevin loves Linda. Mary loves Jake. Amy loves Adam. Mike loves Andrew. David loves Jane. Tom loves Ryan. Paul loves Zoe. Lisa loves Thomas. Peter loves Olivia. Laura loves Grace. Mark loves Sophia. Chris loves Robert. James loves Jason. Sarah loves,7,Lucy
Tom fears Jane. Anna fears Linda. Mary fears Helen. Emma fears Adam. Mike fears Eric. David fears Sophia. Peter fears Emily. Laura fears Jake. Chris fears Olivia. Lisa fears Jason. Paul fears Grace. Alex fears Thomas. Susan fears Zoe. Sarah fears Karen. Kevin fears Lucy. Mark fears Brian. Amy fears Ryan. Kate fears Andrew. James fears Daniel. John fears Robert. Peter fears,7,Emily
Mike wants Thomas. Alex wants Jake. Anna wants Grace. Sarah wants Karen. James wants Sophia. Susan wants Daniel. Mary wants Zoe. John wants Olivia. Kevin wants Linda. Peter wants Adam. Kate wants Ryan. Laura wants Robert. Mark wants Lucy. Amy wants Jane. Chris wants Eric. Tom wants Jason. David wants Emily. Paul wants Andrew. Emma wants Helen. Lisa wants Brian. Mary wants,7,Zoe
Alex meets Olivia. Mike meets Thomas. Lisa meets Robert. Tom meets Helen. David meets Grace. Paul meets Lucy. John meets Daniel. Sarah meets Linda. Susan meets Brian. Chris meets Zoe. Kate meets Karen. Emma meets Jason. James meets Jake. Mark meets Eric. Kevin meets Emily. Peter meets Ryan. Anna meets Andrew. Laura meets Jane. Mary meets Adam. Amy meets Sophia. Sarah meets,8,Linda
Lisa knows Lucy. Kate knows Jason. Amy knows Sophia. Kevin knows Daniel. Mike knows Robert. Anna knows Olivia. Paul knows Eric. Chris knows Ryan. Laura knows Thomas. Susan knows Jane. Emma knows Adam. Peter knows Emily. Mary knows Zoe. Mark knows Karen. James knows Brian. Sarah knows Andrew. Alex knows Helen. John knows Linda. David knows Grace. Tom knows Jake. Chris knows,8,Ryan
Emma follows Karen. Kate follows Olivia. David follows Helen. Anna follows Sophia. Laura follows Thomas. James follows Zoe. Susan follows Jake. Peter follows Adam. Lisa follows Linda. Mary follows Jason. John follows Grace. Tom follows Robert. Alex follows Andrew. Sarah follows Lucy. Amy follows Eric. Kevin follows Brian. Mike follows Ryan. Paul follows Daniel. Mark follows Emily. Chris follows Jane. Peter follows,8,Adam
Alex pays Adam. Mary pays Jake. John pays Linda. Anna pays Daniel. Mark pays Sophia. Emma pays Karen. Peter pays Olivia. Laura pays Ryan. Paul pays Zoe. Chris pays Jason. Sarah pays Andrew. Amy pays Thomas. James pays Helen. Susan pays Robert. Tom pays Emily. Mike pays Brian. Kevin pays Eric. David pays Grace. Lisa pays Lucy. Kate pays Jane. Laura pays,8,Ryan
Amy knows Zoe. Emma knows Lucy. Mark knows Karen. Mike knows Ryan. Peter knows Adam. John knows Jake. Susan knows Emily. David knows Linda. Mary knows Jane. Anna knows Eric. Kate knows Andrew. Chris knows Thomas. Sarah knows Grace. Paul knows Daniel. Tom knows Jason. Kevin knows Olivia. Alex knows Robert. Laura knows Sophia. Lisa knows Helen. James knows Brian. David knows,8,Linda
Kevin calls Eric. Sarah calls Zoe. Paul calls Emily. Alex calls Daniel. Peter calls Ryan. Mary calls Brian. Kate calls Andrew. Anna calls Thomas. Mike calls Helen. Susan calls Jason. John calls Grace. Mark calls Robert. Laura calls Linda. Amy calls Olivia. Emma calls Karen. Lisa calls Jane. Chris calls Jake. David calls Lucy. Tom calls Sophia. James calls Adam. Anna calls,8,Thomas
Chris loves Linda. Anna loves Eric. Kevin loves Jason. Laura loves Olivia. Paul loves Andrew. Tom loves Adam. Alex loves Thomas. Amy loves Robert. James loves Helen. Susan loves Grace. Emma loves Emily. David loves Jake. Kate loves Sophia. Mary loves Zoe. Mark loves Brian. Mike loves Lucy. Lisa loves Ryan. Peter loves Daniel. Sarah loves Jane. John loves Karen. Amy loves,8,Robert
Mike likes Adam. John likes Jason. David likes Robert. Mark likes Linda. James likes Olivia. Alex likes Sophia. Susan likes Brian. Paul likes Andrew. Chris likes Ryan. Peter likes Zoe. Anna likes Karen. Emma likes Daniel. Amy likes Helen. Kate likes Lucy. Laura likes Jake. Kevin likes Jane. Mary likes Emily. Tom likes Grace. Sarah likes Eric. Lisa likes Thomas. Paul likes,8,Andrew
Emma wants Helen. Anna wants Adam. Mark wants Zoe. Laura wants Linda. Chris wants Daniel. Mike wants Karen. Tom wants Sophia. Lisa wants Ryan. David wants Eric. Mary wants Jake. Kate wants Lucy. Susan wants Jason. Paul wants Brian. Kevin wants Andrew. John wants Thomas. James wants Robert. Peter wants Grace. Sarah wants Emily. Amy wants Jane. Alex wants Olivia. Lisa wants,8,Ryan
Paul texts Brian. Susan texts Jason. James texts Jane. Kate texts Olivia. Emma texts Daniel. John texts Karen. Amy texts Eric. Mike texts Thomas. Chris texts Jake. Mary texts Ryan. Lisa texts Lucy. Alex texts Zoe. Kevin texts Robert. Tom texts Adam. David texts Sophia. Laura texts Grace. Peter texts Helen. Anna texts Emily. Mark texts Andrew. Sarah texts Linda. Mike texts,8,Thomas
Laura pays Adam. Mark pays Sophia. Anna pays Jane. Chris pays Ryan. Amy pays Karen. Sarah pays Olivia. John pays Grace. Mike pays Daniel. Lisa pays Jake. Alex pays Thomas. Tom pays Linda. David pays Eric. Susan pays Zoe. Kate pays Helen. Paul pays Emily. Peter pays Brian. Emma pays Lucy. James pays Jason. Mary pays Robert. Kevin pays Andrew. Mike pays,8,Daniel
James wants Jake. Susan wants Karen. Peter wants Adam. Paul wants Lucy. Anna wants Robert. Tom wants Emily. Chris wants Jason. David wants Sophia. Kevin wants Helen. John wants Eric. Amy wants Ryan. Mary wants Zoe. Lisa wants Andrew. Sarah wants Daniel. Alex wants Linda. Kate wants Jane. Laura wants Thomas. Emma wants Grace. Mark wants Olivia. Mike wants Brian. David wants,8,Sophia
Chris needs Andrew. Laura needs Jason. David needs Eric. Sarah needs Linda. Anna needs Daniel. John needs Jake. Paul needs Zoe. Alex needs Helen. Mark needs Sophia. Mike needs Robert. Kate needs Adam. Lisa needs Jane. Peter needs Brian. Amy needs Olivia. Tom needs Ryan. Kevin needs Emily. Mary needs Lucy. James needs Thomas. Susan needs Karen. Emma needs Grace. Alex needs,8,Helen
Mike finds Sophia. Susan finds Emily. Laura finds Thomas. James finds Robert. Kate finds Helen. Lisa finds Ryan. Kevin finds Linda. David finds Daniel. Mark finds Lucy. Anna finds Eric. John finds Jane. Alex finds Grace. Peter finds Andrew. Mary finds Karen. Emma finds Zoe. Chris finds Jason. Amy finds Olivia. Tom finds Jake. Paul finds Brian. Sarah finds Adam. David finds,8,Daniel
Laura calls Thomas. Paul calls Zoe. Chris calls Adam. Susan calls Jason. Emma calls Linda. Anna calls Brian. Mary calls Jake. Lisa calls Emily. Peter calls Andrew. Tom calls Lucy. James calls Jane. John calls Helen. David calls Ryan. Kevin calls Sophia. Sarah calls Grace. Kate calls Robert. Amy calls Olivia. Mark calls Karen. Mike calls Eric. Alex calls Daniel. Lisa calls,8,Emily
Peter fears Linda. Anna fears Thomas. Amy fears Olivia. Paul fears Zoe. Kevin fears Ryan. David fears Brian. Laura fears Jason. Susan fears Lucy. Mary fears Daniel. Chris fears Jane. Tom fears Adam. Kate fears Jake. Mike fears Karen. Alex fears Emily. Emma fears Helen. John fears Grace. Mark fears Sophia. Lisa fears Robert. James fears Eric. Sarah fears Andrew. Susan fears,8,Lucy
Susan tells Andrew. Paul tells Zoe. Tom tells Linda. James tells Sophia. Peter tells Karen. Amy tells Eric. Kevin tells Daniel. Alex tells Adam. Kate tells Jason. Mike tells Brian. Sarah tells Helen. Chris tells Grace. Mark tells Ryan. Lisa tells Jane. Mary tells Lucy. David tells Emily. Anna tells Thomas. John tells Olivia. Emma tells Jake. Laura tells Robert. Alex tells,8,Adam
Amy sees Karen. Paul sees Emily. Alex sees Helen. Kate sees Sophia. Susan sees Linda. John sees Jane. David sees Grace. Chris sees Thomas. James sees Robert. Emma sees Olivia. Kevin sees Eric. Lisa sees Brian. Anna sees Jake. Mike sees Ryan. Mark sees Zoe. Tom sees Lucy. Sarah sees Adam. Peter sees Daniel. Laura sees Jason. Mary sees Andrew. Chris sees,8,Thomas
Kate needs Helen. John needs Daniel. Emma needs Zoe. David needs Olivia. Laura needs Eric. Mary needs Andrew. Chris needs Ryan. Lisa needs Brian. Peter needs Emily. Susan needs Grace. Alex needs Robert. Tom needs Thomas. Mike needs Jane. Mark needs Karen. Paul needs Linda. James needs Sophia. Anna needs Jake. Kevin needs Jason. Sarah needs Adam. Amy needs Lucy. Lisa needs,8,Brian
Kate visits Helen. Tom visits Jane. Paul visits Brian. Mike visits Andrew. Sarah visits Karen. James visits Robert. Chris visits Jake. Anna visits Olivia. Mary visits Linda. Emma visits Eric. David visits Emily. Peter visits Sophia. Alex visits Daniel. John visits Thomas. Amy visits Ryan. Mark visits Lucy. Susan visits Grace. Laura visits Zoe. Kevin visits Adam. Lisa visits Jason. Anna visits,8,Olivia
Peter tells Eric. Sarah tells Linda. Alex tells Daniel. Lisa tells Olivia. Tom tells Brian. Chris tells Emily. Kevin tells Grace. John tells Jane. Mark tells Thomas. Paul tells Robert. Kate tells Karen. James tells Lucy. Emma tells Zoe. Laura tells Jason. Mike tells Helen. Susan tells Adam. David tells Jake. Anna tells Sophia. Mary tells Ryan. Amy tells Andrew. Mark tells,9,Thomas
Laura wants Jane. Alex wants Sophia. Mike wants Linda. Chris wants Robert. Amy wants Daniel. Paul wants Karen. Emma wants Jason. John wants Grace. Anna wants Brian. Tom wants Lucy. Mary wants Ryan. David wants Eric. Kate wants Zoe. Lisa wants Andrew. Peter wants Emily. Kevin wants Adam. Susan wants Helen. Mark wants Jake. Sarah wants Olivia. James wants Thomas. Anna wants,9,Brian
Tom sees Robert. Susan sees Helen. David sees Andrew. Emma sees Jake. James sees Brian. Kate sees Karen. Mark sees Eric. Anna sees Thomas. Peter sees Jason. Amy sees Lucy. Paul sees Adam. Sarah sees Emily. Kevin sees Grace. Chris sees Olivia. Alex sees Jane. Lisa sees Daniel. John sees Linda. Laura sees Ryan. Mike sees Zoe. Mary sees Sophia. Peter sees,9,Jason
James wants Robert. Peter wants Emily. David wants Olivia. Mike wants Jane. Lisa wants Thomas. Sarah wants Jake. Mary wants Ryan. Kate wants Andrew. Susan wants Grace. Paul wants Linda. Amy wants Karen. Laura wants Adam. Alex wants Jason. Mark wants Eric. John wants Daniel. Tom wants Lucy. Anna wants Sophia. Chris wants Zoe. Emma wants Helen. Kevin wants Brian. Susan wants,9,Grace
Tom pays Jane. Amy pays Grace. Chris pays Daniel. David pays Eric. Laura pays Linda. Emma pays Brian. Paul pays Thomas. Alex pays Zoe. Mike pays Adam. Sarah pays Emily. Mary pays Sophia. Kevin pays Jake. John pays Robert. Mark pays Olivia. Susan pays Helen. Kate pays Ryan. Peter pays Jason. Lisa pays Karen. Anna pays Lucy. James pays Andrew. Mike pays,9,Adam
Sarah knows Zoe. Mary knows Adam. Alex knows Olivia. Mike knows Helen. Peter knows Daniel. Kate knows Grace. Lisa knows Jason. James knows Andrew. Emma knows Ryan. John knows Jane. Mark knows Eric. Susan knows Sophia. Chris knows Karen. Laura knows Emily. David knows Brian. Paul knows Jake. Tom knows Robert. Amy knows Lucy. Kevin knows Thomas. Anna knows Linda. Emma knows,9,Ryan
Sarah thanks Thomas. Mike thanks Jason. Susan thanks Jake. Emma thanks Helen. Anna thanks Zoe. Kate thanks Linda. Laura thanks Eric. Kevin thanks Robert. Amy thanks Andrew. Mary thanks Brian. John thanks Lucy. Mark thanks Olivia. David thanks Adam. James thanks Ryan. Chris thanks Daniel. Alex thanks Sophia. Lisa thanks Grace. Paul thanks Karen. Tom thanks Emily. Peter thanks Jane. Amy thanks,9,Andrew
John wants Brian. Mary wants Jake. Mark wants Grace. Amy wants Helen. Alex wants Jason. Mike wants Daniel. Emma wants Olivia. Susan wants Robert. Sarah wants Sophia. Laura wants Lucy. Anna wants Jane. Paul wants Linda. Kevin wants Ryan. David wants Emily. Kate wants Adam. Lisa wants Thomas. Peter wants Andrew. Tom wants Karen. Chris wants Zoe. James wants Eric. Sarah wants,9,Sophia
John asks Grace. Mark asks Robert. Alex asks Andrew. Anna asks Daniel. Sarah asks Brian. Laura asks Helen. Kevin asks Eric. James asks Sophia. Amy asks Olivia. Chris asks Emily. Mary asks Linda. Mike asks Adam. Tom asks Ryan. David asks Thomas. Paul asks Lucy. Kate asks Jane. Peter asks Karen. Susan asks Jason. Lisa asks Jake. Emma asks Zoe. Amy asks,9,Olivia
Tom calls Robert. Sarah calls Lucy. Laura calls Grace. Emma calls Jane. Mike calls Zoe. Kevin calls Helen. David calls Olivia. Peter calls Daniel. James calls Jason. John calls Andrew. Susan calls Sophia. Amy calls Linda. Lisa calls Adam. Mark calls Thomas. Kate calls Karen. Alex calls Emily. Chris calls Jake. Paul calls Brian. Mary calls Eric. Anna calls Ryan. James calls,9,Jason
Mary pays Zoe. Chris pays Daniel. Anna pays Robert. David pays Ryan. Emma pays Thomas. Mark pays Karen. Paul pays Jane. Sarah pays Sophia. Tom pays Eric. Susan pays Linda. Amy pays Helen. Alex pays Lucy. John pays Jason. Kevin pays Adam. James pays Jake. Peter pays Emily. Lisa pays Olivia. Laura pays Grace. Kate pays Andrew. Mike pays Brian. Tom pays,9,Eric
Amy meets Linda. Sarah meets Jason. Kevin meets Daniel. Laura meets Jane. Chris meets Emily. Lisa meets Helen. Tom meets Adam. Emma meets Jake. Susan meets Lucy. Kate meets Olivia. Peter meets Grace. David meets Ryan. Paul meets Andrew. Alex meets Brian. Mark meets Sophia. John meets Thomas. Mike meets Eric. Anna meets Zoe. Mary meets Robert. James meets Karen. Susan meets,9,Lucy
Susan finds Jason. Tom finds Lucy. Chris finds Brian. Kevin finds Emily. David finds Daniel. Emma finds Andrew. Kate finds Robert. Anna finds Olivia. Mike finds Jake. Peter finds Karen. James finds Sophia. Lisa finds Thomas. Alex finds Eric. Laura finds Zoe. John finds Adam. Paul finds Linda. Mary finds Helen. Amy finds Grace. Sarah finds Ryan. Mark finds Jane. Mike finds,9,Jake
James sees Jane. Susan sees Karen. John sees Sophia. Sarah sees Jake. Mary sees Eric. Mark sees Adam. Anna sees Helen. Emma sees Jason. Tom sees Thomas. David sees Robert. Chris sees Grace. Amy sees Emily. Alex sees Linda. Mike sees Ryan. Lisa sees Andrew. Kevin sees Daniel. Paul sees Lucy. Peter sees Brian. Laura sees Olivia. Kate sees Zoe. Tom sees,9,Thomas
Emma loves Jane. Laura loves Thomas. John loves Adam. Anna loves Grace. Amy loves Linda. Alex loves Ryan. Paul loves Karen. Lisa loves Andrew. David loves Robert. Mark loves Jake. Sarah loves Daniel. James loves Eric. Kate loves Lucy. Kevin loves Emily. Peter loves Zoe. Mike loves Sophia. Susan loves Jason. Chris loves Helen. Tom loves Brian. Mary loves Olivia. David loves,9,Robert
Amy trusts Thomas. Kate trusts Adam. Alex trusts Jake. Emma trusts Grace. Anna trusts Helen. Laura trusts Robert. Sarah trusts Daniel. Mark trusts Linda. Tom trusts Zoe. Kevin trusts Sophia. Chris trusts Ryan. Lisa trusts Lucy. Susan trusts Emily. Peter trusts Olivia. Mary trusts Andrew. James trusts Eric. John trusts Jason. Mike trusts Brian. David trusts Jane. Paul trusts Karen. Tom trusts,9,Zoe
Kate calls Robert. John calls Adam. Alex calls Linda. Mary calls Thomas. Emma calls Grace. Amy calls Brian. Kevin calls Sophia. Chris calls Lucy. Mark calls Zoe. Tom calls Ryan. Mike calls Helen. Lisa calls Olivia. James calls Jason. Paul calls Eric. Anna calls Andrew. Peter calls Daniel. Sarah calls Karen. Laura calls Jane. David calls Emily. Susan calls Jake. Mark calls,9,Zoe
Sarah finds Karen. Susan finds Helen. Lisa finds Daniel. Peter finds Olivia. Mary finds Zoe. Paul finds Eric. Amy finds Lucy. David finds Emily. Laura finds Robert. Mike finds Jane. John finds Jason. Anna finds Grace. Chris finds Andrew. Alex finds Sophia. Kate finds Adam. Tom finds Ryan. James finds Linda. Kevin finds Brian. Mark finds Thomas. Emma finds Jake. Laura finds,9,Robert
Alex wants Andrew. Paul wants Helen. Kevin wants Zoe. Anna wants Ryan. John wants Jake. Lisa wants Daniel. James wants Eric. David wants Karen. Mary wants Olivia. Kate wants Lucy. Mike wants Thomas. Tom wants Brian. Emma wants Sophia. Chris wants Jason. Laura wants Jane. Amy wants Adam. Peter wants Grace. Susan wants Emily. Mark wants Robert. Sarah wants Linda. Mary wants,9,Olivia
Susan texts Ryan. Kate texts Eric. Peter texts Jason. Alex texts Lucy. Mary texts Grace. Tom texts Linda. Sarah texts Andrew. Anna texts Jane. John texts Zoe. Chris texts Helen. Paul texts Emily. Mike texts Adam. Mark texts Robert. James texts Jake. Lisa texts Brian. Kevin texts Karen. Emma texts Olivia. Amy texts Sophia. David texts Thomas. Laura texts Daniel. John texts,9,Zoe
Lisa asks Robert. Sarah asks Helen. Peter asks Andrew. Susan asks Zoe. John asks Daniel. Mike asks Linda. Kevin asks Eric. Tom asks Thomas. Chris asks Jason. Laura asks Adam. Amy asks Olivia. Emma asks Jane. Kate asks Lucy. Mary asks Karen. Alex asks Jake. Anna asks Grace. James asks Emily. David asks Brian. Mark asks Sophia. Paul asks Ryan. Laura asks,10,Adam
Alex texts Lucy. Laura texts Zoe. Tom texts Jason. Sarah texts Robert. Mary texts Linda. Kate texts Eric. Amy texts Brian. Paul texts Jane. Susan texts Daniel. Peter texts Grace. Mike texts Thomas. Lisa texts Karen. James texts Emily. Emma texts Andrew. John texts Ryan. David texts Jake. Kevin texts Adam. Anna texts Helen. Mark texts Sophia. Chris texts Olivia. Peter texts,10,Grace
Amy likes Daniel. Lisa likes Ryan. Mike likes Karen. Mark likes Thomas. Peter likes Eric. Sarah likes Brian. Chris likes Helen. Anna likes Sophia. Susan likes Zoe. John likes Linda. Alex likes Adam. Tom likes Emily. Paul likes Andrew. Kevin likes Grace. David likes Lucy. Laura likes Jane. Kate likes Jake. Emma likes Olivia. James likes Jason. Mary likes Robert. John likes,10,Linda
Lisa needs Ryan. Emma needs Andrew. Mary needs Jason. David needs Helen. Kate needs Linda. Peter needs Lucy. Laura needs Adam. Anna needs Karen. John needs Sophia. James needs Robert. Susan needs Jake. Chris needs Zoe. Amy needs Jane. Tom needs Eric. Kevin needs Thomas. Paul needs Daniel. Sarah needs Grace. Mike needs Brian. Alex needs Olivia. Mark needs Emily. James needs,10,Robert
Paul needs Sophia. Mike needs Karen. Lisa needs Zoe. Susan needs Thomas. Tom needs Daniel. Sarah needs Jake. Chris needs Jason. Peter needs Andrew. Amy needs Helen. John needs Robert. James needs Ryan. Kevin needs Emily. Mark needs Adam. Kate needs Jane. Mary needs Brian. Laura needs Linda. Alex needs Eric. Anna needs Lucy. Emma needs Grace. David needs Olivia. John needs,10,Robert
Mary helps Thomas. Peter helps Karen. Sarah helps Andrew. Laura helps Olivia. John helps Jane. Alex helps Jake. Amy helps Lucy. Chris helps Jason. Mike helps Robert. Paul helps Adam. Kate helps Brian. Susan helps Zoe. Anna helps Emily. Tom helps Eric. Mark helps Ryan. Emma helps Sophia. Kevin helps Helen. David helps Daniel. James helps Grace. Lisa helps Linda. Paul helps,10,Adam
Paul fears Jason. James fears Karen. Peter fears Andrew. Susan fears Linda. Mary fears Jane. Emma fears Brian. Sarah fears Ryan. Laura fears Eric. Amy fears Jake. Kate fears Robert. John fears Lucy. Mike fears Sophia. Lisa fears Zoe. Anna fears Grace. Kevin fears Adam. David fears Thomas. Alex fears Emily. Mark fears Olivia. Tom fears Daniel. Chris fears Helen. Kate fears,10,Robert
Mary trusts Zoe. Mike trusts Robert. John trusts Eric. Kate trusts Emily. Lisa trusts Linda. James trusts Jake. Susan trusts Daniel. Mark trusts Thomas. Sarah trusts Ryan. Paul trusts Andrew. Kevin trusts Grace. Amy trusts Olivia. David trusts Helen. Anna trusts Brian. Tom trusts Jane. Peter trusts Lucy. Chris trusts Adam. Laura trusts Jason. Alex trusts Sophia. Emma trusts Karen. Paul trusts,10,Andrew
Susan sees Zoe. David sees Emily. Mike sees Helen. Paul sees Eric. James sees Olivia. Amy sees Adam. Sarah sees Karen. Alex sees Andrew. Peter sees Ryan. Laura sees Jane. Kevin sees Lucy. John sees Jason. Mary sees Linda. Mark sees Sophia. Tom sees Thomas. Kate sees Daniel. Anna sees Jake. Lisa sees Robert. Emma sees Grace. Chris sees Brian. Laura sees,10,Jane
Alex tells Jason. Tom tells Andrew. David tells Robert. Sarah tells Sophia. Mary tells Jane. Kate tells Lucy. Laura tells Ryan. Mark tells Linda. John tells Thomas. Lisa tells Daniel. Kevin tells Zoe. Anna tells Grace. Peter tells Helen. Amy tells Emily. Mike tells Brian. Chris tells Olivia. Susan tells Karen. Emma tells Adam. Paul tells Jake. James tells Eric. Lisa tells,10,Daniel
Paul needs Eric. Mike needs Brian. Tom needs Helen. Mary needs Ryan. Emma needs Jane. Anna needs Karen. David needs Linda. Kevin needs Jake. James needs Lucy. John needs Robert. Alex needs Thomas. Chris needs Emily. Laura needs Jason. Kate needs Adam. Sarah needs Andrew. Mark needs Sophia. Lisa needs Daniel. Susan needs Zoe. Amy needs Grace. Peter needs Olivia. John needs,10,Robert
Peter tells Jason. Kate tells Brian. Sarah tells Thomas. Emma tells Lucy. Susan tells Linda. Kevin tells Jake. Anna tells Sophia. James tells Ryan. Mark tells Andrew. Paul tells Zoe. Mike tells Olivia. John tells Helen. Chris tells Emily. Alex tells Jane. Lisa tells Robert. Mary tells Karen. Tom tells Eric. Laura tells Grace. Amy tells Daniel. David tells Adam. Paul tells,10,Zoe
Kevin likes Lucy. James likes Brian. Kate likes Jane. Lisa likes Eric. Mark likes Zoe. Alex likes Ryan. Anna likes Adam. Mike likes Jake. Mary likes Emily. John likes Sophia. Peter likes Karen. Sarah likes Robert. Emma likes Linda. Susan likes Andrew. Paul likes Grace. David likes Thomas. Amy likes Olivia. Laura likes Daniel. Chris likes Helen. Tom likes Jason. John likes,10,Sophia
Laura likes Andrew. Sarah likes Zoe. Susan likes Grace. Anna likes Jason. Tom likes Emily. Kate likes Olivia. James likes Jake. Mike likes Thomas. Amy likes Adam. Chris likes Robert. John likes Jane. David likes Brian. Paul likes Eric. Mark likes Helen. Peter likes Karen. Emma likes Linda. Lisa likes Daniel. Kevin likes Ryan. Mary likes Sophia. Alex likes Lucy. Chris likes,10,Robert
Kate needs Karen. James needs Emily. Amy needs Olivia. David needs Brian. Tom needs Sophia. Mike needs Eric. Chris needs Thomas. Peter needs Daniel. Mary needs Jane. Susan needs Linda. Lisa needs Lucy. John needs Grace. Emma needs Jake. Mark needs Helen. Sarah needs Adam. Alex needs Ryan. Kevin needs Robert. Paul needs Jason. Anna needs Zoe. Laura needs Andrew. Susan needs,10,Linda
Chris trusts Jake. Mark trusts Brian. John trusts Eric. Laura trusts Jane. Mary trusts Olivia. Kate trusts Andrew. Amy trusts Linda. Susan trusts Ryan. Lisa trusts Adam. Anna trusts Robert. Kevin trusts Emily. Tom trusts Helen. Sarah trusts Grace. Paul trusts Daniel. James trusts Thomas. Mike trusts Jason. Alex trusts Lucy. David trusts Zoe. Emma trusts Sophia. Peter trusts Karen. Anna trusts,10,Robert
Mark finds Eric. Chris finds Jason. Sarah finds Grace. James finds Karen. Susan finds Ryan. Mary finds Brian. Lisa finds Andrew. Alex finds Jake. Laura finds Zoe. John finds Emily. Kate finds Jane. Emma finds Linda. Anna finds Adam. Amy finds Lucy. Peter finds Daniel. David finds Sophia. Paul finds Thomas. Mike finds Robert. Kevin finds Olivia. Tom finds Helen. John finds,10,Emily
Paul loves Brian. Laura loves Robert. Peter loves Olivia. Susan loves Jason. Lisa loves Jane. Mike loves Jake. Kate loves Helen. Anna loves Linda. Mary loves Grace. Kevin loves Andrew. Mark loves Karen. David loves Ryan. John loves Sophia. Tom loves Emily. Alex loves Thomas. Sarah loves Zoe. James loves Daniel. Chris loves Lucy. Emma loves Adam. Amy loves Eric. Kevin loves,10,Andrew
Mark sees Thomas. Peter sees Sophia. Paul sees Emily. Lisa sees Jake. Susan sees Daniel. Kate sees Olivia. James sees Grace. Sarah sees Karen. Alex sees Linda. Chris sees Brian. Emma sees Ryan. Kevin sees Eric. Mary sees Zoe. David sees Jane. Tom sees Jason. Mike sees Robert. Amy sees Adam. Anna sees Lucy. Laura sees Helen. John sees Andrew. Chris sees,10,Brian
Mike sees Olivia. Lisa sees Karen. Sarah sees Emily. John sees Sophia. Mark sees Robert. Susan sees Andrew. Alex sees Helen. David sees Linda. Tom sees Jake. Peter sees Zoe. Paul sees Lucy. Kate sees Thomas. Kevin sees Grace. Anna sees Jane. Laura sees Adam. Emma sees Eric. James sees Brian. Amy sees Ryan. Mary sees Daniel. Chris sees Jason. Peter sees,10,Zoe
Kevin visits Grace. Chris visits Emily. Mary visits Sophia. Kate visits Jane. Alex visits Zoe. James visits Jason. Tom visits Andrew. Anna visits Eric. Paul visits Olivia. Amy visits Robert. Emma visits Linda. Susan visits Jake. Laura visits Helen. Lisa visits Ryan. David visits Karen. Sarah visits Daniel. Peter visits Lucy. Mark visits Brian. Mike visits Thomas. John visits Adam. Emma visits,11,Linda
Susan meets Thomas. Sarah meets Sophia. Lisa meets Lucy. Kevin meets Olivia. David meets Karen. Alex meets Adam. John meets Jake. Paul meets Jane. Peter meets Eric. Mark meets Ryan. Chris meets Jason. Emma meets Grace. Anna meets Brian. Tom meets Helen. Kate meets Robert. Mary meets Emily. Mike meets Linda. James meets Andrew. Laura meets Zoe. Amy meets Daniel. Chris meets,11,Jason
Mark hates Grace. Anna hates Helen. Chris hates Eric. Susan hates Brian. Tom hates Ryan. Mike hates Zoe. Amy hates Olivia. Kevin hates Andrew. Mary hates Linda. Kate hates Jake. Paul hates Sophia. Emma hates Adam. James hates Jane. Sarah hates Lucy. John hates Emily. Peter hates Robert. Laura hates Karen. David hates Thomas. Lisa hates Daniel. Alex hates Jason. Paul hates,11,Sophia
Emma wants Eric. Tom wants Andrew. Anna wants Olivia. Kevin wants Brian. Mary wants Robert. Chris wants Grace. Alex wants Zoe. Lisa wants Linda. Mark wants Jason. Kate wants Emily. Paul wants Helen. Peter wants Karen. John wants Adam. Laura wants Ryan. Susan wants Sophia. James wants Daniel. Mike wants Jake. David wants Jane. Sarah wants Lucy. Amy wants Thomas. Paul wants,11,Helen
Laura hates Linda. Anna hates Daniel. Chris hates Olivia. Kate hates Andrew. Mike hates Sophia. James hates Robert. Emma hates Thomas. John hates Eric. Mark hates Lucy. Lisa hates Adam. Peter hates Ryan. Sarah hates Jason. Alex hates Brian. Mary hates Zoe. Paul hates Emily. Tom hates Grace. Susan hates Jane. Kevin hates Helen. David hates Jake. Amy hates Karen. Peter hates,11,Ryan
Mike asks Olivia. Laura asks Karen. Mary asks Brian. Lisa asks Helen. Kevin asks Ryan. Tom asks Daniel. John asks Emily. Paul asks Jane. David asks Linda. Mark asks Sophia. Chris asks Grace. Sarah asks Jason. Anna asks Andrew. Kate asks Zoe. Emma asks Lucy. Amy asks Thomas. Susan asks Adam. Peter asks Jake. Alex asks Eric. James asks Robert. Chris asks,11,Grace
Kate hates Brian. Sarah hates Jane. Emma hates Grace. Amy hates Eric. Chris hates Zoe. David hates Emily. Mike hates Andrew. John hates Lucy. Peter hates Adam. Tom hates Sophia. Paul hates Helen. Anna hates Karen. Laura hates Ryan. Mary hates Robert. Susan hates Linda. Mark hates Daniel. Kevin hates Olivia. Alex hates Jake. Lisa hates Thomas. James hates Jason. Paul hates,11,Helen
James hates Linda. Peter hates Jake. Susan hates Daniel. David hates Robert. Tom hates Thomas. Laura hates Zoe. Lisa hates Brian. Amy hates Grace. Mark hates Lucy. Alex hates Jane. Kevin hates Karen. Emma hates Emily. Mary hates Sophia. Anna hates Olivia. Sarah hates Andrew. John hates Ryan. Chris hates Eric. Paul hates Helen. Kate hates Adam. Mike hates Jason. Kevin hates,11,Karen
Tom likes Lucy. Amy likes Jane. Mark likes Zoe. Kate likes Daniel. Sarah likes Emily. Alex likes Robert. Anna likes Helen. Emma likes Jake. John likes Ryan. Peter likes Thomas. Paul likes Andrew. Chris likes Jason. Susan likes Grace. Mike likes Sophia. Lisa likes Linda. Kevin likes Eric. Laura likes Brian. David likes Adam. James likes Karen. Mary likes Olivia. Paul likes,11,Andrew
John pays Emily. Kate pays Thomas. Amy pays Jake. Lisa pays Adam. Alex pays Ryan. Mike pays Grace. Chris pays Andrew. Anna pays Linda. Mark pays Helen. Sarah pays Robert. Mary pays Jane. Kevin pays Zoe. Laura pays Sophia. Susan pays Olivia. Paul pays Brian. David pays Lucy. Peter pays Karen. Tom pays Jason. James pays Daniel. Emma pays Eric. Mary pays,11,Jane
Anna visits Daniel. Mary visits Ryan. Kevin visits Helen. John visits Grace. Peter visits Sophia. James visits Lucy. Susan visits Brian. Amy visits Eric. Laura visits Jane. Chris visits Adam. Sarah visits Emily. Mike visits Karen. Paul visits Olivia. David visits Thomas. Alex visits Jason. Tom visits Andrew. Lisa visits Linda. Emma visits Zoe. Mark visits Jake. Kate visits Robert. Sarah visits,11,Emily
David thanks Zoe. Anna thanks Karen. James thanks Helen. John thanks Adam. Chris thanks Thomas. Kate thanks Eric. Alex thanks Emily. Mary thanks Grace. Laura thanks Brian. Kevin thanks Linda. Tom thanks Olivia. Amy thanks Jake. Mike thanks Ryan. Peter thanks Sophia. Paul thanks Robert. Sarah thanks Jason. Emma thanks Andrew. Lisa thanks Daniel. Mark thanks Jane. Susan thanks Lucy. Tom thanks,11,Olivia
Mark trusts Emily. Kate trusts Olivia. Peter trusts Jane. James trusts Jake. Lisa trusts Jason. Susan trusts Karen. Mary trusts Robert. Kevin trusts Zoe. Chris trusts Linda. Sarah trusts Thomas. Mike trusts Eric. Emma trusts Sophia. Alex trusts Helen. Tom trusts Daniel. David trusts Andrew. John trusts Brian. Amy trusts Grace. Laura trusts Adam. Paul trusts Lucy. Anna trusts Ryan. Mike trusts,11,Eric
Sarah meets Adam. Lisa meets Olivia. James meets Jake. Chris meets Helen. Emma meets Ryan. Kate meets Jane. Laura meets Robert. Tom meets Emily. Mary meets Grace. Alex meets Karen. Mark meets Daniel. David meets Zoe. Anna meets Lucy. John meets Jason. Amy meets Linda. Paul meets Sophia. Peter meets Brian. Mike meets Andrew. Susan meets Eric. Kevin meets Thomas. Mark meets,11,Daniel
Amy texts Grace. Alex texts Andrew. Susan texts Jake. David texts Robert. Anna texts Thomas. Paul texts Linda. Lisa texts Zoe. Mike texts Sophia. Tom texts Adam. Kate texts Olivia. James texts Ryan. Mark texts Jane. Kevin texts Karen. John texts Emily. Laura texts Lucy. Emma texts Jason. Sarah texts Helen. Peter texts Daniel. Mary texts Brian. Chris texts Eric. James texts,11,Ryan
Sarah loves Lucy. Lisa loves Brian. John loves Grace. Mary loves Linda. Tom loves Thomas. Mark loves Adam. Susan loves Jake. David loves Daniel. James loves Eric. Mike loves Helen. Amy loves Zoe. Laura loves Emily. Kevin loves Ryan. Alex loves Karen. Anna loves Robert. Emma loves Jane. Kate loves Jason. Paul loves Andrew. Peter loves Sophia. Chris loves Olivia. Amy loves,11,Zoe
Sarah visits Zoe. Anna visits Jane. Alex visits Emily. Kevin visits Ryan. Laura visits Brian. Mark visits Linda. David visits Jake. Mike visits Lucy. Lisa visits Andrew. Chris visits Olivia. Paul visits Robert. Mary visits Sophia. Emma visits Adam. Kate visits Eric. John visits Jason. James visits Daniel. Susan visits Helen. Tom visits Thomas. Peter visits Grace. Amy visits Karen. Paul visits,11,Robert
Lisa tells Eric. David tells Linda. Emma tells Robert. Tom tells Karen. James tells Jason. Kevin tells Emily. Mike tells Olivia. Kate tells Sophia. Mary tells Jake. Chris tells Adam. Mark tells Andrew. Peter tells Zoe. Paul tells Daniel. Laura tells Jane. Sarah tells Thomas. Alex tells Lucy. Anna tells Grace. Amy tells Helen. Susan tells Ryan. John tells Brian. Mark tells,11,Andrew
David trusts Jake. Paul trusts Olivia. Kevin trusts Karen. James trusts Grace. Susan trusts Jane. Mike trusts Helen. Kate trusts Andrew. Chris trusts Daniel. Alex trusts Lucy. Anna trusts Jason. Peter trusts Zoe. John trusts Sophia. Lisa trusts Robert. Mark trusts Emily. Emma trusts Brian. Laura trusts Thomas. Tom trusts Linda. Sarah trusts Adam. Mary trusts Ryan. Amy trusts Eric. Peter trusts,11,Zoe
Lisa fears Emily. Mark fears Ryan. Paul fears Jason. Emma fears Grace. Kate fears Helen. David fears Adam. James fears Lucy. Alex fears Jane. Amy fears Jake. Mary fears Brian. Chris fears Robert. Sarah fears Andrew. Anna fears Sophia. Laura fears Karen. Peter fears Olivia. John fears Linda. Susan fears Daniel. Mike fears Zoe. Kevin fears Eric. Tom fears Thomas. Chris fears,11,Robert
James sees Robert. Sarah sees Helen. Lisa sees Andrew. Mark sees Emily. Susan sees Thomas. Tom sees Sophia. John sees Grace. Alex sees Jane. Kate sees Ryan. Laura sees Jason. Mike sees Olivia. Amy sees Brian. Mary sees Karen. Kevin sees Adam. Paul sees Jake. Anna sees Eric. Peter sees Zoe. Emma sees Lucy. Chris sees Linda. David sees Daniel. Amy sees,12,Brian
Mike wants Jake. Sarah wants Karen. David wants Eric. Paul wants Lucy. Amy wants Zoe. Lisa wants Thomas. John wants Jason. Kevin wants Jane. Mary wants Daniel. Tom wants Robert. Kate wants Sophia. Emma wants Brian. James wants Linda. Anna wants Emily. Alex wants Andrew. Chris wants Helen. Mark wants Olivia. Laura wants Grace. Peter wants Ryan. Susan wants Adam. Emma wants,12,Brian
John needs Eric. Kate needs Emily. Susan needs Sophia. Alex needs Ryan. Tom needs Jane. Peter needs Daniel. Lisa needs Karen. Paul needs Jake. Mary needs Jason. Kevin needs Brian. James needs Helen. Sarah needs Linda. Mike needs Thomas. Emma needs Robert. Mark needs Olivia. Amy needs Adam. Chris needs Andrew. Laura needs Lucy. David needs Zoe. Anna needs Grace. Sarah needs,12,Linda
Kevin calls Sophia. Lisa calls Olivia. Alex calls Adam. Mike calls Robert. Peter calls Zoe. Mary calls Thomas. Sarah calls Lucy. Tom calls Emily. James calls Jane. Amy calls Jake. Susan calls Brian. Mark calls Linda. Anna calls Karen. Chris calls Daniel. Emma calls Eric. Paul calls Ryan. John calls Grace. Kate calls Helen. David calls Jason. Laura calls Andrew. Mark calls,12,Linda
Mary thanks Jane. James thanks Andrew. Anna thanks Adam. Laura thanks Karen. Kate thanks Jason. Sarah thanks Ryan. Alex thanks Emily. Amy thanks Lucy. Emma thanks Thomas. Kevin thanks Grace. John thanks Robert. Chris thanks Jake. Susan thanks Zoe. Paul thanks Daniel. David thanks Eric. Tom thanks Brian. Lisa thanks Sophia. Peter thanks Linda. Mark thanks Helen. Mike thanks Olivia. Chris thanks,12,Jake
Susan knows Grace. James knows Andrew. John knows Daniel. Tom knows Jake. Mike knows Adam. Sarah knows Zoe. Lisa knows Jason. Kate knows Brian. Mary knows Emily. Mark knows Karen. Laura knows Thomas. Chris knows Robert. Amy knows Lucy. Alex knows Ryan. Anna knows Sophia. Emma knows Linda. Paul knows Helen. David knows Olivia. Peter knows Jane. Kevin knows Eric. Chris knows,12,Robert
Mike fears Lucy. Kate fears Eric. Amy fears Emily. James fears Jane. Lisa fears Olivia. Kevin fears Grace. Paul fears Ryan. Alex fears Adam. Susan fears Robert. Mark fears Andrew. Chris fears Linda. Anna fears Thomas. Laura fears Sophia. Tom fears Karen. John fears Zoe. Emma fears Jason. David fears Brian. Peter fears Daniel. Mary fears Helen. Sarah fears Jake. Anna fears,12,Thomas
Alex likes Emily. Susan likes Lucy. Chris likes Daniel. John likes Olivia. Laura likes Jake. Sarah likes Brian. Paul likes Helen. James likes Eric. Kate likes Thomas. Tom likes Jason. Peter likes Karen. Amy likes Zoe. Lisa likes Sophia. David likes Jane. Mary likes Grace. Kevin likes Adam. Mike likes Andrew. Mark likes Ryan. Emma likes Robert. Anna likes Linda. Amy likes,12,Zoe
Alex asks Andrew. Lisa asks Sophia. Mary asks Brian. Sarah asks Eric. Kate asks Jason. Susan asks Thomas. Laura asks Linda. Emma asks Grace. Kevin asks Karen. Paul asks Robert. David asks Daniel. John asks Zoe. Tom asks Emily. James asks Helen. Peter asks Jane. Anna asks Lucy. Chris asks Jake. Mike asks Olivia. Mark asks Adam. Amy asks Ryan. John asks,12,Zoe
Tom texts Emily. James texts Jake. Kate texts Karen. Kevin texts Zoe. Mary texts Ryan. Anna texts Jane. Chris texts Grace. Amy texts Eric. Laura texts Andrew. Emma texts Olivia. Susan texts Brian. Peter texts Adam. Lisa texts Linda. Alex texts Thomas. John texts Jason. Mark texts Helen. Mike texts Sophia. David texts Daniel. Sarah texts Lucy. Paul texts Robert. Peter texts,12,Adam
Mike needs Zoe. Chris needs Grace. Alex needs Linda. Tom needs Robert. Mark needs Emily. Peter needs Eric. Sarah needs Sophia. Lisa needs Olivia. James needs Jane. Susan needs Jake. Mary needs Brian. Kate needs Adam. David needs Ryan. John needs Daniel. Amy needs Lucy. Laura needs Karen. Paul needs Andrew. Kevin needs Helen. Anna needs Thomas. Emma needs Jason. Kate needs,12,Adam
Kevin wants Brian. Laura wants Olivia. Mark wants Lucy. Kate wants Jason. Lisa wants Grace. David wants Ryan. Susan wants Jane. John wants Thomas. Tom wants Robert. Peter wants Daniel. Emma wants Jake. Chris wants Emily. Sarah wants Adam. Mike wants Andrew. Anna wants Zoe. Mary wants Eric. Alex wants Sophia. Paul wants Helen. Amy wants Karen. James wants Linda. Chris wants,12,Emily
Mark needs Eric. Peter needs Linda. Emma needs Sophia. Kevin needs Lucy. Paul needs Olivia. Tom needs Ryan. Alex needs Jason. David needs Daniel. John needs Brian. Susan needs Grace. Anna needs Emily. Mike needs Zoe. Kate needs Thomas. Laura needs Adam. Lisa needs Jane. Amy needs Andrew. Chris needs Karen. Sarah needs Robert. James needs Jake. Mary needs Helen. Mike needs,12,Zoe
Chris helps Ryan. Sarah helps Lucy. Mike helps Grace. James helps Olivia. Mark helps Sophia. Alex helps Helen. Paul helps Thomas. Emma helps Karen. Amy helps Robert. Mary helps Zoe. Peter helps Linda. Anna helps Brian. Kate helps Jane. Kevin helps Jake. John helps Andrew. Tom helps Eric. David helps Daniel. Laura helps Jason. Lisa helps Adam. Susan helps Emily. Anna helps,12,Brian
Susan follows Lucy. Tom follows Andrew. Kevin follows Daniel. Chris follows Adam. David follows Linda. Alex follows Helen. John follows Zoe. Laura follows Ryan. Mary follows Thomas. Lisa follows Olivia. Mark follows Jane. Anna follows Eric. Mike follows Brian. Paul follows Sophia. Peter follows Jason. Kate follows Robert. James follows Emily. Amy follows Karen. Sarah follows Grace. Emma follows Jake. Anna follows,12,Eric
Mark likes Emily. Chris likes Zoe. James likes Linda. Anna likes Karen. Amy likes Daniel. Mary likes Andrew. John likes Olivia. Kevin likes Helen. Paul likes Jake. David likes Jason. Tom likes Ryan. Lisa likes Robert. Emma likes Brian. Alex likes Adam. Kate likes Eric. Sarah likes Thomas. Mike likes Lucy. Susan likes Sophia. Laura likes Grace. Peter likes Jane. Lisa likes,12,Robert
David trusts Ryan. Mary trusts Thomas. Amy trusts Emily. Tom trusts Eric. Peter trusts Linda. Emma trusts Zoe. Kevin trusts Karen. Sarah trusts Helen. Paul trusts Sophia. Kate trusts Adam. Mark trusts Jake. Laura trusts Jane. John trusts Robert. Chris trusts Lucy. Lisa trusts Brian. Alex trusts Olivia. Anna trusts Jason. James trusts Daniel. Susan trusts Andrew. Mike trusts Grace. Laura trusts,12,Jane
Paul knows Lucy. Laura knows Robert. Kevin knows Ryan. Kate knows Grace. Anna knows Helen. John knows Jane. Amy knows Jake. Lisa knows Linda. James knows Jason. Susan knows Andrew. Tom knows Brian. Alex knows Olivia. Mike knows Emily. Mary knows Thomas. Sarah knows Adam. Peter knows Daniel. Emma knows Zoe. Chris knows Sophia. Mark knows Karen. David knows Eric. Alex knows,12,Olivia
James meets Linda. Mike meets Andrew. Susan meets Karen. Chris meets Grace. Tom meets Ryan. Kate meets Lucy. Peter meets Zoe. Mary meets Jane. Alex meets Jake. Laura meets Jason. John meets Robert. David meets Brian. Mark meets Eric. Sarah meets Emily. Emma meets Olivia. Anna meets Daniel. Kevin meets Adam. Amy meets Sophia. Lisa meets Thomas. Paul meets Helen. David meets,12,Brian
Laura likes Grace. Mike likes Karen. Kevin likes Jane. Alex likes Zoe. Paul likes Eric. Tom likes Thomas. Anna likes Ryan. John likes Jason. Emma likes Adam. Mary likes Linda. Chris likes Andrew. James likes Jake. David likes Robert. Susan likes Emily. Kate likes Brian. Mark likes Sophia. Lisa likes Lucy. Amy likes Daniel. Peter likes Olivia. Sarah likes Helen. James likes,12,Jake
David needs Jane. Chris needs Eric. James needs Zoe. Sarah needs Emily. Kevin needs Lucy. John needs Ryan. Anna needs Olivia. Lisa needs Andrew. Laura needs Robert. Mary needs Sophia. Peter needs Brian. Paul needs Daniel. Emma needs Jason. Mark needs Helen. Tom needs Karen. Amy needs Jake. Kate needs Adam. Mike needs Linda. Alex needs Grace. Susan needs Thomas. Emma needs,13,Jason
Mary tells Jane. Paul tells Lucy. Mark tells Brian. Amy tells Jake. Laura tells Andrew. Kate tells Grace. Emma tells Thomas. James tells Jason. Tom tells Emily. Kevin tells Linda. Sarah tells Robert. Chris tells Zoe. Lisa tells Olivia. Mike tells Sophia. Peter tells Helen. Anna tells Eric. Susan tells Ryan. John tells Karen. David tells Adam. Alex tells Daniel. Lisa tells,13,Olivia
Lisa hates Lucy. Chris hates Zoe. Anna hates Thomas. Kate hates Daniel. Sarah hates Brian. Mike hates Eric. Amy hates Emily. Kevin hates Karen. Peter hates Robert. Alex hates Linda. David hates Grace. Paul hates Andrew. Mary hates Jake. Laura hates Ryan. James hates Jason. John hates Olivia. Tom hates Sophia. Emma hates Adam. Susan hates Helen. Mark hates Jane. Mary hates,13,Jake
Paul needs Sophia. Amy needs Olivia. David needs Ryan. John needs Helen. Kevin needs Linda. Mike needs Jake. Chris needs Grace. Tom needs Daniel. Kate needs Emily. Susan needs Robert. Alex needs Jason. Sarah needs Zoe. James needs Eric. Emma needs Thomas. Anna needs Jane. Lisa needs Lucy. Mary needs Andrew. Peter needs Adam. Mark needs Brian. Laura needs Karen. James needs,13,Eric
Tom hates Ryan. Kate hates Emily. Emma hates Adam. Paul hates Robert. Sarah hates Helen. Laura hates Zoe. David hates Olivia. Amy hates Brian. Susan hates Andrew. Anna hates Sophia. Mary hates Daniel. Lisa hates Karen. Mike hates Grace. Mark hates Jane. Chris hates Lucy. Peter hates Linda. Alex hates Thomas. Kevin hates Jake. James hates Eric. John hates Jason. Mike hates,13,Grace
Mark finds Zoe. Kate finds Robert. John finds Sophia. Sarah finds Linda. James finds Karen. Mary finds Jason. Chris finds Adam. Kevin finds Jake. Alex finds Grace. Amy finds Emily. David finds Jane. Susan finds Helen. Anna finds Brian. Emma finds Ryan. Peter finds Thomas. Laura finds Lucy. Tom finds Olivia. Mike finds Andrew. Paul finds Eric. Lisa finds Daniel. Anna finds,13,Brian
Sarah needs Emily. Kate needs Lucy. Anna needs Daniel. Paul needs Jake. John needs Sophia. Lisa needs Brian. Tom needs Zoe. Susan needs Ryan. Peter needs Thomas. Emma needs Olivia. Kevin needs Jason. Mike needs Andrew. Chris needs Eric. Laura needs Grace. James needs Adam. Mary needs Linda. Alex needs Karen. Mark needs Robert. Amy needs Helen. David needs Jane. Chris needs,13,Eric
John thanks Thomas. Laura thanks Grace. Mark thanks Lucy. Kevin thanks Karen. Kate thanks Jane. James thanks Sophia. Anna thanks Jake. David thanks Helen. Paul thanks Brian. Mary thanks Zoe. Alex thanks Eric. Lisa thanks Robert. Sarah thanks Linda. Chris thanks Adam. Mike thanks Andrew. Susan thanks Olivia. Emma thanks Daniel. Peter thanks Ryan. Amy thanks Jason. Tom thanks Emily. Sarah thanks,13,Linda
Emma meets Sophia. Laura meets Karen. Sarah meets Jane. David meets Linda. Chris meets Jason. James meets Daniel. John meets Emily. Mary meets Robert. Peter meets Eric. Anna meets Grace. Alex meets Ryan. Mark meets Andrew. Tom meets Lucy. Paul meets Brian. Kevin meets Jake. Susan meets Helen. Amy meets Olivia. Kate meets Zoe. Mike meets Thomas. Lisa meets Adam. Tom meets,13,Lucy
Emma calls Thomas. Sarah calls Lucy. Mary calls Karen. Lisa calls Ryan. Peter calls Eric. David calls Brian. Mike calls Zoe. Kevin calls Helen. Alex calls Linda. Laura calls Daniel. Amy calls Adam. James calls Emily. Chris calls Andrew. Anna calls Jake. Susan calls Grace. John calls Jane. Mark calls Olivia. Paul calls Jason. Kate calls Robert. Tom calls Sophia. Chris calls,13,Andrew
James sees Brian. Peter sees Grace. Alex sees Daniel. Emma sees Jason. John sees Helen. Sarah sees Sophia. Laura sees Ryan. Amy sees Thomas. Kate sees Adam. Susan sees Lucy. Lisa sees Linda. David sees Emily. Kevin sees Eric. Mary sees Zoe. Anna sees Robert. Mike sees Karen. Mark sees Andrew. Paul sees Jane. Chris sees Olivia. Tom sees Jake. Kevin sees,13,Eric
Lisa follows Grace. Sarah follows Thomas. James follows Karen. Kate follows Adam. Laura follows Ryan. Emma follows Emily. Amy follows Robert. Tom follows Eric. Paul follows Daniel. Susan follows Linda. John follows Olivia. Alex follows Zoe. Mike follows Jane. Peter follows Sophia. Chris follows Jason. Mary follows Brian. Anna follows Lucy. Mark follows Andrew. Kevin follows Jake. David follows Helen. Mike follows,13,Jane
Amy meets Jake. Anna meets Brian. Sarah meets Karen. Mark meets Sophia. Mary meets Grace. Emma meets Lucy. Alex meets Jason. John meets Andrew. Chris meets Emily. James meets Adam. David meets Olivia. Kevin meets Thomas. Kate meets Zoe. Peter meets Jane. Lisa meets Helen. Tom meets Daniel. Paul meets Ryan. Mike meets Eric. Susan meets Robert. Laura meets Linda. Kate meets,13,Zoe
Sarah thanks Adam. Alex thanks Karen. John thanks Grace. James thanks Thomas. Emma thanks Jason. Mike thanks Ryan. Paul thanks Jane. Amy thanks Linda. Peter thanks Eric. Tom thanks Brian. Laura thanks Olivia. Lisa thanks Lucy. Mary thanks Jake. Susan thanks Zoe. Chris thanks Emily. David thanks Sophia. Mark thanks Helen. Kate thanks Daniel. Anna thanks Robert. Kevin thanks Andrew. Mary thanks,13,Jake
Emma finds Thomas. Lisa finds Lucy. Laura finds Adam. Mike finds Eric. Peter finds Brian. John finds Robert. Susan finds Emily. Mary finds Linda. James finds Zoe. Amy finds Jason. Alex finds Andrew. Kevin finds Jane. Chris finds Jake. Sarah finds Karen. Mark finds Grace. Tom finds Ryan. David finds Daniel. Paul finds Sophia. Anna finds Helen. Kate finds Olivia. Chris finds,13,Jake
Tom finds Linda. Anna finds Zoe. Emma finds Brian. Sarah finds Eric. Mark finds Lucy. Alex finds Robert. Kevin finds Adam. Laura finds Sophia. Mike finds Helen. Peter finds Olivia. Lisa finds Thomas. Kate finds Ryan. James finds Jake. Chris finds Emily. John finds Daniel. Paul finds Karen. David finds Jason. Amy finds Grace. Susan finds Andrew. Mary finds Jane. James finds,13,Jake
Emma follows Emily. John follows Linda. Lisa follows Eric. Laura follows Andrew. Mark follows Grace. Anna follows Olivia. Paul follows Jason. Sarah follows Adam. David follows Robert. Amy follows Jake. Chris follows Brian. James follows Sophia. Susan follows Jane. Alex follows Lucy. Tom follows Karen. Kate follows Daniel. Peter follows Ryan. Mike follows Helen. Mary follows Thomas. Kevin follows Zoe. Susan follows,13,Jane
Laura tells Zoe. Peter tells Helen. Mary tells Adam. Paul tells Eric. John tells Andrew. Emma tells Grace. Anna tells Brian. James tells Thomas. Kevin tells Sophia. Alex tells Jason. Mark tells Jake. Kate tells Emily. Susan tells Olivia. David tells Robert. Amy tells Karen. Chris tells Ryan. Sarah tells Linda. Tom tells Daniel. Lisa tells Jane. Mike tells Lucy. Susan tells,13,Olivia
Laura helps Jane. John helps Adam. Mark helps Zoe. Tom helps Brian. David helps Helen. Chris helps Daniel. Anna helps Karen. Amy helps Emily. Sarah helps Eric. Kate helps Ryan. James helps Linda. Alex helps Grace. Peter helps Olivia. Kevin helps Lucy. Susan helps Jason. Emma helps Thomas. Paul helps Sophia. Lisa helps Andrew. Mike helps Robert. Mary helps Jake. Peter helps,13,Olivia
Amy texts Jane. David texts Emily. Paul texts Karen. Kevin texts Lucy. Anna texts Helen. James texts Thomas. Susan texts Jake. Lisa texts Linda. Mary texts Andrew. Alex texts Sophia. Emma texts Adam. Mike texts Jason. Sarah texts Grace. Mark texts Ryan. Peter texts Eric. John texts Daniel. Laura texts Zoe. Tom texts Brian. Chris texts Robert. Kate texts Olivia. Sarah texts,13,Grace
Kate loves Jake. Laura loves Adam. John loves Olivia. Sarah loves Emily. James loves Andrew. Kevin loves Grace. Emma loves Eric. Tom loves Daniel. Alex loves Lucy. Amy loves Sophia. Peter loves Ryan. David loves Brian. Mary loves Linda. Anna loves Jason. Lisa loves Karen. Mike loves Zoe. Paul loves Helen. Chris loves Jane. Susan loves Robert. Mark loves Thomas. Anna loves,14,Jason
Peter helps Linda. Anna helps Brian. Emma helps Grace. Amy helps Adam. Mike helps Ryan. Susan helps Helen. Alex helps Jane. Chris helps Andrew. Sarah helps Jake. Tom helps Sophia. Kate helps Robert. John helps Daniel. Mary helps Lucy. Laura helps Thomas. Lisa helps Eric. David helps Karen. Mark helps Zoe. James helps Emily. Paul helps Olivia. Kevin helps Jason. Laura helps,14,Thomas
Chris thanks Sophia. Mike thanks Jason. Mark thanks Andrew. Peter thanks Eric. Kate thanks Jake. Tom thanks Daniel. Susan thanks Karen. Mary thanks Thomas. Anna thanks Emily. Laura thanks Olivia. John thanks Grace. Lisa thanks Adam. Sarah thanks Lucy. Paul thanks Zoe. Emma thanks Robert. Alex thanks Ryan. James thanks Linda. David thanks Helen. Amy thanks Jane. Kevin thanks Brian. Paul thanks,14,Zoe
Alex wants Thomas. Chris wants Lucy. Paul wants Jake. Sarah wants Jason. Peter wants Grace. Amy wants Jane. Mary wants Ryan. Mark wants Brian. Laura wants Sophia. Tom wants Adam. James wants Linda. John wants Eric. Kate wants Emily. Lisa wants Helen. Mike wants Karen. David wants Daniel. Anna wants Andrew. Kevin wants Zoe. Susan wants Robert. Emma wants Olivia. Lisa wants,14,Helen
Anna finds Brian. Alex finds Eric. Mike finds Thomas. Kate finds Adam. Laura finds Jane. Mary finds Olivia. Peter finds Andrew. Susan finds Sophia. Sarah finds Linda. Tom finds Karen. Lisa finds Ryan. James finds Jason. Chris finds Emily. Paul finds Jake. David finds Robert. Amy finds Daniel. Mark finds Zoe. Emma finds Grace. John finds Helen. Kevin finds Lucy. Paul finds,14,Jake
David needs Jane. Paul needs Robert. Tom needs Linda. Kevin needs Thomas. Peter needs Ryan. Emma needs Brian. James needs Jake. Alex needs Andrew. Anna needs Grace. Mary needs Lucy. Amy needs Olivia. Lisa needs Emily. Mike needs Helen. Susan needs Jason. Mark needs Eric. John needs Adam. Kate needs Zoe. Chris needs Sophia. Laura needs Karen. Sarah needs Daniel. Susan needs,14,Jason
Mark wants Grace. Lisa wants Ryan. James wants Adam. Mike wants Daniel. Tom wants Andrew. John wants Brian. Peter wants Lucy. Mary wants Linda. Chris wants Thomas. Kevin wants Jane. Alex wants Sophia. Laura wants Olivia. David wants Helen. Paul wants Jason. Emma wants Jake. Sarah wants Robert. Susan wants Zoe. Amy wants Karen. Kate wants Eric. Anna wants Emily. Paul wants,14,Jason
Alex thanks Olivia. Amy thanks Andrew. Paul thanks Daniel. James thanks Zoe. Kevin thanks Ryan. Lisa thanks Karen. Peter thanks Grace. David thanks Sophia. Sarah thanks Jane. Kate thanks Adam. Anna thanks Jason. Mary thanks Linda. Tom thanks Eric. Mike thanks Jake. John thanks Emily. Susan thanks Robert. Laura thanks Thomas. Chris thanks Lucy. Emma thanks Helen. Mark thanks Brian. Mike thanks,14,Jake
John knows Emily. Alex knows Karen. Laura knows Daniel. Anna knows Eric. Sarah knows Helen. David knows Andrew. Emma knows Jason. Susan knows Zoe. Kevin knows Jane. Peter knows Brian. Kate knows Linda. Mary knows Robert. Mike knows Thomas. Amy knows Jake. James knows Lucy. Paul knows Sophia. Tom knows Adam. Lisa knows Olivia. Mark knows Ryan. Chris knows Grace. Amy knows,14,Jake
Paul trusts Thomas. Tom trusts Olivia. John trusts Eric. Sarah trusts Jason. Peter trusts Helen. Susan trusts Linda. Emma trusts Jane. Kate trusts Brian. Laura trusts Jake. Alex trusts Sophia. Mike trusts Grace. Lisa trusts Robert. James trusts Zoe. Anna trusts Ryan. David trusts Adam. Mark trusts Karen. Amy trusts Lucy. Chris trusts Emily. Mary trusts Andrew. Kevin trusts Daniel. Anna trusts,14,Ryan
Paul helps Adam. Chris helps Emily. John helps Helen. Tom helps Olivia. Mary helps Jake. Emma helps Daniel. Alex helps Thomas. David helps Sophia. Susan helps Linda. Lisa helps Andrew. Laura helps Brian. Amy helps Robert. Kate helps Ryan. Mike helps Jane. Sarah helps Karen. James helps Lucy. Peter helps Zoe. Anna helps Jason. Mark helps Eric. Kevin helps Grace. Mike helps,14,Jane
Lisa fears Linda. Kate fears Adam. Mark fears Olivia. Anna fears Zoe. Mary fears Jake. Paul fears Karen. Sarah fears Ryan. David fears Sophia. Amy fears Eric. Chris fears Jason. Laura fears Andrew. Peter fears Helen. Mike fears Brian. Tom fears Jane. Alex fears Emily. Kevin fears Robert. Emma fears Grace. John fears Daniel. James fears Lucy. Susan fears Thomas. Tom fears,14,Jane
Sarah asks Daniel. Peter asks Linda. David asks Brian. Tom asks Lucy. Mike asks Thomas. Emma asks Jake. Lisa asks Sophia. Kevin asks Ryan. Amy asks Helen. Mark asks Jane. Laura asks Jason. Paul asks Eric. James asks Karen. Mary asks Emily. Alex asks Andrew. Chris asks Olivia. Anna asks Grace. John asks Zoe. Kate asks Robert. Susan asks Adam. Mary asks,14,Emily
Laura sees Robert. David sees Jane. Amy sees Andrew. John sees Thomas. Anna sees Grace. Tom sees Ryan. Mike sees Jason. Emma sees Lucy. Chris sees Daniel. Paul sees Jake. Sarah sees Adam. Kevin sees Brian. Peter sees Olivia. Susan sees Helen. Kate sees Zoe. James sees Emily. Mary sees Linda. Mark sees Eric. Lisa sees Sophia. Alex sees Karen. Susan sees,14,Helen
Susan likes Linda. Paul likes Andrew. Chris likes Zoe. Emma likes Brian. Sarah likes Jane. Alex likes Thomas. Tom likes Ryan. Peter likes Adam. Kate likes Emily. Anna likes Robert. David likes Jake. Kevin likes Grace. John likes Lucy. Mary likes Eric. Mark likes Sophia. Laura likes Jason. Lisa likes Daniel. James likes Olivia. Mike likes Karen. Amy likes Helen. Mary likes,14,Eric
Mary texts Ryan. Paul texts Andrew. Amy texts Daniel. Susan texts Jason. Anna texts Olivia. Peter texts Zoe. John texts Thomas. Mark texts Karen. David texts Brian. Tom texts Emily. Sarah texts Jake. Kevin texts Linda. Lisa texts Lucy. James texts Robert. Kate texts Helen. Mike texts Jane. Chris texts Sophia. Laura texts Grace. Alex texts Eric. Emma texts Adam. James texts,14,Robert
Lisa trusts Robert. Emma trusts Zoe. Susan trusts Daniel. Tom trusts Grace. Alex trusts Brian. James trusts Sophia. Mark trusts Karen. Paul trusts Eric. Anna trusts Helen. Amy trusts Emily. Laura trusts Lucy. Mike trusts Thomas. Mary trusts Ryan. Sarah trusts Jane. Chris trusts Adam. John trusts Jason. Kate trusts Olivia. Kevin trusts Andrew. Peter trusts Linda. David trusts Jake. Sarah trusts,14,Jane
Kate asks Robert. Mary asks Linda. Anna asks Jake. David asks Brian. Tom asks Olivia. Emma asks Thomas. James asks Jason. Paul asks Helen. Mike asks Emily. Sarah asks Karen. Alex asks Grace. Mark asks Sophia. Laura asks Lucy. Amy asks Andrew. Chris asks Daniel. John asks Ryan. Lisa asks Eric. Susan asks Jane. Kevin asks Adam. Peter asks Zoe. Amy asks,14,Andrew
Kate likes Helen. Mary likes Lucy. Paul likes Ryan. Anna likes Linda. James likes Emily. John likes Adam. Amy likes Jane. Emma likes Zoe. Sarah likes Olivia. Susan likes Jake. Chris likes Grace. Lisa likes Karen. David likes Jason. Mike likes Brian. Peter likes Sophia. Tom likes Robert. Laura likes Daniel. Kevin likes Thomas. Alex likes Andrew. Mark likes Eric. Mike likes,14,Brian
Paul visits Eric. Anna visits Linda. Kevin visits Karen. Laura visits Helen. Alex visits Sophia. Amy visits Grace. Lisa visits Daniel. Mark visits Zoe. Mary visits Jason. Kate visits Robert. Sarah visits Ryan. Mike visits Jane. David visits Jake. Susan visits Olivia. John visits Lucy. Tom visits Brian. James visits Andrew. Emma visits Emily. Peter visits Adam. Chris visits Thomas. Susan visits,14,Olivia
Mike helps Robert. Mary helps Daniel. Sarah helps Lucy. Peter helps Zoe. Emma helps Linda. Susan helps Karen. James helps Thomas. Tom helps Emily. Amy helps Ryan. Kate helps Jake. Paul helps Jason. Kevin helps Helen. Chris helps Sophia. Lisa helps Andrew. Mark helps Adam. David helps Grace. Alex helps Olivia. Anna helps Eric. Laura helps Brian. John helps Jane. Mark helps,15,Adam
Peter helps Zoe. Sarah helps Lucy. James helps Linda. Laura helps Olivia. Chris helps Brian. Alex helps Andrew. John helps Robert. Anna helps Helen. Susan helps Jane. Mary helps Karen. Tom helps Sophia. David helps Adam. Kevin helps Jason. Emma helps Emily. Mike helps Daniel. Paul helps Ryan. Lisa helps Jake. Mark helps Grace. Amy helps Thomas. Kate helps Eric. Mike helps,15,Daniel
Susan pays Thomas. Tom pays Daniel. John pays Lucy. Lisa pays Zoe. Laura pays Jane. Mary pays Grace. Mark pays Andrew. Paul pays Brian. Mike pays Eric. Alex pays Linda. Kevin pays Karen. Kate pays Helen. Peter pays Adam. Sarah pays Olivia. Emma pays Emily. Amy pays Ryan. Anna pays Robert. Chris pays Jake. James pays Sophia. David pays Jason. Emma pays,15,Emily
James follows Ryan. David follows Andrew. Paul follows Brian. Emma follows Zoe. Amy follows Eric. Sarah follows Robert. Peter follows Jane. Kevin follows Jake. Kate follows Adam. Tom follows Linda. Lisa follows Grace. Alex follows Sophia. Mike follows Karen. Chris follows Jason. Laura follows Thomas. Mark follows Emily. Mary follows Lucy. John follows Olivia. Susan follows Daniel. Anna follows Helen. Laura follows,15,Thomas
Laura thanks Lucy. Amy thanks Sophia. David thanks Grace. Mary thanks Andrew. Kevin thanks Adam. Peter thanks Jason. Chris thanks Linda. Sarah thanks Thomas. James thanks Helen. Paul thanks Jake. John thanks Olivia. Mike thanks Daniel. Emma thanks Robert. Anna thanks Eric. Kate thanks Brian. Lisa thanks Emily. Susan thanks Karen. Tom thanks Ryan. Mark thanks Zoe. Alex thanks Jane. Kate thanks,15,Brian
Emma calls Ryan. Mary calls Sophia. James calls Robert. Chris calls Jane. Paul calls Karen. David calls Helen. Kevin calls Brian. Kate calls Jake. Mike calls Olivia. Susan calls Eric. Amy calls Zoe. Mark calls Andrew. Laura calls Linda. John calls Jason. Sarah calls Thomas. Peter calls Lucy. Tom calls Grace. Anna calls Emily. Lisa calls Daniel. Alex calls Adam. Sarah calls,15,Thomas
Anna visits Grace. Alex visits Zoe. James visits Brian. Mary visits Jason. Laura visits Ryan. Mike visits Linda. Lisa visits Robert. David visits Sophia. Emma visits Andrew. Mark visits Jane. Susan visits Daniel. Peter visits Eric. Chris visits Thomas. Sarah visits Jake. John visits Helen. Tom visits Olivia. Kate visits Karen. Amy visits Emily. Paul visits Lucy. Kevin visits Adam. John visits,15,Helen
Tom thanks Lucy. Peter thanks Sophia. Emma thanks Ryan. Mike thanks Jane. Kevin thanks Helen. Amy thanks Adam. Paul thanks Jason. Alex thanks Jake. Lisa thanks Thomas. Susan thanks Grace. Kate thanks Andrew. John thanks Robert. James thanks Karen. Mary thanks Linda. Laura thanks Brian. Mark thanks Eric. Anna thanks Olivia. Sarah thanks Emily. Chris thanks Daniel. David thanks Zoe. Laura thanks,15,Brian
Mike texts Helen. Amy texts Ryan. David texts Jake. Paul texts Linda. Kevin texts Sophia. Tom texts Zoe. Lisa texts Emily. James texts Grace. Susan texts Karen. Mark texts Eric. Alex texts Robert. Emma texts Andrew. Mary texts Lucy. Laura texts Daniel. John texts Olivia. Sarah texts Thomas. Anna texts Jane. Peter texts Adam. Chris texts Brian. Kate texts Jason. John texts,15,Olivia
Amy follows Grace. David follows Robert. Chris follows Ryan. John follows Emily. Mark follows Helen. Susan follows Jason. Paul follows Olivia. Anna follows Brian. Mike follows Thomas. Laura follows Zoe. Emma follows Sophia. Sarah follows Eric. Mary follows Linda. Lisa follows Daniel. Tom follows Jake. Alex follows Lucy. Peter follows Jane. Kevin follows Andrew. Kate follows Adam. James follows Karen. Tom follows,15,Jake
Sarah tells Helen. Kevin tells Jason. Lisa tells Linda. Anna tells Emily. Alex tells Olivia. Chris tells Adam. Mike tells Ryan. Laura tells Thomas. Mark tells Sophia. Emma tells Daniel. John tells Eric. James tells Grace. Kate tells Jake. Amy tells Jane. David tells Robert. Susan tells Brian. Paul tells Zoe. Mary tells Andrew. Peter tells Karen. Tom tells Lucy. David tells,15,Robert
Tom fears Eric. Amy fears Jason. Laura fears Emily. Lisa fears Olivia. Kate fears Daniel. Mark fears Grace. Emma fears Adam. John fears Sophia. Sarah fears Robert. David fears Karen. Alex fears Zoe. Peter fears Jane. Chris fears Lucy. Mary fears Thomas. Susan fears Brian. Paul fears Helen. Mike fears Andrew. James fears Jake. Kevin fears Linda. Anna fears Ryan. Susan fears,15,Brian
Susan likes Andrew. Kate likes Jason. Mark likes Jake. Laura likes Emily. David likes Helen. Amy likes Eric. Mike likes Olivia. Chris likes Grace. Paul likes Adam. Mary likes Robert. Alex likes Linda. James likes Sophia. John likes Lucy. Peter likes Zoe. Lisa likes Thomas. Anna likes Daniel. Kevin likes Karen. Tom likes Ryan. Sarah likes Brian. Emma likes Jane. Lisa likes,15,Thomas
Susan helps Helen. Laura helps Adam. Chris helps Jake. John helps Andrew. Anna helps Linda. David helps Daniel. Mike helps Zoe. Emma helps Grace. Peter helps Thomas. Tom helps Jason. Mary helps Olivia. Mark helps Jane. Alex helps Eric. Paul helps Robert. Kevin helps Emily. Kate helps Brian. Amy helps Karen. Sarah helps Lucy. Lisa helps Ryan. James helps Sophia. Kevin helps,15,Emily
Amy thanks Jane. Kevin thanks Jason. Mary thanks Thomas. David thanks Jake. Sarah thanks Olivia. Paul thanks Eric. James thanks Andrew. Susan thanks Karen. Mark thanks Zoe. Laura thanks Emily. Peter thanks Linda. John thanks Helen. Lisa thanks Robert. Mike thanks Daniel. Alex thanks Grace. Emma thanks Lucy. Tom thanks Brian. Chris thanks Adam. Anna thanks Ryan. Kate thanks Sophia. Alex thanks,15,Grace
Kate knows Helen. James knows Emily. Mike knows Brian. Anna knows Daniel. Tom knows Ryan. Paul knows Sophia. Laura knows Linda. Alex knows Andrew. Peter knows Eric. David knows Robert. John knows Jane. Chris knows Grace. Mark knows Olivia. Sarah knows Karen. Susan knows Thomas. Mary knows Lucy. Emma knows Jake. Kevin knows Zoe. Lisa knows Jason. Amy knows Adam. Susan knows,15,Thomas
Sarah helps Karen. John helps Thomas. Chris helps Lucy. Susan helps Sophia. David helps Robert. Peter helps Ryan. James helps Olivia. Lisa helps Jane. Amy helps Helen. Anna helps Emily. Mike helps Zoe. Tom helps Daniel. Kevin helps Jake. Laura helps Linda. Emma helps Andrew. Paul helps Grace. Mark helps Eric. Kate helps Jason. Alex helps Adam. Mary helps Brian. Emma helps,15,Andrew
Laura thanks Karen. David thanks Brian. Mary thanks Linda. Mike thanks Adam. Tom thanks Jason. Kevin thanks Daniel. Lisa thanks Robert. Mark thanks Emily. Emma thanks Jane. Susan thanks Thomas. Sarah thanks Eric. Alex thanks Helen. John thanks Andrew. James thanks Zoe. Anna thanks Grace. Peter thanks Lucy. Chris thanks Jake. Paul thanks Ryan. Amy thanks Sophia. Kate thanks Olivia. Anna thanks,15,Grace
Sarah needs Daniel. Mary needs Zoe. Kate needs Brian. Amy needs Jake. Chris needs Karen. Tom needs Lucy. Susan needs Adam. Alex needs Linda. John needs Helen. Mike needs Robert. Anna needs Andrew. Lisa needs Olivia. Kevin needs Emily. Peter needs Jason. Laura needs Sophia. Paul needs Ryan. David needs Thomas. James needs Eric. Emma needs Grace. Mark needs Jane. Laura needs,15,Sophia
Sarah fears Helen. Lisa fears Jason. Mary fears Emily. Paul fears Daniel. James fears Eric. Kate fears Brian. Susan fears Zoe. Anna fears Sophia. Chris fears Olivia. Peter fears Robert. Kevin fears Karen. David fears Jane. Amy fears Grace. Laura fears Jake. Tom fears Thomas. Alex fears Ryan. Mike fears Lucy. Emma fears Andrew. Mark fears Adam. John fears Linda. Tom fears,15,Thomas
Peter tells Lucy. Kevin tells Olivia. Kate tells Andrew. Tom tells Sophia. Mike tells Grace. Alex tells Adam. Lisa tells Emily. Susan tells Linda. Laura tells Brian. Chris tells Ryan. David tells Jane. Anna tells Helen. James tells Robert. Mark tells Karen. Paul tells Thomas. Mary tells Jason. Sarah tells Zoe. John tells Jake. Emma tells Daniel. Amy tells Eric. Mary tells,16,Jason
Paul knows Karen. James knows Adam. Mark knows Brian. David knows Zoe. Sarah knows Olivia. Amy knows Jane. Kevin knows Grace. Mary knows Lucy. Emma knows Ryan. Lisa knows Eric. Kate knows Jason. Tom knows Robert. Alex knows Jake. Chris knows Helen. Laura knows Daniel. Peter knows Andrew. Mike knows Sophia. Susan knows Linda. Anna knows Emily. John knows Thomas. Peter knows,16,Andrew
Anna trusts Daniel. Susan trusts Eric. John trusts Linda. Sarah trusts Sophia. Laura trusts Ryan. Tom trusts Jason. Emma trusts Brian. Kevin trusts Zoe. James trusts Jane. Mark trusts Olivia. Amy trusts Emily. David trusts Adam. Lisa trusts Grace. Mary trusts Lucy. Chris trusts Thomas. Alex trusts Helen. Mike trusts Andrew. Peter trusts Karen. Paul trusts Jake. Kate trusts Robert. Alex trusts,16,Helen
Kate sees Emily. Mark sees Robert. James sees Ryan. Lisa sees Zoe. David sees Andrew. Laura sees Adam. Amy sees Brian. John sees Jane. Susan sees Eric. Sarah sees Karen. Chris sees Grace. Tom sees Daniel. Alex sees Sophia. Anna sees Linda. Mary sees Thomas. Emma sees Lucy. Peter sees Helen. Mike sees Olivia. Paul sees Jason. Kevin sees Jake. Emma sees,16,Lucy
Mark thanks Helen. Sarah thanks Robert. Chris thanks Adam. Alex thanks Jake. John thanks Daniel. Amy thanks Zoe. Kevin thanks Olivia. Paul thanks Lucy. Emma thanks Linda. Anna thanks Brian. Peter thanks Grace. Kate thanks Thomas. Lisa thanks Jason. James thanks Eric. Susan thanks Jane. David thanks Karen. Laura thanks Emily. Tom thanks Andrew. Mike thanks Sophia. Mary thanks Ryan. David thanks,16,Karen
Kevin sees Grace. Susan sees Andrew. Peter sees Daniel. Mary sees Brian. Kate sees Eric. Paul sees Robert. Tom sees Helen. John sees Olivia. Mike sees Adam. Anna sees Emily. Sarah sees Jake. Alex sees Zoe. Mark sees Sophia. Lisa sees Thomas. Chris sees Ryan. David sees Jason. Amy sees Karen. James sees Linda. Laura sees Jane. Emma sees Lucy. David sees,16,Jason
Laura meets Daniel. Amy meets Karen. James meets Helen. Peter meets Jane. David meets Thomas. Mary meets Eric. Tom meets Brian. Kevin meets Linda. John meets Olivia. Sarah meets Andrew. Mike meets Jason. Paul meets Adam. Kate meets Sophia. Anna meets Grace. Emma meets Robert. Lisa meets Emily. Mark meets Lucy. Chris meets Zoe. Alex meets Ryan. Susan meets Jake. Lisa meets,16,Emily
Alex sees Daniel. Paul sees Karen. Kevin sees Lucy. Mary sees Zoe. James sees Jake. Chris sees Brian. Laura sees Olivia. Anna sees Thomas. Susan sees Grace. Lisa sees Adam. Tom sees Andrew. Sarah sees Ryan. Amy sees Sophia. Peter sees Linda. Kate sees Jason. Mark sees Helen. David sees Jane. John sees Emily. Emma sees Eric. Mike sees Robert. Mark sees,16,Helen
Tom sees Jake. Paul sees Eric. Kevin sees Emily. Amy sees Linda. Sarah sees Ryan. John sees Zoe. Kate sees Sophia. Lisa sees Grace. Chris sees Robert. Emma sees Olivia. Mark sees Daniel. Laura sees Jane. Alex sees Karen. Peter sees Andrew. Mary sees Jason. Anna sees Helen. Susan sees Brian. Mike sees Thomas. James sees Lucy. David sees Adam. Anna sees,16,Helen
Chris loves Sophia. John loves Thomas. Tom loves Linda. Kevin loves Grace. Alex loves Karen. Mike loves Emily. Paul loves Robert. Sarah loves Jake. Laura loves Lucy. Mark loves Brian. Peter loves Andrew. David loves Adam. James loves Helen. Kate loves Jason. Mary loves Daniel. Susan loves Jane. Anna loves Olivia. Lisa loves Ryan. Emma loves Eric. Amy loves Zoe. Susan loves,16,Jane
Anna hates Thomas. Kevin hates Lucy. Emma hates Adam. Mary hates Ryan. Tom hates Karen. Peter hates Robert. Lisa hates Daniel. Susan hates Sophia. Laura hates Jane. David hates Linda. Mark hates Olivia. Alex hates Eric. Amy hates Grace. Sarah hates Emily. Kate hates Andrew. James hates Zoe. Mike hates Jake. Paul hates Jason. Chris hates Helen. John hates Brian. James hates,16,Zoe
Kevin wants Lucy. John wants Sophia. Laura wants Robert. Mike wants Jane. Paul wants Daniel. Anna wants Jake. Mark wants Ryan. Lisa wants Helen. Susan wants Zoe. Mary wants Thomas. James wants Adam. Sarah wants Eric. Alex wants Linda. Peter wants Grace. Amy wants Brian. David wants Jason. Emma wants Emily. Chris wants Olivia. Tom wants Karen. Kate wants Andrew. David wants,16,Jason
Peter tells Robert. Chris tells Eric. John tells Grace. James tells Zoe. Kate tells Linda. Alex tells Jane. Tom tells Adam. Anna tells Helen. Mary tells Sophia. Kevin tells Emily. Mark tells Ryan. Laura tells Jason. Sarah tells Jake. Mike tells Daniel. Amy tells Lucy. Susan tells Andrew. David tells Thomas. Emma tells Olivia. Lisa tells Karen. Paul tells Brian. Susan tells,16,Andrew
John finds Brian. Laura finds Emily. Paul finds Linda. Alex finds Daniel. Susan finds Grace. David finds Jason. Mike finds Sophia. James finds Lucy. Lisa finds Helen. Peter finds Zoe. Sarah finds Thomas. Tom finds Eric. Kate finds Andrew. Emma finds Karen. Mark finds Robert. Anna finds Adam. Chris finds Jane. Kevin finds Ryan. Mary finds Olivia. Amy finds Jake. Anna finds,16,Adam
Kate thanks Karen. Chris thanks Adam. Alex thanks Daniel. Peter thanks Jane. Anna thanks Lucy. James thanks Grace. John thanks Thomas. Mark thanks Olivia. Amy thanks Ryan. Sarah thanks Linda. Susan thanks Robert. Laura thanks Emily. Kevin thanks Zoe. Paul thanks Brian. Tom thanks Jake. Mike thanks Helen. Mary thanks Sophia. David thanks Andrew. Emma thanks Jason. Lisa thanks Eric. Mike thanks,16,Helen
James fears Emily. Mary fears Helen. Sarah fears Grace. Chris fears Karen. Lisa fears Eric. Anna fears Thomas. Laura fears Sophia. Mark fears Zoe. Emma fears Olivia. Alex fears Andrew. Mike fears Jason. John fears Adam. Tom fears Brian. Amy fears Ryan. David fears Linda. Peter fears Jane. Paul fears Lucy. Kevin fears Daniel. Susan fears Jake. Kate fears Robert. Peter fears,16,Jane
Emma texts Daniel. Susan texts Robert. John texts Andrew. Chris texts Linda. Anna texts Lucy. Peter texts Jake. Tom texts Jane. Laura texts Brian. Kate texts Jason. Sarah texts Helen. Lisa texts Adam. David texts Olivia. Mary texts Ryan. Paul texts Eric. James texts Emily. Kevin texts Zoe. Amy texts Grace. Alex texts Sophia. Mark texts Thomas. Mike texts Karen. Kevin texts,16,Zoe
Anna hates Emily. Peter hates Robert. Laura hates Olivia. Mary hates Jake. Tom hates Andrew. Kevin hates Lucy. Chris hates Karen. Amy hates Helen. Mark hates Adam. Mike hates Ryan. James hates Zoe. Susan hates Thomas. Alex hates Linda. Emma hates Sophia. David hates Brian. Kate hates Jane. Lisa hates Jason. John hates Grace. Paul hates Daniel. Sarah hates Eric. Kate hates,16,Jane
James likes Linda. Kevin likes Grace. Laura likes Ryan. Alex likes Zoe. David likes Andrew. Mary likes Eric. Lisa likes Jason. Anna likes Adam. Kate likes Brian. Tom likes Robert. Chris likes Thomas. Susan likes Olivia. Peter likes Helen. Sarah likes Jane. John likes Lucy. Amy likes Daniel. Mark likes Sophia. Mike likes Emily. Emma likes Jake. Paul likes Karen. Amy likes,16,Daniel
Mary sees Brian. Kate sees Jake. Kevin sees Eric. Mark sees Linda. Tom sees Thomas. Laura sees Zoe. James sees Grace. Amy sees Sophia. Paul sees Ryan. Mike sees Helen. Anna sees Daniel. Alex sees Emily. John sees Andrew. Chris sees Jane. Sarah sees Karen. Emma sees Jason. Susan sees Lucy. Peter sees Adam. Lisa sees Robert. David sees Olivia. Emma sees,16,Jason
Mary hates Helen. Anna hates Zoe. Mark hates Jason. Kevin hates Andrew. Lisa hates Robert. David hates Emily. James hates Karen. Mike hates Ryan. Sarah hates Lucy. Chris hates Grace. Paul hates Thomas. Laura hates Jake. Alex hates Eric. Emma hates Linda. Kate hates Sophia. Tom hates Brian. Susan hates Olivia. Peter hates Jane. Amy hates Adam. John hates Daniel. Susan hates,17,Olivia
Amy follows Emily. Chris follows Thomas. Mark follows Brian. Mary follows Eric. Lisa follows Adam. Susan follows Jason. John follows Sophia. Laura follows Jane. Alex follows Ryan. Sarah follows Linda. Kevin follows Robert. Peter follows Olivia. Kate follows Daniel. David follows Grace. Emma follows Helen. Anna follows Lucy. Paul follows Zoe. Mike follows Andrew. James follows Jake. Tom follows Karen. Paul follows,17,Zoe
Paul asks Zoe. David asks Olivia. Susan asks Daniel. Sarah asks Ryan. Emma asks Lucy. Kate asks Robert. John asks Andrew. Mary asks Linda. James asks Emily. Amy asks Jake. Kevin asks Adam. Mark asks Brian. Alex asks Helen. Lisa asks Eric. Peter asks Grace. Anna asks Sophia. Chris asks Karen. Laura asks Thomas. Mike asks Jane. Tom asks Jason. Chris asks,17,Karen
James asks Olivia. Mike asks Jason. Tom asks Daniel. Alex asks Helen. Sarah asks Karen. David asks Sophia. Chris asks Linda. Kevin asks Jane. Kate asks Lucy. Peter asks Andrew. Paul asks Eric. John asks Zoe. Mary asks Brian. Anna asks Ryan. Laura asks Jake. Susan asks Thomas. Emma asks Adam. Lisa asks Emily. Amy asks Grace. Mark asks Robert. Emma asks,17,Adam
Emma trusts Ryan. Lisa trusts Zoe. Mary trusts Olivia. Laura trusts Thomas. David trusts Emily. Amy trusts Jake. Mark trusts Helen. Anna trusts Sophia. Kate trusts Brian. James trusts Lucy. Tom trusts Eric. John trusts Linda. Peter trusts Jason. Paul trusts Grace. Chris trusts Andrew. Susan trusts Robert. Alex trusts Adam. Kevin trusts Daniel. Mike trusts Jane. Sarah trusts Karen. Alex trusts,17,Adam
David finds Andrew. Paul finds Linda. Mark finds Zoe. Alex finds Sophia. Laura finds Eric. Anna finds Helen. Chris finds Thomas. Kate finds Jake. Lisa finds Ryan. James finds Karen. Tom finds Brian. John finds Jane. Peter finds Jason. Susan finds Grace. Amy finds Daniel. Mary finds Emily. Kevin finds Olivia. Mike finds Adam. Sarah finds Robert. Emma finds Lucy. Kevin finds,17,Olivia
James visits Sophia. Mike visits Zoe. Mark visits Brian. Amy visits Lucy. Alex visits Jane. Peter visits Eric. Mary visits Adam. Laura visits Andrew. Kevin visits Helen. John visits Jason. Sarah visits Olivia. Susan visits Ryan. Tom visits Daniel. Anna visits Emily. Chris visits Karen. Kate visits Robert. Lisa visits Jake. David visits Thomas. Emma visits Grace. Paul visits Linda. Lisa visits,17,Jake
John follows Zoe. Lisa follows Helen. Laura follows Ryan. Susan follows Olivia. Mark follows Emily. Mary follows Robert. Peter follows Andrew. Chris follows Thomas. James follows Daniel. Sarah follows Karen. Kate follows Lucy. David follows Sophia. Emma follows Brian. Anna follows Jane. Alex follows Adam. Tom follows Grace. Amy follows Jake. Paul follows Eric. Kevin follows Jason. Mike follows Linda. Amy follows,17,Jake
Chris meets Helen. Emma meets Jason. Susan meets Adam. Tom meets Karen. John meets Andrew. Mike meets Lucy. David meets Daniel. Kevin meets Brian. Mary meets Zoe. Paul meets Jake. Amy meets Ryan. Kate meets Eric. Mark meets Grace. Peter meets Emily. Anna meets Jane. Lisa meets Robert. Alex meets Linda. Laura meets Sophia. James meets Olivia. Sarah meets Thomas. Alex meets,17,Linda
Peter pays Andrew. Kevin pays Sophia. Lisa pays Karen. Anna pays Jake. John pays Emily. Amy pays Eric. Chris pays Ryan. Mark pays Helen. Susan pays Jane. Tom pays Zoe. Alex pays Brian. Emma pays Thomas. Laura pays Daniel. Mike pays Lucy. Paul pays Grace. Mary pays Robert. James pays Linda. Kate pays Olivia. Sarah pays Adam. David pays Jason. James pays,17,Linda
Kevin pays Robert. Lisa pays Olivia. Sarah pays Eric. Paul pays Helen. Mary pays Jason. Tom pays Sophia. Laura pays Adam. Susan pays Daniel. James pays Jane. David pays Zoe. Mark pays Jake. Amy pays Grace. Chris pays Thomas. Emma pays Linda. Kate pays Karen. Peter pays Ryan. John pays Lucy. Anna pays Emily. Mike pays Andrew. Alex pays Brian. John pays,17,Lucy
Chris meets Ryan. Paul meets Linda. Peter meets Zoe. Susan meets Emily. Mark meets Grace. Kevin meets Adam. Tom meets Jane. Laura meets Karen. David meets Andrew. John meets Lucy. Anna meets Helen. Mary meets Sophia. Alex meets Olivia. Kate meets Daniel. Amy meets Jake. Lisa meets Jason. James meets Brian. Mike meets Robert. Sarah meets Eric. Emma meets Thomas. James meets,17,Brian
Amy likes Brian. Paul likes Jake. Emma likes Robert. Laura likes Zoe. Chris likes Helen. Kevin likes Jane. Mary likes Grace. Mark likes Adam. Mike likes Andrew. John likes Olivia. Peter likes Lucy. Anna likes Ryan. David likes Daniel. Alex likes Jason. Tom likes Karen. James likes Sophia. Lisa likes Eric. Susan likes Linda. Sarah likes Emily. Kate likes Thomas. Lisa likes,17,Eric
Emma hates Robert. Paul hates Eric. Kate hates Lucy. Laura hates Thomas. Lisa hates Daniel. Mark hates Zoe. Susan hates Jake. Chris hates Emily. Peter hates Ryan. Mary hates Sophia. Sarah hates Karen. Alex hates Brian. Anna hates Andrew. John hates Linda. James hates Grace. David hates Jason. Kevin hates Helen. Mike hates Olivia. Tom hates Adam. Amy hates Jane. Kevin hates,17,Helen
Kate needs Olivia. David needs Jane. Amy needs Jason. Emma needs Daniel. Mike needs Sophia. Paul needs Karen. Lisa needs Zoe. Anna needs Eric. Alex needs Jake. John needs Emily. Sarah needs Ryan. Tom needs Robert. Laura needs Thomas. Kevin needs Helen. Peter needs Grace. Chris needs Lucy. Mary needs Linda. Susan needs Brian. Mark needs Andrew. James needs Adam. Mary needs,17,Linda
James calls Lucy. Anna calls Zoe. John calls Adam. David calls Robert. Peter calls Helen. Kate calls Andrew. Paul calls Daniel. Tom calls Eric. Kevin calls Olivia. Susan calls Karen. Amy calls Grace. Mary calls Emily. Chris calls Ryan. Mike calls Sophia. Laura calls Brian. Lisa calls Jake. Alex calls Jane. Emma calls Linda. Sarah calls Thomas. Mark calls Jason. Alex calls,17,Jane
John pays Lucy. Kate pays Daniel. Kevin pays Grace. Paul pays Helen. Alex pays Karen. Emma pays Emily. David pays Thomas. Chris pays Andrew. Susan pays Jake. Laura pays Zoe. Lisa pays Jason. James pays Eric. Mark pays Sophia. Sarah pays Brian. Amy pays Robert. Tom pays Adam. Mary pays Olivia. Anna pays Linda. Peter pays Jane. Mike pays Ryan. Mary pays,17,Olivia
Susan meets Jake. Alex meets Jason. Emma meets Linda. David meets Olivia. Laura meets Grace. Chris meets Emily. Sarah meets Robert. Tom meets Andrew. Mark meets Helen. James meets Lucy. Kate meets Eric. Lisa meets Jane. Mary meets Thomas. Mike meets Adam. John meets Brian. Peter meets Ryan. Kevin meets Zoe. Anna meets Sophia. Amy meets Karen. Paul meets Daniel. Kevin meets,17,Zoe
Sarah knows Linda. Mike knows Grace. James knows Jason. Tom knows Daniel. Chris knows Ryan. Paul knows Emily. Amy knows Brian. Kevin knows Robert. Lisa knows Helen. Susan knows Jane. Alex knows Zoe. Mary knows Andrew. Emma knows Thomas. Mark knows Lucy. Kate knows Olivia. Peter knows Karen. John knows Jake. Laura knows Adam. David knows Eric. Anna knows Sophia. John knows,17,Jake
Laura pays Lucy. Tom pays Jason. Susan pays Emily. David pays Karen. Mike pays Linda. Mary pays Robert. Alex pays Adam. James pays Andrew. Lisa pays Brian. Amy pays Daniel. Kate pays Ryan. Paul pays Sophia. Sarah pays Jake. John pays Jane. Mark pays Helen. Chris pays Grace. Anna pays Olivia. Kevin pays Thomas. Peter pays Eric. Emma pays Zoe. Anna pays,17,Olivia
Alex follows Linda. David follows Lucy. Kevin follows Karen. Sarah follows Jake. Paul follows Ryan. Laura follows Jason. Mark follows Robert. Peter follows Andrew. Mary follows Jane. Amy follows Thomas. Anna follows Sophia. Susan follows Daniel. Emma follows Eric. Mike follows Brian. Chris follows Adam. Lisa follows Olivia. John follows Grace. James follows Helen. Tom follows Emily. Kate follows Zoe. James follows,18,Helen
Paul trusts Brian. Amy trusts Helen. Tom trusts Grace. Chris trusts Linda. Peter trusts Olivia. Emma trusts Lucy. Mary trusts Andrew. Kate trusts Zoe. Laura trusts Emily. Sarah trusts Jane. Susan trusts Eric. Mike trusts Karen. Kevin trusts Adam. John trusts Jake. Mark trusts Sophia. Alex trusts Jason. Anna trusts Thomas. James trusts Daniel. David trusts Ryan. Lisa trusts Robert. James trusts,18,Daniel
Mark thanks Zoe. Paul thanks Grace. Sarah thanks Lucy. Chris thanks Karen. Anna thanks Adam. Peter thanks Jake. Amy thanks Andrew. Mary thanks Daniel. John thanks Helen. James thanks Thomas. Kate thanks Ryan. Mike thanks Olivia. Alex thanks Sophia. Kevin thanks Robert. David thanks Linda. Lisa thanks Emily. Susan thanks Jane. Tom thanks Jason. Laura thanks Eric. Emma thanks Brian. Tom thanks,18,Jason
Lisa needs Olivia. Mike needs Zoe. Laura needs Linda. Kevin needs Eric. Tom needs Ryan. James needs Brian. Sarah needs Robert. David needs Emily. Anna needs Helen. Emma needs Jason. Chris needs Andrew. Peter needs Daniel. Paul needs Jane. Mark needs Jake. Alex needs Sophia. John needs Grace. Mary needs Lucy. Kate needs Thomas. Susan needs Karen. Amy needs Adam. Kate needs,18,Thomas
Susan needs Emily. Mary needs Adam. Emma needs Eric. Paul needs Sophia. Mark needs Jake. David needs Helen. Mike needs Karen. Sarah needs Linda. Alex needs Olivia. Chris needs Lucy. Peter needs Robert. Kate needs Jane. Kevin needs Zoe. Laura needs Thomas. James needs Grace. Anna needs Ryan. Lisa needs Brian. John needs Jason. Tom needs Andrew. Amy needs Daniel. John needs,18,Jason
Chris needs Linda. Mark needs Karen. Laura needs Robert. Anna needs Daniel. Alex needs Adam. Mike needs Zoe. James needs Brian. Susan needs Sophia. Paul needs Ryan. Kevin needs Grace. Amy needs Eric. David needs Jane. Mary needs Olivia. Peter needs Andrew. Lisa needs Helen. John needs Jason. Emma needs Emily. Tom needs Jake. Sarah needs Thomas. Kate needs Lucy. Tom needs,18,Jake
Paul knows Grace. John knows Daniel. Peter knows Andrew. Lisa knows Olivia. Susan knows Linda. Mike knows Jake. Anna knows Karen. David knows Brian. Mark knows Robert. Emma knows Sophia. Mary knows Adam. Chris knows Emily. Amy knows Thomas. Tom knows Zoe. Kevin knows Lucy. Sarah knows Ryan. Kate knows Eric. Laura knows Helen. James knows Jason. Alex knows Jane. Laura knows,18,Helen
Laura asks Ryan. James asks Grace. Mike asks Daniel. Susan asks Emily. Emma asks Karen. Sarah asks Eric. Tom asks Zoe. Chris asks Jane. Mary asks Robert. John asks Olivia. Alex asks Thomas. Peter asks Adam. Mark asks Jake. Paul asks Andrew. Anna asks Lucy. Lisa asks Jason. David asks Linda. Amy asks Helen. Kevin asks Brian. Kate asks Sophia. Amy asks,18,Helen
James visits Emily. Alex visits Olivia. Mary visits Linda. Peter visits Adam. David visits Jake. Mike visits Brian. Paul visits Robert. Kevin visits Sophia. Amy visits Eric. John visits Andrew. Laura visits Grace. Susan visits Helen. Emma visits Ryan. Tom visits Lucy. Mark visits Daniel. Sarah visits Jane. Chris visits Karen. Kate visits Thomas. Anna visits Jason. Lisa visits Zoe. Kate visits,18,Thomas
Paul sees Linda. Emma sees Robert. James sees Thomas. Lisa sees Andrew. Mary sees Karen. David sees Daniel. Laura sees Grace. Susan sees Jane. Peter sees Ryan. Mike sees Eric. Kevin sees Lucy. John sees Sophia. Tom sees Adam. Chris sees Jason. Anna sees Olivia. Mark sees Zoe. Sarah sees Helen. Kate sees Brian. Amy sees Jake. Alex sees Emily. Kate sees,18,Brian
Mike asks Karen. David asks Brian. Chris asks Sophia. Mary asks Helen. Susan asks Lucy. Tom asks Jason. Peter asks Adam. Kate asks Jane. Emma asks Thomas. John asks Linda. Anna asks Ryan. Kevin asks Andrew. Paul asks Daniel. Alex asks Olivia. Sarah asks Zoe. Lisa asks Jake. James asks Eric. Mark asks Robert. Amy asks Grace. Laura asks Emily. Mark asks,18,Robert
David likes Eric. Amy likes Linda. Kate likes Daniel. James likes Olivia. Susan likes Thomas. Lisa likes Andrew. Kevin likes Ryan. Laura likes Jason. Mark likes Adam. Alex likes Zoe. Sarah likes Emily. Peter likes Sophia. Anna likes Brian. Emma likes Jane. Paul likes Robert. Mike likes Helen. John likes Karen. Chris likes Jake. Mary likes Grace. Tom likes Lucy. Chris likes,18,Jake
Tom trusts Ryan. Lisa trusts Karen. Mary trusts Jason. Amy trusts Zoe. Alex trusts Daniel. John trusts Brian. James trusts Jake. Sarah trusts Linda. Laura trusts Grace. Emma trusts Robert. Chris trusts Helen. Mike trusts Thomas. Anna trusts Jane. Peter trusts Sophia. Paul trusts Olivia. Kate trusts Eric. Mark trusts Andrew. David trusts Adam. Kevin trusts Lucy. Susan trusts Emily. David trusts,18,Adam
Anna follows Daniel. Laura follows Olivia. Kevin follows Adam. Tom follows Linda. Amy follows Robert. Paul follows Helen. Lisa follows Zoe. Mark follows Andrew. James follows Karen. Alex follows Thomas. Kate follows Emily. John follows Sophia. Chris follows Ryan. David follows Lucy. Sarah follows Jake. Susan follows Brian. Mary follows Eric. Emma follows Jason. Peter follows Grace. Mike follows Jane. Emma follows,18,Jason
Amy finds Emily. Chris finds Adam. Alex finds Zoe. Emma finds Thomas. Mary finds Ryan. Mike finds Andrew. Paul finds Robert. John finds Sophia. David finds Jason. Tom finds Helen. Peter finds Jane. Mark finds Eric. Susan finds Olivia. Anna finds Linda. James finds Daniel. Lisa finds Brian. Kevin finds Karen. Sarah finds Grace. Laura finds Lucy. Kate finds Jake. Sarah finds,18,Grace
Mike loves Brian. Paul loves Linda. Laura loves Olivia. Sarah loves Thomas. Lisa loves Daniel. Peter loves Jake. James loves Robert. Kate loves Helen. Amy loves Ryan. John loves Grace. Kevin loves Zoe. Emma loves Andrew. David loves Adam. Chris loves Eric. Tom loves Karen. Mark loves Sophia. Alex loves Jane. Mary loves Emily. Anna loves Jason. Susan loves Lucy. Mary loves,18,Emily
Anna sees Jason. Peter sees Jane. Mark sees Grace. Susan sees Zoe. Mike sees Robert. Emma sees Karen. Sarah sees Adam. Chris sees Linda. Lisa sees Olivia. Amy sees Andrew. John sees Emily. David sees Lucy. Mary sees Sophia. Paul sees Helen. Kevin sees Thomas. Alex sees Brian. Tom sees Daniel. James sees Eric. Laura sees Jake. Kate sees Ryan. James sees,18,Eric
Tom asks Robert. Sarah asks Andrew. Mike asks Emily. Laura asks Helen. Kevin asks Zoe. Anna asks Thomas. Peter asks Sophia. Alex asks Grace. Paul asks Ryan. Kate asks Lucy. Mary asks Jake. Amy asks Linda. David asks Adam. John asks Daniel. Emma asks Brian. Chris asks Olivia. Mark asks Jason. James asks Jane. Susan asks Karen. Lisa asks Eric. James asks,18,Jane
Sarah tells Zoe. Tom tells Brian. Alex tells Ryan. Amy tells Helen. Paul tells Robert. James tells Adam. Laura tells Olivia. Emma tells Emily. Peter tells Daniel. David tells Eric. Susan tells Jason. Kevin tells Andrew. Kate tells Thomas. John tells Sophia. Mary tells Linda. Chris tells Jake. Mark tells Grace. Anna tells Karen. Lisa tells Jane. Mike tells Lucy. Anna tells,18,Karen
Alex calls Jason. Anna calls Eric. John calls Thomas. James calls Adam. Amy calls Jake. Kevin calls Zoe. Tom calls Helen. Susan calls Jane. Chris calls Andrew. Mark calls Daniel. Paul calls Linda. Sarah calls Lucy. Laura calls Olivia. David calls Robert. Mary calls Ryan. Peter calls Sophia. Emma calls Brian. Lisa calls Emily. Kate calls Grace. Mike calls Karen. Lisa calls,18,Emily
Peter sees Sophia. Kevin sees Zoe. Alex sees Thomas. Amy sees Brian. David sees Ryan. Chris sees Daniel. Emma sees Jane. Anna sees Andrew. Kate sees Helen. Lisa sees Jason. Mike sees Olivia. Mary sees Jake. Mark sees Lucy. Laura sees Grace. Paul sees Emily. Sarah sees Eric. Susan sees Linda. James sees Robert. Tom sees Adam. John sees Karen. Tom sees,19,Adam
Chris sees Brian. Mark sees Jane. Mary sees Andrew. Sarah sees Jake. Paul sees Helen. Mike sees Grace. Amy sees Lucy. Lisa sees Robert. Tom sees Emily. John sees Zoe. Alex sees Sophia. James sees Eric. Anna sees Daniel. Emma sees Ryan. Laura sees Karen. Peter sees Linda. Kevin sees Olivia. Kate sees Thomas. David sees Jason. Susan sees Adam. David sees,19,Jason
Paul finds Adam. John finds Olivia. Mike finds Jane. Kate finds Jake. Mary finds Sophia. Tom finds Linda. Peter finds Eric. Alex finds Andrew. Sarah finds Helen. Chris finds Thomas. Amy finds Grace. Emma finds Brian. David finds Karen. Laura finds Robert. Kevin finds Lucy. Susan finds Ryan. Mark finds Emily. Anna finds Jason. Lisa finds Daniel. James finds Zoe. Lisa finds,19,Daniel
Alex trusts Emily. Peter trusts Jake. Laura trusts Olivia. Mike trusts Adam. Emma trusts Jason. John trusts Karen. Chris trusts Helen. Mark trusts Jane. Sarah trusts Ryan. Lisa trusts Daniel. Kate trusts Robert. Tom trusts Grace. Susan trusts Brian. Mary trusts Andrew. David trusts Eric. James trusts Lucy. Paul trusts Zoe. Anna trusts Thomas. Amy trusts Sophia. Kevin trusts Linda. Amy trusts,19,Sophia
James follows Eric. Amy follows Daniel. David follows Helen. Mary follows Thomas. Lisa follows Brian. Tom follows Jane. Mark follows Sophia. Alex follows Robert. Chris follows Lucy. Kate follows Linda. Susan follows Adam. Emma follows Emily. Paul follows Zoe. Anna follows Jake. Peter follows Grace. Kevin follows Jason. Sarah follows Olivia. John follows Andrew. Laura follows Karen. Mike follows Ryan. Laura follows,19,Karen
Kate needs Eric. Mary needs Jane. Mark needs Helen. Mike needs Andrew. James needs Jake. Sarah needs Karen. Alex needs Thomas. Emma needs Adam. Kevin needs Daniel. Lisa needs Olivia. Anna needs Robert. David needs Emily. Susan needs Jason. Tom needs Lucy. Chris needs Zoe. Peter needs Linda. Amy needs Grace. John needs Ryan. Paul needs Sophia. Laura needs Brian. Paul needs,19,Sophia
Anna asks Brian. David asks Olivia. Mike asks Karen. James asks Robert. Amy asks Linda. John asks Ryan. Lisa asks Jason. Emma asks Sophia. Mary asks Jake. Mark asks Daniel. Paul asks Zoe. Susan asks Adam. Kevin asks Thomas. Chris asks Lucy. Tom asks Emily. Alex asks Helen. Kate asks Grace. Laura asks Andrew. Peter asks Jane. Sarah asks Eric. Peter asks,19,Jane
Mark sees Jason. Tom sees Emily. Mike sees Ryan. Peter sees Brian. Paul sees Grace. Lisa sees Robert. Amy sees Jake. Emma sees Thomas. David sees Lucy. John sees Linda. Kevin sees Jane. James sees Sophia. Kate sees Karen. Alex sees Adam. Anna sees Andrew. Chris sees Helen. Laura sees Zoe. Sarah sees Daniel. Susan sees Olivia. Mary sees Eric. Susan sees,19,Olivia
Anna knows Linda. Kate knows Adam. Susan knows Helen. Chris knows Brian. Mark knows Olivia. Laura knows Grace. Tom knows Andrew. James knows Zoe. Mike knows Emily. Emma knows Jane. John knows Karen. Peter knows Eric. Kevin knows Jake. Sarah knows Lucy. Alex knows Sophia. Amy knows Ryan. Paul knows Daniel. Mary knows Jason. Lisa knows Robert. David knows Thomas. Lisa knows,19,Robert
James loves Ryan. Mike loves Olivia. Kevin loves Jane. Amy loves Helen. Peter loves Sophia. Sarah loves Brian. Paul loves Robert. John loves Jason. Alex loves Andrew. Lisa loves Daniel. Mark loves Thomas. Kate loves Grace. Tom loves Adam. Laura loves Lucy. David loves Zoe. Emma loves Jake. Susan loves Karen. Mary loves Emily. Anna loves Eric. Chris loves Linda. Anna loves,19,Eric
Paul thanks Jane. Laura thanks Lucy. Alex thanks Thomas. Emma thanks Emily. Mark thanks Helen. Anna thanks Brian. Susan thanks Sophia. Sarah thanks Jake. John thanks Olivia. Chris thanks Daniel. Peter thanks Grace. Amy thanks Adam. David thanks Eric. Mike thanks Robert. Mary thanks Andrew. Kevin thanks Jason. Lisa thanks Karen. Kate thanks Ryan. Tom thanks Zoe. James thanks Linda. Tom thanks,19,Zoe
Mark pays Brian. Alex pays Linda. Peter pays Eric. Kevin pays Ryan. Lisa pays Jane. John pays Robert. David pays Olivia. Emma pays Sophia. Paul pays Helen. Susan pays Jake. Mary pays Thomas. Chris pays Karen. Laura pays Grace. Kate pays Lucy. Sarah pays Adam. James pays Daniel. Anna pays Zoe. Mike pays Jason. Tom pays Andrew. Amy pays Emily. Tom pays,19,Andrew
David thanks Sophia. Amy thanks Daniel. Mary thanks Jake. Sarah thanks Helen. Chris thanks Adam. Mark thanks Zoe. Kevin thanks Grace. Alex thanks Jason. John thanks Jane. Emma thanks Lucy. Susan thanks Robert. Mike thanks Karen. James thanks Ryan. Tom thanks Olivia. Anna thanks Thomas. Kate thanks Eric. Lisa thanks Linda. Laura thanks Emily. Peter thanks Andrew. Paul thanks Brian. Peter thanks,19,Andrew
Chris sees Lucy. Kevin sees Grace. Tom sees Adam. James sees Andrew. Sarah sees Ryan. Mike sees Jane. Laura sees Daniel. Emma sees Eric. Mary sees Linda. Peter sees Jason. Kate sees Helen. Alex sees Emily. Amy sees Thomas. Anna sees Sophia. David sees Karen. John sees Brian. Susan sees Olivia. Paul sees Zoe. Lisa sees Robert. Mark sees Jake. Lisa sees,19,Robert
Susan thanks Andrew. James thanks Helen. Laura thanks Sophia. Amy thanks Emily. Anna thanks Eric. Tom thanks Jake. Emma thanks Grace. Mike thanks Olivia. David thanks Linda. Peter thanks Thomas. Mary thanks Brian. Kevin thanks Karen. Mark thanks Jane. Alex thanks Ryan. Sarah thanks Lucy. John thanks Robert. Paul thanks Daniel. Chris thanks Adam. Kate thanks Zoe. Lisa thanks Jason. Kate thanks,19,Zoe
Mark needs Emily. Mary needs Thomas. James needs Robert. Chris needs Daniel. Peter needs Linda. Amy needs Sophia. John needs Karen. Anna needs Jane. Kate needs Jake. Susan needs Grace. Paul needs Andrew. Lisa needs Eric. Laura needs Lucy. Alex needs Ryan. Tom needs Olivia. Mike needs Zoe. David needs Jason. Sarah needs Brian. Kevin needs Helen. Emma needs Adam. Kevin needs,19,Helen
Paul likes Grace. James likes Karen. Chris likes Adam. Kevin likes Sophia. Tom likes Linda. Susan likes Brian. Lisa likes Daniel. Peter likes Zoe. Anna likes Olivia. David likes Ryan. Mike likes Emily. Alex likes Robert. Laura likes Jason. Sarah likes Thomas. Kate likes Helen. Mary likes Jake. Mark likes Andrew. Emma likes Jane. John likes Eric. Amy likes Lucy. John likes,19,Eric
Laura finds Lucy. Lisa finds Olivia. Kate finds Zoe. Paul finds Jane. Mary finds Helen. Anna finds Thomas. David finds Emily. Peter finds Adam. Tom finds Brian. John finds Linda. Mark finds Jake. Alex finds Karen. Kevin finds Andrew. Amy finds Robert. Emma finds Sophia. Mike finds Grace. Chris finds Eric. James finds Daniel. Sarah finds Ryan. Susan finds Jason. Sarah finds,19,Ryan
Peter hates Eric. Emma hates Jason. Laura hates Lucy. Mary hates Emily. David hates Thomas. Lisa hates Linda. Amy hates Andrew. Kevin hates Robert. Tom hates Jane. Sarah hates Zoe. Alex hates Jake. Chris hates Karen. Anna hates Helen. Mark hates Daniel. Mike hates Ryan. Paul hates Adam. John hates Olivia. James hates Brian. Susan hates Grace. Kate hates Sophia. Susan hates,19,Grace
Amy needs Robert. Tom needs Ryan. Emma needs Olivia. David needs Brian. Sarah needs Thomas. Kevin needs Jane. Alex needs Jason. John needs Linda. Mary needs Grace. Kate needs Andrew. Chris needs Daniel. Lisa needs Sophia. Laura needs Adam. Mark needs Helen. James needs Karen. Susan needs Eric. Mike needs Lucy. Paul needs Emily. Anna needs Jake. Peter needs Zoe. Anna needs,19,Jake
Mary likes Zoe. Tom likes Jason. Laura likes Helen. Mark likes Grace. Lisa likes Eric. Chris likes Emily. Kevin likes Brian. Paul likes Daniel. Anna likes Olivia. Kate likes Andrew. Susan likes Robert. Mike likes Adam. Peter likes Linda. James likes Thomas. Alex likes Ryan. Emma likes Jane. David likes Lucy. Sarah likes Jake. Amy likes Sophia. John likes Karen. John likes,20,Karen
Anna needs Brian. Paul needs Ryan. Alex needs Helen. Mark needs Karen. David needs Andrew. Amy needs Eric. Lisa needs Thomas. John needs Robert. Peter needs Olivia. Emma needs Daniel. Kate needs Jake. Susan needs Sophia. Tom needs Lucy. Laura needs Zoe. Mike needs Adam. James needs Jason. Kevin needs Linda. Chris needs Grace. Mary needs Emily. Sarah needs Jane. Sarah needs,20,Jane
Mark meets Robert. David meets Eric. Tom meets Linda. Lisa meets Andrew. Sarah meets Ryan. Mike meets Daniel. Susan meets Olivia. John meets Karen. James meets Lucy. Alex meets Emily. Chris meets Jason. Paul meets Adam. Mary meets Grace. Anna meets Jane. Laura meets Jake. Emma meets Brian. Kate meets Thomas. Peter meets Sophia. Kevin meets Zoe. Amy meets Helen. Amy meets,20,Helen
Kate thanks Helen. Anna thanks Karen. John thanks Jake. Susan thanks Eric. Chris thanks Jason. Alex thanks Sophia. Mary thanks Adam. David thanks Andrew. James thanks Lucy. Tom thanks Grace. Mark thanks Thomas. Amy thanks Robert. Peter thanks Emily. Mike thanks Olivia. Kevin thanks Ryan. Lisa thanks Brian. Sarah thanks Zoe. Paul thanks Jane. Emma thanks Linda. Laura thanks Daniel. Laura thanks,20,Daniel
Sarah pays Robert. Mark pays Jane. Kevin pays Sophia. Amy pays Daniel. Laura pays Andrew. James pays Helen. Lisa pays Jake. Kate pays Zoe. David pays Emily. Mary pays Brian. Mike pays Linda. Susan pays Jason. Paul pays Thomas. Anna pays Eric. Tom pays Adam. Chris pays Olivia. Alex pays Ryan. Emma pays Karen. Peter pays Grace. John pays Lucy. John pays,20,Lucy
Sarah texts Jane. David texts Brian. Emma texts Jason. Mary texts Jake. Susan texts Robert. Kate texts Karen. Tom texts Eric. Amy texts Linda. Mike texts Olivia. Kevin texts Andrew. Chris texts Sophia. Alex texts Adam. Mark texts Helen. Anna texts Ryan. John texts Daniel. Peter texts Zoe. Paul texts Emily. James texts Thomas. Laura texts Grace. Lisa texts Lucy. Lisa texts,20,Lucy
Kevin texts Linda. Paul texts Adam. Chris texts Daniel. Susan texts Sophia. Emma texts Eric. Sarah texts Olivia. John texts Jane. Laura texts Andrew. James texts Zoe. Kate texts Karen. Anna texts Thomas. Peter texts Brian. Mary texts Grace. Alex texts Robert. Mark texts Jake. David texts Ryan. Tom texts Jason. Mike texts Lucy. Lisa texts Emily. Amy texts Helen. Amy texts,20,Helen
Laura likes Jake. Alex likes Zoe. Peter likes Daniel. Kevin likes Thomas. Paul likes Adam. Susan likes Ryan. James likes Lucy. Emma likes Brian. Mike likes Jane. John likes Helen. Mark likes Linda. David likes Jason. Amy likes Eric. Lisa likes Emily. Kate likes Grace. Mary likes Karen. Sarah likes Sophia. Anna likes Robert. Chris likes Olivia. Tom likes Andrew. Tom likes,20,Andrew
Mark thanks Emily. Chris thanks Eric. James thanks Jane. John thanks Olivia. Amy thanks Jake. Paul thanks Karen. Tom thanks Zoe. Emma thanks Thomas. Mike thanks Andrew. Susan thanks Ryan. Sarah thanks Jason. Alex thanks Lucy. Lisa thanks Helen. Peter thanks Daniel. Kate thanks Robert. David thanks Sophia. Mary thanks Grace. Kevin thanks Brian. Anna thanks Adam. Laura thanks Linda. Laura thanks,20,Linda
David trusts Robert. Lisa trusts Brian. Emma trusts Thomas. Kevin trusts Linda. Tom trusts Jake. John trusts Emily. Laura trusts Sophia. Anna trusts Jason. Susan trusts Grace. Mary trusts Andrew. Mike trusts Jane. Sarah trusts Lucy. Peter trusts Daniel. Paul trusts Karen. Mark trusts Ryan. James trusts Helen. Kate trusts Adam. Amy trusts Olivia. Alex trusts Zoe. Chris trusts Eric. Chris trusts,20,Eric
Amy tells Jane. David tells Olivia. Chris tells Linda. Laura tells Emily. Mary tells Lucy. John tells Jake. Lisa tells Andrew. Susan tells Zoe. Emma tells Karen. James tells Sophia. Kevin tells Adam. Peter tells Ryan. Mike tells Robert. Mark tells Jason. Paul tells Grace. Kate tells Eric. Alex tells Thomas. Tom tells Daniel. Sarah tells Helen. Anna tells Brian. Anna tells,20,Brian
Paul pays Zoe. Mark pays Thomas. Susan pays Grace. Tom pays Olivia. James pays Andrew. Sarah pays Jane. Mike pays Brian. Chris pays Jake. Peter pays Robert. Alex pays Jason. Emma pays Linda. Kevin pays Helen. John pays Eric. David pays Adam. Lisa pays Daniel. Mary pays Ryan. Anna pays Lucy. Kate pays Karen. Amy pays Sophia. Laura pays Emily. Laura pays,20,Emily
Sarah calls Andrew. Lisa calls Ryan. Laura calls Zoe. Alex calls Daniel. Susan calls Robert. Paul calls Adam. James calls Grace. Peter calls Sophia. Kate calls Brian. Tom calls Jane. Mary calls Linda. Amy calls Jake. Anna calls Helen. Emma calls Karen. David calls Olivia. Chris calls Emily. John calls Jason. Mark calls Lucy. Kevin calls Thomas. Mike calls Eric. Mike calls,20,Eric
Kevin follows Olivia. Peter follows Andrew. Mike follows Helen. Sarah follows Sophia. Anna follows Adam. Alex follows Karen. Chris follows Linda. David follows Brian. Tom follows Grace. Emma follows Jake. Susan follows Jane. Amy follows Lucy. James follows Ryan. Lisa follows Jason. John follows Thomas. Mark follows Eric. Paul follows Robert. Laura follows Daniel. Kate follows Emily. Mary follows Zoe. Mary follows,20,Zoe
Anna sees Brian. Amy sees Adam. Emma sees Grace. Kevin sees Thomas. Lisa sees Daniel. Alex sees Lucy. Susan sees Zoe. Tom sees Eric. John sees Jake. Peter sees Jason. Sarah sees Ryan. James sees Emily. David sees Helen. Mary sees Andrew. Laura sees Sophia. Mike sees Karen. Chris sees Jane. Mark sees Robert. Paul sees Olivia. Kate sees Linda. Kate sees,20,Linda
Mary likes Lucy. Lisa likes Adam. Amy likes Robert. Chris likes Olivia. Alex likes Sophia. Sarah likes Jake. Kevin likes Thomas. Tom likes Grace. John likes Helen. Susan likes Andrew. Emma likes Daniel. David likes Jane. Mark likes Linda. James likes Jason. Anna likes Brian. Mike likes Zoe. Kate likes Karen. Laura likes Eric. Paul likes Ryan. Peter likes Emily. Peter likes,20,Emily
Anna likes Thomas. Peter likes Lucy. Laura likes Robert. Lisa likes Emily. John likes Jake. Kevin likes Karen. Mike likes Jason. Amy likes Zoe. James likes Eric. Kate likes Adam. Susan likes Linda. Sarah likes Brian. David likes Sophia. Mary likes Olivia. Chris likes Jane. Emma likes Ryan. Tom likes Helen. Mark likes Daniel. Paul likes Andrew. Alex likes Grace. Alex likes,20,Grace
Sarah finds Jane. Kevin finds Robert. Lisa finds Thomas. Emma finds Eric. Susan finds Lucy. David finds Olivia. Peter finds Sophia. Laura finds Zoe. Mark finds Daniel. Paul finds Karen. Anna finds Jason. Mary finds Grace. Mike finds Andrew. John finds Jake. Tom finds Emily. Amy finds Brian. Kate finds Helen. Chris finds Adam. Alex finds Linda. James finds Ryan. James finds,20,Ryan
Tom meets Helen. Kate meets Andrew. David meets Zoe. Anna meets Karen. Mary meets Jane. Laura meets Robert. Mike meets Jason. James meets Adam. Emma meets Jake. Chris meets Emily. Lisa meets Eric. Alex meets Lucy. Peter meets Brian. Susan meets Olivia. Amy meets Grace. John meets Daniel. Mark meets Ryan. Paul meets Sophia. Kevin meets Linda. Sarah meets Thomas. Sarah meets,20,Thomas
Paul follows Jake. Mary follows Robert. Mark follows Karen. Sarah follows Jason. Amy follows Daniel. James follows Helen. Alex follows Emily. Emma follows Olivia. Anna follows Lucy. Tom follows Sophia. Peter follows Ryan. Lisa follows Thomas. David follows Adam. John follows Grace. Susan follows Eric. Kevin follows Zoe. Laura follows Jane. Chris follows Andrew. Mike follows Linda. Kate follows Brian. Kate follows,20,Brian
