input,target_position,completion
Mike cooks Todd. Henry urges Victor. Jordan defeats Amber. Austin chooses Sheila. Tim changes Richard. Chris lifts Teresa. Luke follows Paula. Joseph burns Ron. Joy hugs Maggie. Dean backs Julian. Jack meets Phil. Emily draws Sue. Jane texts Lydia. Leon rewards Ted. Linda treats Sean. Rose accepts Shawn. Mike cooks,1,Todd
Austin fights Paula. Jake hears Noah. Lily challenges Anthony. Charles draws Leon. Emma warns Richard. Lauren consoles Lydia. Blake follows Andrea. Jenny praises Ralph. Thomas protects Johnny. Jean makes Sean. George allows Louis. Lisa knows Jean. Susan blocks April. Kate feels Albert. Andrew needs Angela. Kyle leaves Liam. Austin fights,1,Paula
Brian affects Isaac. Amy saves Ron. Megan bothers Patrick. George cooks Alison. Henry meets William. Rose invites Sally. Liz heals Marie. Pat hires Shawn. Emma grabs Stephanie. Margaret gives Isabel. Tom reminds Russell. Sam accepts Peggy. Ian offers Howard. Alex demands Robin. Blake lifts Andrea. Julia approves Ruby. Brian affects,1,Isaac
Max hates Violet. Juan judges Irene. James helps Tyler. Hope grows Sally. Robert claims Paula. Leon parks Vanessa. Keith permits Jean. Alex reminds Roy. Dennis moves Robin. Thomas closes Rebecca. June advises Vincent. Daniel knows Margaret. Lauren grabs Sandra. Frank warns Olga. Carl challenges Julian. Ken drives Isabel. Max hates,1,Violet
John tells Howard. Kelly heals Violet. Arthur inspires Sally. Katie grows Kathy. Sam joins Liz. James backs Wayne. Harry commands Irene. Grace reminds Shirley. Michael accepts Pam. Jordan answers Stephen. Marie follows Ray. Diana draws Angela. Steven challenges Ron. Bill respects Ruby. Ben fights Melissa. Joseph teaches Todd. John tells,1,Howard
Claire serves Jacob. Faith offers Michelle. Rose questions Rachel. Helen risks Victoria. Linda comforts Logan. Jeff misses Marie. Megan loves Ruby. Kathy reminds Russell. Dave shows Irene. David tells Ian. Jack burns Leo. Keith affects Janet. Juan grabs Wanda. Daniel feeds Teresa. Margaret closes Troy. Emily challenges Marc. Claire serves,1,Jacob
Joseph feels Angela. Blake protects Nathan. Carol helps Amelia. Kate gives Pam. Tony hides Maggie. Jeff serves Ted. Faith opens Rachel. Max sends Noah. Dennis misses Oscar. Carl hires Roger. Susan draws Margaret. Harry hates Roy. Craig respects June. Eric captures Keith. Arthur offers Stan. Liz attracts Jill. Joseph feels,1,Angela
Ken offers Wanda. Kim protects Pam. Louis demands Norman. Matt chooses Isabel. Peter challenges Terry. Andrew teaches Keith. Faith boosts Ralph. Linda hates Ken. Blake finds Zach. Austin knows Sharon. Ben stops Joseph. Dave meets Peggy. Tim takes Ray. Liz changes Margaret. Claire burns Joy. Sarah sees Shirley. Ken offers,1,Wanda
Rad proposes Ralph. Jane attracts Stan. Susan protects Joseph. Chris asks Leo. Max invites Pam. Jason wants Shawn. Kim grows Robin. Jacob explains Jean. Helen scores Oscar. Claire prohibits Sharon. Joseph joins Angela. Lauren misses Wayne. Paul takes Jenny. Jean builds Kim. Michael fixes Adrian. Carol meets Andrea. Rad proposes,1,Ralph
Harry finds Michelle. David writes Robin. Gary stays Jenny. Maria moves Teresa. Jordan sees Judy. Faith closes Tracy. Thomas visits Johnny. Emily comforts Violet. Mary bothers Pam. Luke guards Albert. Jane saves Nicholas. Bob texts Rob. Anna awards Neil. Liz cleans Martha. Dennis checks Lori. Arthur opens Melanie. Harry finds,1,Michelle
Bill alerts Lori. Marc misses Rebecca. Jason stops Norman. Austin affects Kim. Jenny serves Logan. Emma checks Troy. June approves Keith. Fred holds Marc. Leon hires Stephen. Blake wants Valerie. Jacob claims Melanie. Kay invites Martha. Helen commands Walter. Brian judges Jacob. George reminds Vincent. Jane finds Kirk. Bill alerts,1,Lori
Greg judges Ralph. Linda opens Rachel. Alex leaves Marie. Ken accepts Judy. Claire cleans Troy. Melissa warns Norman. Lisa stops Janet. Joseph urges Margaret. Jerry assists Neil. George follows Roger. Harry buys Jill. Kelly reminds Oscar. Rick shares Shawn. Jean affects Isabel. Fred invites Richard. Jeff joins Ruby. Greg judges,1,Ralph
Amy changes Ashley. Dave meets Peggy. Dennis calls Teresa. Tim trains Roy. Howard risks Leon. Katie shares Robin. Joe buys Joy.  Ellen feels Pamela. Michael teaches Sharon. Sam demands Stephen. Robert fears Andrea. Kyle hides Marc. Jean hears Shirley. Ben approaches Alison. Alan invites Sandra. Steve accompanies Natalie. Amy changes,1,Ashley
George hates Todd. Josh claims Julian. Lauren stays Walter. Dave stops Jacob. Linda visits Kay. Pat leaves Ted. Emma fixes Rebecca. Henry trusts Neil. Lisa accepts Jean. Rick keeps Sean. Fred parks Leo. Aaron sees Stan. Emily accompanies Leah. Hope catches Rachel. Mike warns Jordan. Brian demands Valerie. George hates,1,Todd
Nick protects Joy. Hope reads Ruby. Edward approaches Pam. Claire drives Roger. Ben changes Sue. Jill praises Ron. Kelly hides Wayne. Anna fixes Roy. Henry takes Tracy. Lauren grabs Julian. Andrew explains Vincent. Ian hugs Jordan. Dave comforts Travis. Jake tells Peggy. Amy stops Sandra. David makes Jacob. Nick protects,1,Joy
Kurt wakes Sheila. Rose delivers Janet. Margaret supports Nicholas. Carol risks Martha. Lauren grabs Nicole. Katie urges William. Brian loves Valerie. Jason cares Ted. Arthur welcomes Melanie. Jill catches Nathan. Alex likes Stephen. Marie draws Ray. Alan shares Margaret. Thomas approaches Terry. George guards Phil. Bob stays Joy. Kurt wakes,1,Sheila
Emma asks Kara. Kate hugs Martha. John seeks Shirley. Edward reminds Nancy. Joe insists Nicholas. Luke saves Alison. Johnny buys Walter. Adam risks Richard. Kathy makes Wanda. Tim holds Irene. Anne burns Sheila. Harry backs Jacob. Kevin changes Stephanie. Maggie likes Roger. Justin tells Johnny. Frank wakes Stan. Emma asks,1,Kara
Leo welcomes Olga. Emma faces Peggy. Sam gives Alison. Ian inspires Sally. Jean rewards Irene. Aaron keeps Isaac. Daniel boosts Lauren. Andrew avoids Melanie. Maggie cooks Walter. Helen likes Victor. Greg drives Pamela. Arthur hides Keith. Bob helps Albert. Tony feels Philip. Nick grows Richard. Juan chooses Todd. Leo welcomes,1,Olga
Melissa attacks Shirley. Kelly teaches Jenny. Pat inspires Martin. Justin shares Ted. Bill saves Pamela. Steve delivers Ron. Kate likes Jean. Rick attracts Todd. Blake serves Leo. Scott affects Victor. Helen tells Wanda. Laura grows Norman. Jill wants Robin. Sarah texts Marc. Marie hates Nathan. Katie warns Kyle. Melissa attacks,1,Shirley
Alice finds Jill. Mike demands Marie. Eric fears Teresa. Ian inspires Nicole. Henry cares Angela. Melissa wants Jerry. Scott leads Melanie. Lily tells Alexa. Jordan treats Stan. Keith consoles Stephen. Linda hears Victoria. Tim wakes Jordan. Kelly commands Ralph. Ken offers William. Adam trains Shirley. Johnny boosts Tyler. Alice finds,1,Jill
June pays Howard. Lisa catches Sean. Marie approves Lydia. Jason serves Stan. Dean moves Pamela. Howard chooses Zach. Melissa questions Michael. Maggie cheers Aiden. Dennis allows Margaret. Diana texts Noah. Joe urges Russell. David hates Travis. Fred loves Leah. Nick commands Marie. Martin blocks Patrick. Amy supports Ken. June pays,1,Howard
Katie needs Jordan. Dave serves Tracy. Max invites Sharon. Aaron defeats Russell. Laura wants Keith. Chris challenges Judy. Justin attracts Monica. Robert makes Martin. Jason teaches Leo. George thanks Angela. Diana approves Terry. Josh pays Margaret. Mike demands Oscar. Tim saves Jill. Jordan feels Norman. Kate risks Logan. Katie needs,1,Jordan
Jake builds Jenny. Megan grows Nancy. John likes Pam. Anne hugs Jordan. Frank cooks Stan. Steven fears Richard. Alex checks Rebecca. Adam supports Kurt. Karen holds Alicia. Jordan hears Lydia. Will meets Kara. Lucy consoles Marie. Mary shows Noah. Dave wakes Sue. Dennis calls Margaret. Joseph rewards Todd. Jake builds,1,Jenny
Kim chooses Peggy. Howard boosts Kay. Josh stops Adrian. Megan respects Kim. Melissa changes Keith. Edward alerts Liam. Jake seeks Kelly. Bill attacks Ken.  Rad builds Tyler. Greg hears Paula. Sam hates William. Daniel accepts Amber. Lisa trusts Phil. Ruth visits Judy. Linda explains Irene. Faith urges Angela. Kim chooses,1,Peggy
Amy leaves Sheila. Bill risks Shirley. Mike moves Pam. Fred assists Tracy. Margaret sees Jacob. Dennis invites Monica. Michael calls Roy. Carol proposes Nathan. Will fears Ronald. Craig protects Roger. Robert warns Logan. Steve saves Travis. Alex attacks Liz. Edward thanks Sandra. Thomas approaches Leo. John burns Robin. Amy leaves,1,Sheila
Pat tells Kurt. Grace wakes Martha. Tom trains Kyle. Dean stops Alison. Emily captures Liz. Luke fights Michael. Kevin serves Phil. Chris chooses Shawn.  Ellen permits Margaret. Mark proposes William. Steven comforts Patrick. Maria scores Melanie. June guides Olga. Joy teaches Zach. Craig takes Terry. Fred calls Renee. Pat tells,1,Kurt
Will respects Michael. Rick heals Nicole. Andrew prohibits Isabel. Linda attracts Ray. Liz wakes Peggy. Alice bothers Rachel. James offers Aiden. Carl keeps Troy. Lisa leads Marc. Bill proposes Logan. Craig asks Jordan. Eric rewards April. Nick urges Ian. Marc scores Travis. Julia delivers Kim. Jordan makes Russell. Will respects,1,Michael
Dean grabs Ted. Jack captures Anthony. Adam invites Russell. Helen comforts Sue. Margaret guards Jacob. John insists Ray. Keith backs Ralph. Andrew adopts Violet. Alan writes Tyler. Kay seeks Nicholas. Joseph fixes Kyle. Julia prohibits Leah. Alice thanks Victor. Jeff reads Travis. Gary closes Louis. Karen hates Liz. Dean grabs,1,Ted
Will backs Andrea. Nick checks Lori. Robert takes Jenny. Juan bothers Alicia. Henry pays Oscar. Bill calls Joy. Kyle closes Walter. Peter hears Richard. Ryan blocks Pamela. Blake claims Phil. Andrew follows Rita. Mike defeats Isaac. Jake demands Philip. Ruth avoids Stephen. James fixes Marie. Kay warns Margaret. Will backs,1,Andrea
Tim guards Oscar. Tony trains Russell. Jack draws Michelle. Mary accepts Howard. Dennis blocks Leon. Harry affects Logan. Paul opens Joseph. Alex reads Irene. Lily leaves Jill. Peter needs Stephen. Margaret joins Kathy. Emily keeps Isaac. Anne demands Rita. Pat takes Martha. Ruth sees Ian. Michael meets Kurt. Tim guards,1,Oscar
Carol grows Juan. Scott visits Noah. Henry prohibits Kay. Jill comforts Kirk. Steven advises Vanessa. Matt judges Michael. Mary asks Irene. Megan makes Ian. Andrew inspires Joseph. Thomas holds Pam. Jane supports Wanda. Frank insists Paula. Johnny needs Sharon. Lisa parks Marc. Kyle accompanies Janet. Greg treats Ashley. Carol grows,1,Juan
Alan buys Shawn. Julia wakes Ken. Kevin knows Jean. Mark moves Wanda. Faith delivers Ronald. Bob fights Olga. Lucy avoids Kim. Thomas approves Nicole. Martin protects Russell. Ruth accompanies Michael. Sarah holds Pam. Katie asks Johnny. Maggie judges Lauren. Ben welcomes Roy. Lisa helps Marie. Marie lifts Joy. Alan buys,1,Shawn
Grace feeds Shirley. Faith cheers Anthony. James draws Robin. Andrew answers Adrian. Rick guides Stephanie. Lucy delivers Sally. Jill pays Kay. Margaret sees Lauren. Jeff closes Martha. Brian leads Nathan. Jenny takes Todd. Claire teaches Kim. Joe catches Judy. Leon heals Isabel. Chris proposes Norman. Rose demands Albert. Grace feeds,1,Shirley
Ruth trains Albert. Alice consoles Angela. Amy scores Sharon. Jeff guides Adrian. Tony attracts Kyle. Daniel burns Victor. Emma heals Joseph. Edward protects Vanessa. Austin saves Ralph. George takes Renee. Eric inspires Alicia. Kelly seeks Ian. Katie rewards Kathy. Thomas cleans Howard. Leo boosts Janet. Gary respects Melanie. Ruth trains,1,Albert
Ben questions Russell. Ian likes Richard. Juan burns Marc. Margaret visits Vincent. Josh allows Louis. Tom texts Zach. Charles holds Ian. Rose tells Joy. Carol cooks Rachel. Emma draws Leo. Laura bothers Alison. Arthur hates Travis. Joe chooses Pam. Keith loves Ashley.  Rad cheers Teresa. Faith sees Ron. Ben questions,1,Russell
Carl respects Stan. Donna shares Tyler. Dennis commands Nicole. Hannah stops Isabel. Juan reminds Michael. Lily likes Amelia. Bob accompanies Joseph. Megan prohibits Michelle. Alex tells Wanda. Carol grows Rachel. Jenny draws Liam. Steve delivers Zach. Andrew cares Valerie. Ken takes Ted. Lucy hears Vanessa. Rose permits Alicia. Carl respects,1,Stan
Michael alerts Jenny. Kurt hears Wayne. Lucy cleans Joy. David cheers Sean. Louis teaches Howard. Leo keeps Martha. Carol welcomes Sandra. Megan misses Kyle. Nick accompanies Olga. Margaret challenges Shawn. Martin loves Sara. Dennis checks Ruby. Ken answers Ashley. Will awards Renee. James faces Ronald. Leon guides Aiden. Michael alerts,1,Jenny
Rose permits Ken. Adam hides Albert. Blake builds Rachel. Thomas commands Maggie. Ben leaves Jenny. Mary checks Zach. Fred buys Tyler. Alan trusts Stan. Frank joins Oscar. Grace hugs Judy. Eric comforts Sean. John takes Angela. Jake seeks Adrian. Juan consoles Teresa. Marc wants Aiden. Jean affects Natalie. Rose permits,1,Ken
Aaron trains Jacob. Craig challenges Amber. Jill grows Neil. Johnny advises Rebecca. Kevin takes Nathan. Edward challenges Sandra. Thomas boosts Judy. Leon hugs Sue. Robert builds Travis. Maggie demands Natalie. June needs Alicia. Jake risks Ashley. David attracts Janet. Rose accompanies Jill. Ryan sends Zach.  Rad holds Tyler. Aaron trains,1,Jacob
Robert avoids Rebecca. Ruth wakes Sandra. Harry draws Leah. Jason respects Oscar. Lucy questions Nathan. Helen hides Teresa. Jerry challenges Kyle. Keith brings Victoria. Chris grows Kelly. Rick invites Tracy. Henry prohibits Sheila. Brian welcomes Ruby. Jordan knows Russell. Gary opens Neil. Aaron rewards Sue. Dean texts Zach. Robert avoids,1,Rebecca
Nick blocks Melanie. Louis teaches Aiden. Max texts Nathan. George insists Patrick. Ian brings Lori. Lucy sends Jenny. June faces Victoria. Bob lifts Leo. Blake stays Sara. Alice commands Ken. Kim adopts Ron. Steve grabs Ted. Ken inspires Sally. Mark protects Olga. Greg comforts Stephen. Luke guides Zach. Nick blocks,1,Melanie
Hope invites Victor. Kathy hires Marie. Alex cooks Russell.  Ellen attracts William. Austin delivers Sally. Dennis awards Aiden.  Rad fears Liam. Frank follows Martha. Adam misses Sean. Kyle feels Rob. Megan holds Ray. Karen moves Olga. Tom visits Leon. Nick thanks April. Fred supports Peggy. Margaret accepts Logan. Hope invites,1,Victor
Katie insists Kelly. Megan boosts Michelle. Hannah trains Monica. Leo hates Andrea. Donna protects Leah. Lucy guides Amber. Keith builds Renee. Lauren burns June. Lily grabs Maggie. Andrew cooks Neil. Sarah guards Rita. Karen blocks Nicole. Michael follows Nathan. Howard reminds Patrick. Margaret attracts Alison. Grace misses Nancy. Katie insists,1,Kelly
Lisa seeks Wayne. Marie defeats Marc. Lucy leaves Stephanie. Mark judges Jenny. Joy demands Sara. Greg checks Peggy. Jill heals Oscar. Grace pays Andrea. Matt fears Kara. Hope faces Leo. June texts Ruby. Fred keeps Judy. Martin tells Joy. Bill leads Ron. Faith parks Julian. Leo helps April. Lisa seeks,1,Wayne
Tony captures Joy. Will catches Andrea. Marc feels Tracy. John faces Melissa. Alex changes Isaac. Anna protects Kay. Alan drives Monica. Dave defeats Nicole. Jenny seeks Anthony. Martin shares Leo. Jane advises Sally. Marie draws Ashley. June comforts Sue. Leon pays Kathy. Amy gives Keith. Louis claims Juan. Tony captures,1,Joy
Kurt reminds April. Hope saves Patrick. Linda fights Oscar. Hannah captures Margaret. Gary takes Stephen. Kate changes Nathan. Tom shares Joseph. Liz warns Amber. Dave respects Teresa. Henry trusts Melissa. Johnny questions Adrian. Adam builds Leah. Susan claims Julian. Leon insists Rebecca. Josh holds Kathy. Jake rewards Johnny. Kurt reminds,1,April
David sends Tracy. Tim advises Violet. Ruth cares Jacob. Alice likes Marie. Howard assists Maggie. Edward approaches Sheila. Paul protects Anthony. Juan guides Sandra. Kate offers Richard. Jack stays Rebecca. Thomas feels Wanda. Maggie denies Ron. Charles defeats Monica. Craig opens Liz. Justin judges Martin. Emily checks Michelle. David sends,1,Tracy
Alex parks Leon. Ben challenges Todd. Kyle comforts Irene. Anna affects Louis. Steve holds Ashley. Alice guards Ralph. Mike questions Philip. Jordan wakes Isaac. Leo stays Jenny. Will likes Shawn. Lauren serves Albert. Gary sends Kurt. Ruth approaches Martin. Liz leads Tracy. Paul denies Melissa. Jenny makes Monica. Alex parks,1,Leon
Helen shares Teresa. Scott cares Ruby. Jenny adopts Jenny. Justin boosts Irene. Ken rewards Stephanie. Leon hides Violet. Marc scores Louis. Laura needs Rob. Bob attacks Leo. Brian wakes Isabel. Jacob shows Olga. Arthur knows Lori. Joe loves Victor. Donna approves Nancy. Keith texts Richard. Karen insists Juan. Helen shares,1,Teresa
Kyle stops Nancy. Gary stays June. David consoles Kara. Henry defeats April. Alex fixes Ian. Greg holds Roy. Nick explains Lydia. Dennis heals Ronald. Pat bothers Nathan. Mark helps Kirk. Eric welcomes Melissa. Emma makes Howard. Ian avoids Olga. Mary scores Patrick.  Rad leaves Richard. Luke parks Noah. Kyle stops,1,Nancy
Jenny trains Alicia. Diana opens Sharon. Kelly scores Maggie. Martin faces Roy. Jeff misses Rita. Leo attracts Roger. Henry denies Ronald. Jean grabs Sandra. Juan calls Keith. Jack approves Ray. Steve praises Lori. Nick warns Liam. Michael judges Nathan. Greg leads Wayne. Joseph feeds Russell. Melissa checks Noah. Diana opens,2,Sharon
Bill writes Joan. Lucy answers Stephanie. George reminds Zach. Anna consoles Rachel. Brian prohibits Leo. Leon bothers Lauren. Ian advises Howard. Jill builds Olga. Linda commands Lori. Amy helps Norman. Tom saves Justin. Jean gives Jacob. Peter visits Noah. Howard leaves Roy. Jake heals Renee. Karen rewards Violet. Lucy answers,2,Stephanie
Hope faces Tracy. Liz stays Stephanie. Sam attacks Lauren. Adam alerts Liz. Andrew chooses Rachel. Ryan hugs Louis. Faith inspires Justin. Robert shares Sheila. Blake leads Maggie. Kevin follows Michael. Austin fights Liam. Diana seeks Kim. Joy supports Natalie. Greg respects Jenny. Joe texts Ralph. Marie opens Andrea. Liz stays,2,Stephanie
Claire buys Rita. Megan awards Sandra. Maria treats Ronald. Ryan hates Pamela. Ken accompanies Roger. Andrew approaches Sheila. Bill parks Jacob. Charles denies Victor. Amy keeps Howard. Michael catches Ian. Craig heals Oscar. Adam feeds Monica. John pays Peggy. Kevin draws Amelia. Emily prohibits Natalie. Karen accepts Nicholas. Megan awards,2,Sandra
Jack likes Kathy. Liz affects Ted. James buys Juan. David parks Lori. Sam hires Stephen. Blake sees Sara. Lily misses Isabel. John comforts Tyler. Frank grabs Martin. Emily wakes Jacob. Kyle scores Liam. Melissa shows Anthony. Arthur tells William. Keith fears Leah. Lauren catches Valerie. Chris awards Pam. Liz affects,2,Ted
Jake permits Maggie. Kathy alerts Ted. Jason claims Kirk. Jeff guides Johnny. Emma joins Justin. Jordan backs Angela. Margaret makes Andrea. James scores Peggy. Dean catches Sean. Sarah holds Jenny. Leon grabs Liz. Kurt takes Tracy. Frank wants Norman. Anna drives Ronald. Louis respects Julian. Lucy affects Phil. Kathy alerts,2,Ted
John protects Martha. Hannah drives Sara. Dean accompanies Louis. Bill guides Phil. Blake feeds Lauren. Carol opens Ray. Thomas grows Shawn. Greg seeks Sandra. Justin gives Johnny. Susan hears Joy. Aaron visits Kathy. Emma respects Shirley. Julia tells April. Martin knows Richard. Hope consoles Angela. Tom insists Amber. Hannah drives,2,Sara
Kevin rewards Sue. Rick grows Peggy. Hope heals Renee. Jacob burns Stephen. Ryan judges Paula. Thomas chooses Marc. Grace guards Kay. Jean explains Nancy. Bill loves Violet. Lily insists Wanda. Sarah hires Ashley.  Rad supports Martin. Pat assists Melanie. Jerry wants Isabel. Andrew meets Ralph. Steve claims Jill. Rick grows,2,Peggy
Kate adopts Patrick. Faith takes Todd. Maria calls Joan. Jenny respects Kirk. Tony judges Vanessa. Anne bothers Neil. Aaron boosts Alicia. Mary wants Wanda. Kelly needs Terry. Joe affects Justin. Bob tells Renee. Ryan permits Leon. Max follows Michelle. Lisa wakes Walter. Sam hugs Ian. Robert supports Ken. Faith takes,2,Todd
Thomas allows Teresa. Louis treats Shawn. Margaret needs William.  Ellen offers Victor. Megan wakes Valerie. Blake adopts Jordan. Pat captures Leah. Karen judges Margaret. Kathy leaves Wanda. Justin boosts Zach. John keeps Marc. Bob knows Paula. Donna cleans Sylvia. Charles draws Michelle. Lily hears Olga. Mark defeats Kelly. Louis treats,2,Shawn
Alex finds Adrian. Kate asks Natalie. Eric comforts Paula. Margaret judges Wayne. Robert closes Sharon. Liz questions Justin. Matt faces Louis. Lucy boosts Michelle. Kelly cleans Rachel. Jane leads Jordan. Rick accompanies Shirley. Daniel guards Richard. Austin keeps Amber. Luke cheers Johnny. Joe wants Kim. Faith answers Melissa. Kate asks,2,Natalie
Tim grows Kim. Jean hears Justin. Ken hides Neil. Anna treats Kay. Michael thanks Alicia. Austin buys Oscar. David cheers Russell. Claire teaches Ted. Juan fixes Tracy. Justin urges Keith. Tom reminds Ken. Peter serves Howard. Mike lifts Violet. Maria judges William. Eric cleans Aiden. Scott sees Alexa. Jean hears,2,Justin
Joe fixes Nicole. Hope accompanies Stephanie. Joy trains Ashley. Diana treats Lydia. Lucy questions Logan. Maggie sees Liz. Ryan commands Shirley. Adam assists Vanessa. Kelly blocks Philip. Carol cares Ray. Daniel feels Kathy. Robert claims Noah. Josh joins Isabel. Mike moves Troy. Johnny approves Ted. Faith hates Angela. Hope accompanies,2,Stephanie
Diana supports Martha. Howard rewards Jerry. Sarah assists Marc. Ruth sends Patrick. Luke accompanies Michelle. Ryan leaves Roy. Craig answers Lauren. Donna buys Adrian. Harry grabs Logan. Faith drives Anthony. Anne faces Andrea. Rose wakes Rebecca. Katie defeats Monica. Kim brings Tracy. Nick writes Jacob. Bill keeps Shawn. Howard rewards,2,Jerry
Nick cleans Irene. Jill comforts Vincent. Ruth grabs Louis. Blake drives Kirk. Daniel allows Isabel. Marc permits Zach. Karen inspires Anthony. Faith adopts Andrea. Grace hires Sylvia. Diana cares Natalie. Gary joins Tracy. Joe accepts Adrian. Dave delivers Leo. Marie supports Joy. Amy opens Keith. Ken guards Richard. Jill comforts,2,Vincent
Martin needs Kelly. Anne attacks Melanie. Liz demands Albert. Thomas affects Amelia. Lisa feeds Sean. Mark catches Ralph. June awards Marie. Kurt inspires Juan. Ian shares Valerie. Paul fights Nancy. Tim leads Kara. Johnny warns Irene. Mary buys Shawn. Lucy makes Nicole. Katie wakes Tyler. Jacob opens Liz. Anne attacks,2,Melanie
Dean advises Monica. Gary approaches Tracy. Scott comforts Margaret. Jacob leaves Philip. Alex approves Wanda. Susan defeats Ronald. Bob praises Kara. Michael insists Rob. Ruth hires Alexa. Megan prohibits Vincent. Donna asks Kelly. Peter keeps Vanessa. Jean catches Lydia. Josh answers Kurt. Amy challenges Ruby. Carl seeks Norman. Gary approaches,2,Tracy
Ruth finds Vincent. Michael helps Melanie. Faith cooks Terry. James bothers Leo. Lucy lifts Wanda. Helen cleans Rita. Dave fears Juan. Jacob teaches Tracy. Bob approaches Maggie. Carl stays Rachel. Mike attracts Zach. Steven calls Angela. Craig pays Alexa. Megan attacks Alicia. Joe allows Victoria. Susan inspires Amber. Michael helps,2,Melanie
Sam prohibits Alexa. Aaron writes Amelia. Henry texts Logan. Blake approaches Maggie. Susan answers Ruby. James awards Janet. Thomas permits Valerie. Leon chooses Kirk. Hope adopts Ray. Liz thanks Walter. Kevin supports Ashley. Ben visits Roger. Jill gives Pam. Harry attracts Aiden. Steve treats Joseph. Marie holds Sara. Aaron writes,2,Amelia
Ken prohibits Walter.  Ellen respects Kelly. Megan claims Joy. Sam fights Rachel. Craig saves Nicholas. Dean fixes Patrick. Susan proposes Sue. Bill wants Stephen. Matt grows Wayne. Keith invites Zach. Emily thanks Violet.  Rad chooses June. Jake affects Liam. Jordan joins Natalie. Austin texts Sean. Marie defeats Lydia. Ellen respects,2,Kelly
Keith invites June. Mary thanks Alison. Tom shares Patrick. Juan holds Ray. Henry fights Sharon. Lucy urges Sally. Emma closes Jordan. Kathy protects Melanie. John challenges Valerie. Karen insists Sylvia. Mark consoles Louis. George stops Keith. Thomas scores Irene. Blake praises Oscar. Chris backs Joseph. Gary meets Neil. Mary thanks,2,Alison
Lauren brings Justin. Dean cares Leon. Kyle approaches Sean. Alex assists Jill. Dennis advises Rebecca. Jake leads Violet. Leon moves Rachel. Henry drives Juan. Sarah finds Ken. Austin accompanies Angela. Rose knows Jean. Julia misses Johnny. Lisa insists Wanda. Justin questions Sandra. Howard claims Andrea. Max affects Ralph. Dean cares,2,Leon
Scott demands Lauren. Grace inspires Patrick. Melissa urges Stephanie. Eric closes Alicia. Maggie alerts Kathy. Ken loves Kelly. Alice shows Margaret.  Rad thanks Terry. Craig saves Victor. Edward denies Stephen. Johnny wants Isabel. Liz attracts Jerry. Carl needs Ted. Martin wakes Marie. Faith praises Joan. Jerry keeps June. Grace inspires,2,Patrick
Laura burns Stephanie. Amy insists Vincent. Luke demands Monica. Justin approaches Renee. Alan finds Rachel. Leo parks Valerie. Sarah comforts Peggy. Charles guards Marie. Hannah protects Kay. Joy saves Ralph. Kathy lifts Troy. Sam cleans Maggie. Jack consoles Sharon. Austin delivers Johnny. Henry stays Shawn. Rose tells Joy. Amy insists,2,Vincent
Hannah feels Michelle. Ben comforts Lydia. Emma sends Ian. Anne comforts Valerie. James lifts Nicole. Julia protects Sue. Katie asks Logan. Alice inspires Sean. Josh teaches Joseph. Jake sees Alicia. Mary grows Richard. Steve warns Sheila. Lily guides Stan. Dean gives Sandra. Howard captures Rob. Fred wakes Ronald. Ben comforts,2,Lydia
Jeff fights Jacob. Leo blocks Olga. Josh burns Liz. Anne visits Noah. Jake comforts Alexa. Mark challenges Albert. Helen shares Sean. Martin draws Rebecca. Laura knows Lori. Linda respects Ralph. Pat approves Stephen. Dennis claims Natalie. Steven adopts Zach. Blake needs Jerry. Kay offers Richard. James pays Jenny. Leo blocks,2,Olga
Carol approaches June. Emma grows William. Linda follows Shirley. Tim lifts Sally. Jane fixes Nathan. Kevin treats Kyle. Dennis challenges Sheila. Martin stops Ashley. Thomas trusts Amelia. Ben needs Wanda. Helen scores Stan. Eric blocks Sara. Lily sees Wayne. Tony demands Jordan. Kelly faces Jean. Will shares Keith. Emma grows,2,William
Arthur makes Lori. Mark seeks Jacob. Dennis praises Nicole. Rick sees William. Lucy allows Juan. Matt hears Richard. Luke knows Sean. Emma stays Isabel. Edward advises Amber. Melissa prohibits Rita. Fred likes Pamela. Ryan backs Marc. Tom blocks Renee. Juan thanks Sheila. Max comforts Stephen. Martin questions Rachel. Mark seeks,2,Jacob
Maggie risks Adrian. Jacob avoids Kay. Jeff reads Leah. Sarah assists Jerry. Josh misses Travis. Robert challenges Tyler. Arthur texts Anthony. Juan heals Kyle. Melissa warns Oscar. Chris consoles Angela. Jerry protects Shawn. Keith stops Natalie. Luke comforts Wayne. Lauren permits Howard. Kurt blocks Alexa. Marc knows Ian. Jacob avoids,2,Kay
George shares Irene. Julia treats Sally. Joseph helps Paula. Josh approaches Sharon. Jason hates Albert. Ben writes Julian. Peter loves Patrick. Sarah comforts Rob. Ryan delivers Leon. Aaron meets Sheila. Jack moves Teresa. Tony claims Kyle. Bob blocks Jerry. Henry fights Sylvia. Margaret texts William. Tim welcomes Ruby. Julia treats,2,Sally
Diana proposes Sean. June guards Lauren. Rick blocks Amber. Maria consoles Paula. Julia commands Jean. Max builds Teresa. Margaret finds Joseph. Andrew follows Philip. Laura prohibits Roger. Kevin takes Tyler. Lisa welcomes Ralph. Anna offers Patrick. Arthur hides Tracy. Charles changes Kyle. Martin tells Jacob. Pat visits Nathan. June guards,2,Lauren
Maria texts Norman. Adam brings Kim. Katie thanks Janet. Alice reads Ruby. Lucy keeps Lauren. Luke welcomes Leo. Leo drives Sheila. Hannah backs Valerie. Jordan burns Michael. Thomas comforts Joan. Lauren sees Teresa. Sam meets Vincent. Susan trains Isaac. Bill cheers Amber. Henry denies Judy. Ruth chooses Rachel. Adam brings,2,Kim
Austin chooses Ted. Hope urges Sally. Henry attracts Leah. Harry buys Kara. Jason leads Johnny. Charles asks Ken. Kyle delivers Troy. Scott fears Adrian. Craig comforts Louis. Frank trusts Philip. Joy approaches Zach. Lisa fights April. Helen reads Kay. Edward accepts Sean. Howard writes Jerry. Fred attacks Juan. Hope urges,2,Sally
David permits June. Charles fights Maggie. Jason wakes Judy. Rose meets Julian. Emily trusts Ian. Jake holds Shirley. Austin parks Sheila. Kurt proposes Andrea. Justin judges Albert. Thomas leads Sue. Kevin shows Isabel. Louis buys William. Andrew keeps Peggy. Joe allows Martin. Jerry burns Renee. Steven hears Robin. Charles fights,2,Maggie
Bob needs Nancy. Scott draws Andrea. Jerry holds William. Edward denies Lori. Donna cares Isabel. Jane closes Joan. Anna follows Stephanie. Dave challenges Nathan. Amy wants Rob. Matt commands Lydia. Linda bothers Sally. James parks Walter. Emily warns Martin. Gary demands Leah. Susan questions Kirk. Ryan inspires Pam. Scott draws,2,Andrea
Hannah asks Sandra. John meets Sheila. Michael trusts Adrian. Maria boosts Roger. Tom sees Nathan. Arthur leads Nancy. Alan likes Norman. Joy fears Joy. Emily backs Jordan. Charles grows Victor. Jenny explains Ronald. Grace visits Sharon. Aaron reads Leo. Claire stops Vincent. Jean avoids Wayne. Will makes Michael. John meets,2,Sheila
Megan saves Teresa. Steven rewards Janet. Tim feeds Liam. Howard cares Angela. Greg leads Ashley. Anne denies Sylvia. David advises Stan. Jake builds Michael. Kelly takes Jill. Hope finds Peggy. Jenny needs Stephen. Grace consoles Louis. Pat captures Julian. Mike claims Norman. Lucy hugs Alexa. Dennis backs Alicia. Steven rewards,2,Janet
Andrew hugs Irene. Amy makes Liam. Rick praises Sheila. Johnny guides Ralph. Marie meets Sharon. Justin permits Robin. Tom follows Russell. Joe welcomes Kurt. Lauren cooks Howard. Martin hires Ronald. Kyle hides Terry. Kay burns Victor. Diana heals Andrea. Charles gives Troy. Carol closes Judy. Jeff misses Rebecca. Amy makes,2,Liam
Chris drives Stephen. Claire feels Kay. Will risks Joy. Scott supports Monica. Louis trusts Jerry. Aaron takes Amelia. Kim prohibits Sheila. Anne knows Margaret. Luke joins Terry. Greg proposes Nicole. Kate commands Maggie. Robert helps Tracy. Paul cooks Martin. Matt sees Michelle. Emma accompanies Logan. Brian sends June. Claire feels,2,Kay
Lauren buys Martha. Jordan likes Vincent. Maria claims Leon. Bill checks Phil. Jack burns Maggie. Margaret lifts Adrian. Helen builds Russell. Diana parks Anthony. Lisa approves Joseph. Joseph gives Olga. Anna judges Kelly. Kurt hires Albert. Chris cooks Ron. Leo draws Keith. Maggie insists Jean. Adam reads Kirk. Jordan likes,2,Vincent
Peter affects Jerry. Adam burns Ian. Claire gives Julian. Luke changes Shirley. Frank reminds Juan. Kim boosts Nicholas.  Rad leads Walter. Jason cheers Rita. Hope shares Liz. Josh takes Isaac. Fred misses Isabel. Jenny hides Ted. Helen explains Martha. Grace protects Ron. Jordan trains Angela. Diana faces Kara. Adam burns,2,Ian
Tim visits Wayne. Steve heals Liz. Claire misses Stan. Howard checks Sandra. Lauren approaches Terry. Lisa gives Kim. Anne prohibits Irene. Joy likes Lydia. Scott fears Isaac. Jeff makes Vincent. Blake allows Angela. Jerry fixes Rita. Brian feels Ruby. Kurt grabs Jacob. Megan brings Nathan. June guides Kathy. Steve heals,2,Liz
Alan attacks Logan.  Ellen scores Ian. Emma approves Justin. Ruth delivers Sean. Daniel rewards April. Hannah challenges Pam. Peter brings Sandra. Katie visits Wanda. Jerry comforts Olga. Howard follows Kim. Leo denies Amber. George risks Isabel. Marie hugs Albert. Susan draws Rob. Grace loves Vanessa. Kevin trusts Alexa. Ellen scores,2,Ian
Sarah assists Peggy. Mary treats Adrian. Nick opens Amber. Austin claims Kim.  Rad allows Stephen. Thomas loves Travis. Alex knows Walter. Leon shows Marc. Alice teaches Monica. Claire cheers Roger. Kay commands Janet. Jill awards Sylvia. Alan tells Rebecca. Rick adopts Alicia. Faith closes Joseph. Steve cleans Paula. Mary treats,2,Adrian
Rad avoids Kay. Joseph tells Irene. Marie denies Kirk. Mark allows Norman. Ben invites Stan. Faith chooses Jordan. Liz moves Noah. Maria reminds Jenny. Austin gives Marc. Lily saves Paula. Jeff writes Joseph. Thomas helps Isaac. Adam builds Kyle. Arthur hears Rebecca. Dean hugs Logan. Hannah leads Juan. Joseph tells,2,Irene
Joy likes Kara. Kate opens Travis. Jeff feeds Stephen. Adam faces Vincent. Faith shares Nathan. Maria sends Neil. Henry parks Kathy. Luke writes Lauren. Tony finds Nicole. Joseph changes Russell. Ben attracts Juan. Austin treats Terry. Nick reads Violet. Peter buys Albert. Kevin rewards Liam. Kurt holds Lori. Kate opens,2,Travis
Grace denies Tyler. Rose wants Kurt. Greg reminds Jacob. Alex awards Monica. Ruth serves Albert. Marc inspires Sean. Edward offers Maggie. Melissa moves Adrian. Margaret leads Shawn. Harry fights Lori. Jerry proposes Margaret. Austin comforts Sheila. Amy cares Marie. Bob shares Kelly. June insists Kyle. Robert joins Pam. Rose wants,2,Kurt
Mike questions Ken. Marie hugs Valerie. Austin shares Kim. Michael praises Rita. Claire catches Vanessa. Greg challenges Neil. Matt burns Troy. Kelly visits Russell. Nick fixes Sylvia. Johnny urges Pamela. Fred draws Vincent. Jason hides Roy. Bob approaches Amelia. George closes Sally. Alex offers Albert. Leo hears Ruby. Marie hugs,2,Valerie
Amy comforts Stephanie. Jill drives Tracy. George sees Liam. Liz backs Monica. Karen faces June. Jason closes William. Leo knows Norman. Mary leads Renee. Ben judges Stephen. Tim takes Marie. Ian explains Walter. Henry reads Liz. Blake reminds Joy. Bill stays Patrick. Bob prohibits Stan. Carol writes Wanda. Jill drives,2,Tracy
Marie proposes Tracy. Kelly urges Sandra. Aaron chooses Jacob. Alice stays Monica. Laura shares William. Emma gives Vincent. Dennis misses Isaac. Carol makes Sally. Ryan supports Ronald. Gary offers Stan. Ben assists Sue. Craig permits Tyler. Keith accompanies Kay. Louis hugs Ashley. Nick feels Sylvia. Jill keeps Kurt. Kelly urges,2,Sandra
Adam fights Joan. Jordan defeats Ronald. Matt cleans Pamela. Jerry risks Kathy. Henry cares William. Max pays Noah. Hannah denies Kara. Linda grows Rachel. Mark closes Ted. Greg hates Renee. Lisa thanks Joseph. Blake affects Ruby. Jack writes Johnny. Jason takes Jacob. Howard builds Leon. David reads Aiden. Matt cleans,3,Pamela
Claire draws April. Dennis comforts Michelle. Daniel hugs Kara. Leo challenges Kathy. Joy thanks Anthony. Jeff hears Victoria. George heals Sheila. Jean misses Travis. Ken denies Roy. Eric needs Shawn. Lily fights Nicole. Michael lifts Martin. Amy respects Norman. Charles judges Sharon. Anna hates Philip. Ian affects Patrick. Daniel hugs,3,Kara
Aaron leads Janet. Justin drives Victoria. Jacob builds Kara. Greg shares Alexa. Pat challenges Ian. Thomas delivers Lauren.  Rad offers Sean. James denies Stephen. Juan finds Nancy. Adam holds Kirk. Lucy questions Albert. Susan praises Norman. Jerry attacks Ron. Josh avoids Julian. Jeff sees Isaac. Alex alerts Nicole. Jacob builds,3,Kara
Emma adopts Todd. Margaret inspires Sheila. Tony buys Sue. Jeff cares Russell. Juan asks Neil. Austin respects Monica. Craig writes Liz. Kathy supports Margaret. Kate attacks Anthony. Susan builds Troy. Max questions Judy. Gary cooks Violet. Mike knows Louis. Hannah likes Pamela. Edward approves Sean. Johnny denies Nicole. Tony buys,3,Sue
Mary answers Shirley. Dave lifts Sylvia. Maria visits Jenny. Liz fixes Jean. Faith delivers Liz. Max gives Maggie. Kay joins Sharon. Hannah catches Anthony. Chris stays Natalie. Ruth faces Kirk. Julia wants April. Rick claims Sheila. Daniel denies Wanda. Harry offers Vincent. Peter wakes Melanie. Jason knows Leah. Maria visits,3,Jenny
Charles holds Maggie. Max cooks Wayne. Hope accompanies Lydia. Dean leads Victoria. Will heals Sylvia. Anne rewards Isaac. Luke closes Amelia. Austin brings Leah. Karen treats Amber. Pat fights Vincent. Daniel advises Rebecca. Rick tells Justin. Maria changes Todd. Kyle catches Andrea.  Ellen backs Sheila. Liz delivers Victor. Hope accompanies,3,Lydia
Lucy wakes Kurt. Jane grows April. Adam takes Vincent. Marie respects Roy. Kate chooses Monica. Melissa heals Oscar. Bob backs Lori. Ryan challenges Kim. Carl trusts Nicholas. Ben inspires Roger. Faith catches Teresa. Mike visits Juan. Amy awards Margaret. Anne likes Joseph. Susan drives Martin. Steve meets Sally. Adam takes,3,Vincent
Andrew respects Sandra. Robert guides Victoria. Blake closes Louis. Maria keeps Philip. Joy treats Aiden. Melissa leads Nathan. Ruth welcomes Leo. Kurt holds Richard. Emma needs Ronald. Alice delivers Sally. Grace misses Stephen. Helen serves Martha. Dave offers Phil. Kate grabs Troy. Susan shows Melissa. Megan lifts Tracy. Blake closes,3,Louis
Ellen hires Shawn. Grace visits Sharon. Frank parks Renee. Jacob cheers Louis. Kelly defeats Anthony. Steve chooses Johnny. Mark scores Liam. George welcomes Zach. Nick insists Sara. Rick follows Travis. Josh stops Shirley. Steven answers Marie. June allows Ashley. Fred cares Ian. Louis approves Vincent. Matt supports Paula. Frank parks,3,Renee
Craig misses Nicholas. Bob defeats Liam. Aaron loves Anthony. Tom adopts Janet. Charles hugs Alicia. John risks Neil. Lisa insists Ralph. Dean claims Isabel. Edward boosts Kyle. Hannah reads Violet. Eric welcomes Jean. Ruth guides Jerry. Amy supports Wanda. Mark approaches Sean. Kim takes Shawn. Melissa hates Tracy. Aaron loves,3,Anthony
Jason stays Kyle. Jacob hates Kelly. Donna checks Todd. Hannah guards Alexa. Aaron follows Leon. Kurt permits Leah. Mike leads Keith. Hope attacks Liz. Juan helps Shawn. Frank closes Isabel. Kay thanks Ted. Jenny wakes Peggy. Tony attracts Stephen. Karen consoles Amber. Gary fights Paula. Scott hires Margaret. Donna checks,3,Todd
Jean bothers Jill. Mike heals Victor. Max cares Louis. Ruth tells Teresa. John attracts Pam. Kate attacks Lori. Dennis backs Zach. Emma guides Pamela. Austin allows Jacob. Johnny guards Valerie. Kay pays Travis. Helen meets Phil. Peter grows Janet. Pat teaches Sharon. June parks Leon. Jerry shows Kim. Max cares,3,Louis
Liz comforts Irene. Fred explains Tyler. Nick shows Jenny. Joseph allows Olga. Diana inspires Nicholas. Maria offers Shawn. Greg protects Joseph. Martin leaves Zach. Jason saves Michael. Kim builds Isabel. June proposes Melanie. Rose cares Ian. Marie blocks Marc. Louis leads Howard. Marc stays Louis. Michael alerts Robin. Nick shows,3,Jenny
Kevin draws Margaret. Claire offers Sylvia. Greg shares Walter. Carol takes Andrea. Laura affects Sally. Emily wakes Louis. Jerry approaches Stephen. Brian burns Todd. Jenny captures Michelle. Justin faces Leah. Kelly commands Shirley. Marc misses Travis. Kyle makes June. Dave catches Kelly. Max grows Liam. Alex fears Peggy. Greg shares,3,Walter
Dennis bothers Liam. Kevin commands Sylvia. Carol grabs Isaac. Frank reads Tracy. Fred trains Kurt. Jake grows Jordan. Mary follows Wayne. Lucy joins Isabel. Edward heals Joy. Juan draws Alison. Julia asks Lauren. Melissa calls Leo. Ryan sends Kay. Paul comforts June. Jean captures Zach. John offers Shawn. Carol grabs,3,Isaac
Tim supports Howard. George fixes Jill. Karen checks Logan. Alex accompanies Ashley. Louis cleans Kurt. Blake makes Walter. Aaron chooses Ralph. Liz adopts Joan. Howard proposes Wayne. Jake gives Jerry. Austin draws Kirk. Dennis brings Roy. Daniel advises Oscar. Leo explains Kathy. Anna knows Natalie. Julia claims Isaac. Karen checks,3,Logan
Steven wakes Justin. Michael welcomes Albert. Dennis urges Alexa. Jeff joins Howard. Brian warns Sue. Kurt catches Sylvia. Mary reads Sheila. Jean defeats Tyler. Mark accepts Sally. Rick avoids Isabel. Scott sends Nathan. Jake claims Jerry. Jordan praises Nicole. Joseph affects Marie. Robert permits Lauren. Emily chooses Tracy. Dennis urges,3,Alexa
Max welcomes Lydia. Laura denies William. Kay meets Sue. Alice shares Shirley. Jordan challenges Paula. Kate consoles Rob. Keith feels Violet. Jean explains Marc. Sam offers Victoria. Rick serves Zach. Megan reads Ralph. Lucy makes Stan. Jane blocks Julian. Steven bothers Martha. Alex needs Vincent. Josh inspires Jean. Kay meets,3,Sue
George leads Sue.  Ellen grabs Margaret. Will feels Vanessa. Diana fears Zach. Charles attacks Neil. Keith judges Phil. Daniel denies Nicole. Ryan burns Norman. Bill asks Noah. Dean writes Nathan.  Rad allows Melissa. Jenny wakes Joan. Liz awards Isaac. Kelly fights Stan. Frank serves Renee. Margaret sees Peggy. Will feels,3,Vanessa
Kathy grabs Terry. Justin buys Juan. Ben denies Howard. Kay sees Sue. Alex writes Rebecca. Henry wants Ron. Rick faces Ralph. Lauren visits Lauren. Sarah captures Teresa. Steve teaches Sally. Tom burns Joseph. Liz urges Tyler.  Rad knows Joan. James holds Phil. Max answers Richard. Ryan offers Noah. Ben denies,3,Howard
Laura praises Kay. Greg thanks June. Paul offers Amber. Emma boosts Philip. John knows Roy. Jenny serves Amelia. Marie helps Olga. Frank loves Ronald. Ben fears Julian. Kathy backs Rita. Kevin leaves Adrian. Emily accepts Jacob. Josh teaches Zach. Lucy blocks Kathy. Helen grabs Joan. Dave saves Travis. Paul offers,3,Amber
Leon alerts Ray. Martin keeps Lydia. Jean comforts Victor. Frank defeats Martin. Luke welcomes Roger. Adam checks Ron. Jake draws Ken. Sarah warns Teresa. Pat builds Logan. Kurt cooks Janet. Grace urges Wayne. Howard captures Victoria. Nick calls Albert. Jordan knows Philip. David faces Jordan. Jill leaves Adrian. Jean comforts,3,Victor
Jean pays Jerry. Fred leaves Russell. Hannah joins Walter. Ken grabs Liz. Max gives Judy. Kate takes Tyler. Katie challenges Victor. Emma fights Stan.  Ellen hugs Irene. Anna leads Lydia. Kelly captures Vanessa. Joy misses Aiden. John loves Justin. Lily writes Sean. Linda insists Louis. Ruth demands Andrea. Hannah joins,3,Walter
Jack buys Kelly. Nick accepts Natalie. Tom commands Alexa. Helen risks Justin. Mary allows Tracy. Leo grabs Sean. Maria awards Adrian. Arthur demands Pamela. Joseph thanks Michael. Amy accompanies Violet. Tim explains Roger. Emily cleans Rebecca. Lily checks Wanda. Louis chooses Shawn. George prohibits Julian. Brian challenges Shirley. Tom commands,3,Alexa
Matt leaves Pam.  Ellen praises Amber. Ruth moves Patrick. Kay prohibits Michael. Fred teaches Joan. Alice approaches Stephen. Mike reads Ted. Jake consoles Stephanie. Thomas writes Ralph. Rick insists Melissa. Claire helps Adrian. Joseph accompanies Ashley. Scott wakes Judy. Keith affects Maggie. Carl gives Noah. Jane guides Howard. Ruth moves,3,Patrick
Dennis drives Michelle. Mark cooks Richard. Bob keeps Angela. Greg follows Marie. Louis makes Vincent. George assists Jerry. Aaron treats Wanda. Leo challenges Johnny. Andrew seeks Logan. Frank invites Martin. Robert affects Stan. Thomas calls Jordan. Joseph leads Peggy. Keith grabs Joan. Julia answers Victor. Mary welcomes Vanessa. Bob keeps,3,Angela
Jordan calls Michelle. Lauren approaches Louis. Daniel follows Logan. Eric keeps Nicholas. Amy respects Melissa. Luke hides Kara. Kevin catches Tyler. Marie hugs Wanda. Carl inspires Olga. Jean attracts Peggy. Aaron praises Albert. Justin stops Joseph. Nick urges Joy. Arthur checks Isaac. Susan avoids Amber. Edward leads Ruby. Daniel follows,3,Logan
Bill urges Wanda. Thomas respects Renee. Jason accepts Ronald. Rick commands Melanie. Jenny stops Isaac. Austin needs Leon. Katie takes Teresa. Jane helps Andrea. Jeff makes Martin. Donna seeks Kyle. Mary feeds Leo. Claire grabs Sally. Hannah comforts Victor. Alex alerts Maggie. Julia chooses Patrick. Kathy sees Lauren. Jason accepts,3,Ronald
Maria joins Vanessa. Rose grabs Troy. Margaret drives Adrian. Steven cheers Martha.  Rad heals Kay. Eric fears Jill. Justin defeats Ronald. Grace approves Jordan. Linda faces Marc. Melissa knows Renee. Jane commands Sally. Michael tells Judy. Adam cares Rita. Bill asks Patrick. Kurt feels Logan. Jenny catches Margaret. Margaret drives,3,Adrian
Harry challenges Sheila. Kate stays Leon. Lauren fixes Kathy. Faith guards Jerry. Melissa alerts Melissa. Lucy loves Juan. Will inspires Leah. Greg changes Violet. Joy chooses Martin. Mary accepts William. Jean awards Natalie. Ken questions Victoria. John closes Jill. Anne permits Sylvia. Kim insists Stephen. Thomas challenges Norman. Lauren fixes,3,Kathy
Ben approves Martha. Carol heals Ronald. Emma trusts Terry. Jane risks Kim. Kay shares Neil. Louis lifts Isaac. Robert offers Renee. Keith alerts Janet. Joe keeps Stephen. Josh permits Noah. Dennis changes Adrian. Maggie holds Pamela. Ken praises April. Kathy fixes Liz. Jeff boosts Isabel. Nick brings Alison. Emma trusts,3,Terry
Joy prohibits Melissa. Greg saves Jill. Kathy captures Pamela. Mary fears Roy. Kelly guards Liz. Edward urges Julian. Steve grabs Rebecca. Frank leaves Roger. Max challenges Andrea. Johnny pays Noah. Adam changes Alicia. Rose wants Natalie. George writes Angela. Aaron denies Joy. Emily sees Juan. Ryan holds Martha. Kathy captures,3,Pamela
Kathy praises June. Marc closes Neil. Laura wants Ted. Jenny opens Violet. Mark allows Jacob. Rick seeks Johnny. Adam defeats Sharon. Leo calls Nancy. Edward hates Sylvia. Megan awards Jordan. Helen lifts Richard. Martin keeps Kelly. Kyle warns Jill. Rose chooses Shirley. Dean stays Kay. Kim attacks Sean. Laura wants,3,Ted
Alex approves Alexa. Tom parks Joan. Marie trains Violet. Thomas accompanies Kara. Keith treats Nicholas. Dennis sees Rachel. Adam trusts Sheila. Brian challenges Louis. Mike commands Lauren. Will denies Wayne. Lauren grows Martha. Diana grabs Alicia. Maria brings Valerie. Rose faces Shirley. Austin feeds Melanie. Jerry writes Sara. Marie trains,3,Violet
Anne chooses Anthony. Kate fixes Maggie. Martin cares Kirk. Jane needs Victoria. Alan affects Kim. Jenny welcomes Martha. Daniel lifts Kay. Grace alerts Sue. Hope approves Oscar. Keith urges Leah. Kelly treats Ronald. Jeff builds Martin. Emily moves Noah. Edward drives Margaret. Joy hires Isaac. Kathy writes Ralph. Martin cares,3,Kirk
Kyle sees Kurt. Blake leads Teresa. Ken teaches Roy. Hannah changes Albert. Bob supports Stephen. Mike calls Howard. Megan alerts Nicole. Marie heals Kay. Johnny hugs Justin. Anne opens Nancy. Juan scores Jerry. Austin loves Kyle. Donna needs Melanie. Jerry visits Richard. Kay finds Leah. Tim affects Vincent. Ken teaches,3,Roy
Charles checks Nicole. Ryan texts Sally. Kevin rewards Walter. Jason likes Stephanie. Keith shows Shawn. Thomas misses Kara. Linda writes Zach. Justin needs Liam. Melissa allows Keith. Scott grows Wayne. Donna risks Lydia. Margaret proposes Joseph. Mike warns Roger. Amy challenges Sheila. Josh urges Victoria. Hope lifts Teresa. Kevin rewards,3,Walter
Daniel reads Terry. Charles accompanies Stephanie. Aaron takes Natalie. Max reminds Nicholas. Jack avoids Rebecca. Linda seeks Nancy. Mary hides Tyler. Katie grabs Zach. Edward drives Vanessa. Rick commands Lori. Craig alerts Philip. Robert advises Shirley. Ken checks Monica. Kim holds Rita. Mike boosts Stan.  Ellen lifts Travis. Aaron takes,3,Natalie
Kevin lifts Michelle. Liz burns Peggy. Pat grows Noah. Leon visits Martha. Craig misses Aiden. Joe comforts Alicia. Eric follows Marc. John leads Valerie. Laura cooks Rachel. Jason supports Joseph. Bill backs Wayne. Kelly serves Lauren. Hannah treats Nancy. Dennis faces Logan. George heals Victor. Diana buys William. Pat grows,3,Noah
Craig reads Natalie. Grace leaves Roger. June closes Ted. Johnny texts Kelly. Ruth moves Ken. Dave awards Margaret. Lauren visits Jenny. Tony warns Judy. Martin asks Shawn. Kathy explains Alicia. Karen rewards Alison. Jerry blocks Lauren. Will shares Vincent. Gary gives Victoria. Charles challenges Shirley. Lily loves Renee. June closes,3,Ted
Peter guards Robin. Rick comforts Kirk. Gary prohibits Aiden. Maria teaches Jacob. Joseph delivers Wanda. Henry rewards Logan. Leon checks Kathy. Dennis demands Ralph. Marie proposes Terry. Kurt warns Alexa. Melissa captures Jerry. Eric accompanies Ken. Jordan avoids Albert. Fred alerts Leo. Max closes Rebecca. Lily seeks Ted. Gary prohibits,3,Aiden
Tony accompanies Sylvia. Kim trusts Jean. Lisa sees Margaret. George texts Ken. Charles shows Alison. Mark assists Ronald. Gary treats Kim. Joseph tells Martha. June bothers Rebecca. Emily sends Kathy. Daniel consoles William. Jerry cheers Jacob. Helen avoids Zach. Scott wakes Nancy. Emma joins Roger. Andrew rewards Travis. Lisa sees,3,Margaret
Jeff attacks Leon. Dave consoles Irene. Henry asks Kirk. Kay takes Jean. Emily wants Louis. Matt comforts Peggy. Jack bothers Kim. Johnny guards Maggie. Tony defeats Amber. Grace questions Paula. Charles joins Joy. Anna makes Pam. Marc knows Sally. Jane checks Janet. Pat likes Leah. Scott hates Philip. Henry asks,3,Kirk
Kim challenges Louis. Kyle assists Kathy. Kevin opens Nathan. Joy grows Neil. Louis saves Phil. Bob visits Tyler. Brian chooses Kyle. Harry needs Ken. Josh calls Ian. Marie checks Sally. Juan parks Juan. Karen texts Violet. David blocks Shawn. Margaret grabs Michael. Gary respects Olga. Nick asks Janet. Kevin opens,3,Nathan
Adam sends Monica. Ben wakes Kurt. Frank draws Ruby. Jenny cooks Paula. Andrew texts Marc. Daniel accompanies Shirley. George inspires Isaac. Katie respects Norman. Mary grabs Amelia. Marie claims Sylvia. Kim explains Alicia. Matt offers Leah. Maggie cheers Marie. Johnny supports Sue. Josh feeds Michelle. Tom serves Margaret. Frank draws,3,Ruby
Carol scores Amber.  Rad adopts Kelly. Tim lifts Monica. Leo challenges Ron. Dean chooses Leo. Linda keeps Kirk. Pat trains Richard. Arthur cleans Sylvia. Michael closes Sharon. Claire holds Jill. Marc risks Peggy. Rick hates Melanie. Mary finds Shirley. Katie moves Judy. Henry protects Ted. George faces Marie. Tim lifts,3,Monica
Keith fights Victoria. Laura takes Lori. Kathy thanks Shawn. Jacob keeps Andrea. Jordan attacks Alexa. Josh hates Vincent. Arthur wakes Sharon. Hannah burns Sara. Linda buys Ronald. Ken helps Russell. Juan demands Pamela. Steven rewards Logan. Karen visits Oscar. Dave proposes Sally. Carl comforts Roger. George catches Neil. Kathy thanks,3,Shawn
Faith supports Rob. Alice hides Ray. Bill makes Todd. Thomas approves Vincent. Jerry grabs Monica. Ben stays Adrian. Jenny moves June. Helen praises Ian.  Rad consoles Logan. Linda demands Lydia. Claire risks Richard. Luke drives Tracy. David awards Joan. Juan saves Rachel. Tim likes Peggy. Jack heals Sheila. Bill makes,3,Todd
Lucy praises Violet. Eric cleans Monica. Edward heals Terry.  Ellen meets Zach. Michael catches Vincent. Diana denies Liam. Carol buys Lydia. Joe finds Ian. Liz accompanies Logan. Jacob treats Stephen. Jason commands Ron. Linda judges Jerry. John trusts Roy. Carl keeps Sandra. Jake misses Janet. Faith accepts Aiden. Edward heals,3,Terry
Sarah advises Irene. Diana denies Kara. Kim buys Leo. Susan burns Rebecca. Daniel hugs Natalie. Juan awards Liz. Michael avoids Alison. Austin demands Lauren. Harry parks Nicholas. Jordan approves Lydia. Jerry calls Tracy. Faith closes Keith. Charles attacks Sylvia. Thomas faces Robin. Emma heals Jenny. Claire grabs Kathy. Kim buys,3,Leo
Margaret guards April. Thomas stays Sue. Tim catches Roy. Aaron loves Leon. Jeff leads Russell. Robert scores Jordan. Amy fights Justin. Jerry challenges Liz. Craig knows Alison. Grace affects Sean. Greg permits Anthony. Donna guides Kurt. Alice hears Kyle. Julia grows Wanda. Tom bothers Leo. Megan awards Kelly. Aaron loves,4,Leon
Nick consoles Nancy. Paul needs Joseph. Kay catches Leon. Lauren attracts Jacob. Arthur finds Roger. David hugs Louis. Margaret faces Victoria. Grace opens Michelle. Jill rewards Stan.  Rad drives Todd. Eric sends Natalie. Hannah captures Ruby. Jenny keeps Marc. Justin pays Joy. Melissa feeds Vanessa. Maria supports Amber. Lauren attracts,4,Jacob
Bob adopts Martin. Tim hires Shirley. Craig chooses Kara. Daniel closes Sean. Tony visits Ted. Jordan answers Rachel. Linda leaves Roy. James praises Melanie. Paul reads Amber. Thomas cares Sally. Jeff demands Marie. Mark explains Tyler. Steven cooks Irene. Harry gives Noah. Joseph heals Andrea. Emma draws Isaac. Daniel closes,4,Sean
Brian holds Pamela. Johnny claims Michael. John chooses Howard. Tim misses Ray. Jane lifts Stephen. Anne joins Kelly. Faith rewards Keith. Mike wants Ron. Gary changes William. Karen accompanies Janet. Maria wakes Melissa. Mark prohibits Melanie. Leo tells Sylvia. Joy cares Irene. Megan gives Jill. Ruth loves April. Tim misses,4,Ray
Julia moves Phil. Marc challenges Leon. Ruth shows Stan. Howard asks Jill. Diana commands Ray. Eric calls Alexa. Thomas joins Roger. Leo scores Michelle. Jason captures Rob. Anne needs Amber. Margaret respects Melanie. Edward guards Norman. Lucy changes Tyler. Greg pays Tracy. Jill warns Lydia. Matt feels Zach. Howard asks,4,Jill
Hannah comforts Isaac. Tim approaches Kim. Charles cooks Nancy. Jane tells Sylvia. Maggie accompanies Rob. Pat consoles Alexa. Jack boosts Walter. Jenny defeats Tracy. Carol lifts April. Ben attacks Ian. Juan hugs William. Bill rewards Michael. Claire captures Richard. Arthur delivers Zach. Carl shares Liz. Tony misses Angela. Jane tells,4,Sylvia
Kurt teaches Kyle. Tim treats Ruby. Bob warns Rachel. Michael fears Kelly. Gary gives Ron. Tony holds Olga. Joe attracts Vincent. Will joins Rita. Ian sees April. Jerry wants Michael. Dean approaches Terry. Pat rewards Ronald. Lisa inspires Maggie. John defeats Stephanie. Susan risks Joan. Robert faces Ken. Michael fears,4,Kelly
Keith builds Judy. Lucy takes Michelle. Kate attracts Howard. Carl welcomes Kathy.  Ellen rewards Ken. Ruth holds Victoria. Henry chooses Marie. Susan stops Lydia. Kurt grows Sally. Greg bothers Michael. Edward loves Ruby. David wakes Violet. Will sends Leo. Hope inspires Andrea. Claire stays Stephen. Marc wants Pamela. Carl welcomes,4,Kathy
Juan texts Joseph. Andrew denies Richard. Jenny scores Rob. Robert welcomes Stan. Bob wants Liam. Greg knows Ray. Melissa accepts Nicole. Lily risks Amelia. Mary gives Jacob. Adam fears Kurt. Jake alerts Ted. Dave parks Violet. Tony pays Leon. Johnny prohibits Stephen. Kevin catches Louis. Helen affects Pamela. Robert welcomes,4,Stan
Peter seeks Melissa. June captures Norman. Karen trusts Todd. Jean blocks Isabel. Aaron holds Troy. Adam invites Victoria. Gary demands Michael. Mary closes Tyler. Laura fights Albert. Kevin attracts Maggie. Kurt urges Philip. Daniel protects Shawn. Ruth backs Liz. Diana finds Pamela. Jacob reads Walter. Greg challenges Shirley. Jean blocks,4,Isabel
Lauren accompanies Robin. Leon attacks Liam. Mike loves Troy. Blake awards Vanessa. Pat praises Stephen. Greg grows Alexa. Nick invites Olga. Megan feels Pam. Grace approaches Peggy. Faith thanks Walter. Linda chooses Monica. Sam burns Andrea.  Rad teaches Stan. Jill defeats Isaac. Donna comforts Ralph. Lily explains Leah. Blake awards,4,Vanessa
Marc leaves Leo. Lauren stops Vincent. Arthur explains Nicole. Linda welcomes Leon. Luke closes Olga. Jerry wants Kathy. Joseph saves Amber. Kathy captures Russell. Jean cares Melanie. Dennis advises Logan. Susan makes Lauren. Kurt defeats Justin. Frank praises Leah. Kevin guides Rob. Rose prohibits Joan. Melissa comforts Jill. Linda welcomes,4,Leon
George explains Ken. Joseph guides Jenny. Edward wakes Monica.  Rad accompanies Rachel. Mike closes Liz. Louis challenges Pam. Karen lifts Marc. Leon calls Michelle. Katie faces Janet. Melissa boosts Kelly. James teaches Martha. Lauren opens Justin. John commands Nicole. Kay demands Amber. Josh advises Joan. Ian saves Sheila. Rad accompanies,4,Rachel
Rose closes Sara. Kevin shares Isaac. Jack attacks Rebecca. Anne claims Leah. Tom gives Kyle. Faith leads Melanie. Brian thanks Stan. Robert trusts Margaret. Susan sees Joan. Alice fights Aiden. Mike visits Adrian. Jeff respects Pamela.  Ellen alerts Liz. Liz meets Jill. Julia takes Kara. Austin comforts Roy. Anne claims,4,Leah
Julia brings Melanie. Ruth makes Judy. George guides Marc. Greg sends Jill. Steven comforts Walter. Kim approves Janet. Leon answers Howard. Jean inspires Ralph. Mary changes Joseph. Robert avoids Amelia. Melissa respects Johnny. Bill attacks Ruby. Steve boosts Jean. Anna joins Kara. Austin writes Leon. Frank teaches Sandra. Greg sends,4,Jill
Will brings Albert. Susan moves Stan. Tony helps Valerie. Hope fears Roger. Melissa shows Nancy. Juan boosts Aiden. Brian needs Ted. Chris attracts Phil. Kurt meets Joy. Howard burns Sandra. David draws Stephanie. Henry cooks Marie. Kelly blocks Jerry.  Ellen wants Andrea. Lisa approves Alicia. Lily protects Tyler. Hope fears,4,Roger
Kurt feeds Julian. Ken faces Judy. Daniel accepts Richard. Sarah meets Leo. Ryan misses Joseph. Tom makes Ronald. Jacob calls Johnny. Will avoids Joan. Lisa asks Jacob. Kevin explains June. Jake moves Maggie. Joe closes Olga. Aaron accompanies Russell. Marie reads Louis. Julia advises Ray. Dennis grows Keith. Sarah meets,4,Leo
Greg insists Oscar. Craig allows Nancy. David welcomes Nicholas. Joy adopts Vincent. Chris pays Olga. Donna hires Rita. Emily accepts Kirk. Diana leads Jordan. Jill reminds Andrea. Katie offers Judy. Dean opens Leo. Kate questions Leon. Lisa misses Patrick. Ken cares Todd. Hannah visits Ron. Edward demands Sheila. Joy adopts,4,Vincent
Megan rewards Natalie. Laura hires Jean. John likes Neil. Fred adopts Jerry. Kathy reminds Sara. Pat feeds Zach. Robert drives Sandra. Sarah avoids Kay. David grabs Johnny. George approves Janet. Amy pays Roger. Brian cooks Ron. Jacob knows Richard. Harry cares Paula. Rose serves Robin. Kay questions Anthony. Fred adopts,4,Jerry
Mike hides Stephen. Jill invites Tracy. Hope hugs Kay. Steve asks Isabel. Harry commands Norman. Carol affects Sean. Jordan feels Martha. Henry likes Kathy. Lily respects Marie. Paul accepts Alicia. Susan saves June.  Rad praises Melanie. Scott denies Juan. Louis grows Ken. Alan gives Leo. Leo hears Jordan. Steve asks,4,Isabel
Karen drives Zach. Kathy calls Roger. Lisa comforts Kara. Lauren misses Nicholas. Maggie affects Aiden. Grace delivers William. Justin accepts Philip. Alan teaches Angela. Kay moves Leah. Anna buys Irene. Diana rewards Jerry. Ian lifts Peggy. Anne checks Stephanie. Howard consoles Andrea. Juan helps Isabel. Craig hugs Nicole. Lauren misses,4,Nicholas
Leo avoids Travis. Frank backs Wayne. Alan saves Alexa. Julia teaches Leon. Eric keeps Walter. Joy trusts Kay. Jason closes Alison. Maggie explains Kirk. Jeff offers Alicia. Marie affects Liam. Chris risks Neil. Henry takes Noah. Jenny accompanies Andrea. Linda commands April. Arthur respects Richard. Aaron shares Sean. Julia teaches,4,Leon
Lily boosts Amelia. Leo cares Kay. Jeff approaches Norman. Melissa cleans Patrick. Charles visits Leah.  Rad inspires Isabel. Mary challenges Ashley. Thomas sees Melissa. Anna permits Troy. Max defeats Jean.  Ellen wants Sylvia. Carl saves Lauren. Adam grabs Sheila. Diana buys Joy. Aaron texts Liz. Margaret keeps Jill. Melissa cleans,4,Patrick
Alice fixes Olga. Kate pays Jenny. Grace advises Melanie. Andrew reminds Kara. Bob proposes Joseph. Fred shows Norman. Martin fears William. Carl adopts Pamela. Susan treats Sara. Alan checks Noah. Margaret hates Isabel. Amy avoids Rob. Howard defeats Jean. Faith denies Martha. Daniel leads Kay. Marie thanks Tyler. Andrew reminds,4,Kara
Nick approaches Nancy. Harry fears Michelle. Julia visits Ian. Kay judges Louis. Tom claims Joy. Will meets Kelly. Lauren backs Kay. Robert opens Rob. Laura feels Pam. Arthur asks Joan. Jordan hates Russell. Sarah invites Stephen. Austin grows Lori. Carol wants Peggy. Rose sees Jenny. Anne tells Joseph. Kay judges,4,Louis
Joe misses Amelia. James writes Walter. Justin stops Ron. Joseph pays Stephanie. Maria hires Isaac. Henry trains Philip. Daniel judges Sandra. June makes Sylvia. Grace chooses Lori. Jake needs Kay. Bill questions Kara. Rose gives William. Marie fights Jerry. Blake treats Victor. Lily bothers Joan. Hope accompanies Victoria. Joseph pays,4,Stephanie
Jane visits Janet. Laura takes Todd. Luke challenges Kelly. Martin joins Jordan. Jack questions Walter. Mary burns Leah. Andrew hides Kurt. Alan cooks Robin. Justin advises Stephanie. Bob backs Nancy. Sam saves Phil. Carol catches Jean. Jake treats Ken. Emily attacks Liz. Grace checks Patrick. Blake demands Lori. Martin joins,4,Jordan
Howard trains Kyle. Kevin supports Joy. Melissa shows Justin. Dave permits Ian. Megan allows Janet. Jake cleans Margaret. Greg keeps Stephanie. Carl visits Leah. Jacob saves Valerie. Scott denies Johnny. Leon meets Renee. Luke delivers Kurt. Harry assists Jean. Daniel hides Jerry. Henry parks William. June advises Kim. Dave permits,4,Ian
Ellen welcomes Victor. Thomas advises Wayne. Kathy seeks Albert. Sarah cooks Anthony. John trusts Alexa. Bob brings Valerie. James holds Rebecca. Louis burns Amber. Brian defeats Janet. Tom bothers Jenny. Joseph teaches Martin. Claire cleans Sally. Kelly leaves William. Alice guards Leah. Kate comforts Shawn. Alan risks Howard. Sarah cooks,4,Anthony
Daniel prohibits Lauren. Rose helps Philip. Mark wakes Juan. Sam cares Noah. Tom praises Kirk. Melissa judges Todd. Sarah heals Nicole. Lauren attracts Sharon. Alan challenges June. Gary tells Sylvia. Scott alerts Martha. Louis respects Kelly. Anne allows Violet. Chris visits Rita. Michael cleans Travis. Fred moves Jill. Sam cares,4,Noah
Brian writes Tracy. Daniel texts Michelle. Charles invites Troy. Adam affects Andrea. Marc shows Paula. Alice warns Teresa. Bill follows Juan. Carol approves Sharon. Frank fights Peggy. Ruth moves Kim. Kate challenges Alison. Leon brings Monica. Nick bothers Justin. Harry cleans Richard. Gary visits Sylvia. Liz insists Noah. Adam affects,4,Andrea
Liz respects Wanda. Katie chooses Jacob. Paul demands Shawn. Eric warns Rebecca. Jordan likes Ronald. Rose judges Alicia. James cleans Sandra. Matt wakes Louis. Josh opens Stephanie. Dave bothers Natalie. Justin assists Johnny. Kay fights Martha. Jacob buys Michelle. Emma welcomes Walter. June holds Juan. Ian attacks Terry. Eric warns,4,Rebecca
Luke attracts Nicole. Alex stops Marc.  Rad commands Ray. Jill approaches Rita. Jean loves Sue. Sarah challenges Robin. Joseph fights Sylvia. Fred seeks Julian. Hope demands Leon. Ian hates Keith. Lisa risks Ashley. Aaron drives Alicia. Karen heals Logan. Linda awards Nancy. Maria takes Judy. Rose trains Lauren. Jill approaches,4,Rita
Lily builds Julian. Jenny adopts Johnny. Jerry warns Kara. Louis trains Keith. Jacob affects Wanda. Keith lifts Sheila. Dennis checks Amelia. James rewards Richard. Laura feeds Adrian. Anne cooks Michelle. Emma teaches Vincent. Michael stops Sally. David welcomes Phil. Joe hears Janet. Ken fears Travis. Dave asks Zach. Louis trains,4,Keith
Anne cheers Terry. Lauren hears Irene. Tony attacks Rita. Paul scores Johnny. Sarah blocks Angela. Carol feeds Kathy. Louis guards Judy. Katie pays Lauren. Helen faces Liz. Juan changes Natalie. Ben catches Stephanie. Lucy helps Amelia. Arthur attracts Pamela. Ruth seeks Renee. Martin alerts Anthony. Hannah keeps Albert. Paul scores,4,Johnny
Ben accepts Juan. Dave closes Kara. Jill hates Jerry. Kathy feeds Wayne. Blake consoles Howard. Bill chooses Sandra. Fred adopts Troy. Joseph attacks Kurt. John boosts Jordan. Bob stops Noah. Arthur wants Martha. Jane respects Jenny. Justin wakes Joseph. Frank drives Norman. Donna affects Kelly. Mike backs Isabel. Kathy feeds,4,Wayne
Dave trains Travis. Ruth sends Kay. Tim alerts Troy. Gary changes Noah. Adam boosts Jordan. Rick awards Oscar. Matt parks Shawn. Lily calls Peggy. Helen guards Wanda. Hope attracts Jill. Arthur blocks Stan. Leon catches Alexa. Paul grabs Terry. Thomas stays Nicole. Jason fights Justin. Dean treats April. Gary changes,4,Noah
Jake brings Kyle. Mark denies Patrick. Leo boosts Louis. Jenny burns Logan. Paul answers Liam. Grace follows Tracy. Louis allows Nathan. Diana judges Leah. Sarah joins Travis. Charles attacks William. Jacob finds Joy. Maggie prohibits Vincent. Katie reminds Noah. Jason proposes Victor. Gary misses Shawn. Kim scores Jerry. Jenny burns,4,Logan
Jean guides Leah. Tom cheers Leo. John demands Renee. Thomas knows Pam. Leon burns Shirley. Steve inspires Melanie. Scott claims Maggie. Sam parks Peggy. Jason comforts Valerie. Maria blocks Leon. Austin leads Stephen. Rose delivers Sue. Tim feeds Lydia. Juan hears Jean. Craig trusts Kyle. Carl fights Ted. Thomas knows,4,Pam
Hannah prohibits Julian. Sarah treats Joseph. Laura challenges Ruby. Helen heals Andrea. Claire claims Nathan. Kathy misses Tracy. Joy welcomes Ian. Keith defeats Jacob. Kyle demands Irene. Edward offers Michelle. Donna hugs June. Sam trusts Sylvia. Lily chooses Violet. Justin bothers Nicholas. Arthur loves Norman. Leon writes Angela. Helen heals,4,Andrea
Jenny shares Sandra. Dean comforts Liz. Alex bothers Ray. Marie challenges Pam. Louis asks Ron. Tom challenges Marie. Katie attacks Leo. Steven denies Maggie. Maria leaves Ian. Joe seeks Michelle. Frank boosts Tyler. Kim offers Rob. Henry wants Amelia. Leon judges Nathan. Ben hires Ronald. Mary permits Teresa. Marie challenges,4,Pam
Kyle grabs Olga. Jake builds Jordan. Faith praises Rachel. Harry advises Patrick. Joe sends Shirley. Lucy treats Roy. Alan bothers Philip. Alice calls Lori. Margaret comforts Jill. Liz helps Vincent.  Rad denies Neil. Craig writes Renee. Marie leads Juan. Julia allows Tracy. Marc hides Robin. Juan teaches Norman. Harry advises,4,Patrick
Jack saves Peggy. Helen faces Patrick. David praises Violet. Bob answers Stan. Mark lifts Logan. Amy fixes June. Jerry closes Pamela. Harry misses Pam. Steve draws Jean. Jason seeks Kim. Jenny knows Leo. Faith supports Kyle. Howard hires Ian. Anna wants Tyler. Donna hides Jill. Steven checks Victoria. Bob answers,4,Stan
Maggie leaves Stephen. Alex claims Melanie. Donna permits Aiden. Faith wants Sheila. Peter cooks Judy. Joe stops Lydia. Craig loves Kim. Pat accompanies Wanda. Josh advises Ray. Joy calls Sandra. John misses Kelly. Daniel captures Kyle. June visits Troy. Carol offers Adrian. Helen awards Sharon. Michael insists Monica. Faith wants,4,Sheila
Katie asks Jacob. Harry fixes Roy. Anne draws Kurt. George permits Shawn. Will cheers Sandra. Anna inspires Michelle. Edward cares Lori. Aaron heals Kara. Rick demands Vanessa. Peter opens Zach. Keith visits Walter. Jenny misses Howard. Ken hires Rachel. Maggie loves Teresa. Lauren commands Rita. Rose stays Joseph. George permits,4,Shawn
Karen boosts Logan. Jenny delivers Norman. Margaret buys Roy. Carol blocks Sandra. Matt prohibits Shirley. Mark hires Joy. Dean accompanies Lydia. Frank keeps Kurt. Diana commands Leon. Kelly sees Victor. Thomas answers Richard. Peter holds Louis.  Ellen trusts Rebecca. Mike burns Rob. Alice offers Kay. Donna demands Peggy. Carol blocks,4,Sandra
Jane changes Walter. Joe comforts Sharon. Sarah follows Maggie. Tom cleans Ken. Lily bothers Andrea. Pat risks Sara. Helen needs Rob. Mary feeds Zach. Fred asks Sally. Kevin permits Wanda. Ian chooses Neil. Justin accepts Victoria. Brian demands Liam. Mike builds Sue. Ruth guides Natalie. Grace helps Lydia. Tom cleans,4,Ken
Louis closes Troy. Maria shows Travis. Dave serves Liz. Helen hugs Martha. Marc respects Marc. Jacob sees Tyler. Michael urges Johnny. Mary assists Renee. Keith fights Isaac.  Ellen cooks Natalie. Kim builds Kyle. Leo advises Robin. Karen heals Margaret. Megan scores Kurt. Sarah faces Logan. Adam hides Melanie. Helen hugs,4,Martha
Julia saves Victor. George serves Albert. Lauren grabs Nicole. Kim seeks Zach. Alan affects Michelle.  Ellen allows Leon. Amy adopts Kirk. Lucy pays Michael. Kate needs Teresa. Susan catches Rob. Gary writes Vincent. Melissa rewards Martha. Edward hires Roy. Hannah trains Roger. Kay cleans Phil. June permits Ron. Kim seeks,4,Zach
Melissa misses Amber. Hannah cares Kirk. Tim leaves Stephen. Thomas opens Jenny. Faith warns Amelia. Diana knows Andrea. Tom insists Jerry. Julia bothers Terry. Kate takes Rachel. Justin needs Sandra. Alice guards Janet. Frank approves Sharon. Steve advises Maggie. Jill respects Ashley. James thanks Joy. Keith comforts Pamela. Thomas opens,4,Jenny
Emily pays Ashley. Melissa boosts Lydia. Maria comforts Kim. Juan demands Phil. Kelly stops Alison. Dennis drives Marc. Kyle warns Jean. Lucy explains Wayne. Rose cleans Sean. Katie reads Louis. James builds Maggie. Bill rewards Walter. Sam protects Joy. George proposes Victor. Ben grabs Sylvia. Paul consoles Liz. Kelly stops,5,Alison
Edward advises Melissa. Chris sees Nicole. Leon follows Troy. Marie respects Howard. June draws Renee. Ian urges Logan. Ben hates Aiden. Lily feels Martha. Claire writes Travis. Sam treats Norman. Emma guides Olga. Tom guards Nathan.  Ellen faces Sandra. Howard praises Rob. Donna thanks Victoria. Johnny joins Alicia. June draws,5,Renee
Dennis tells Nicole. Johnny misses Stan. Carl respects Jenny. Blake hides Teresa. Kate teaches Melanie. Marie attacks Richard. Hannah texts Amber. Grace trusts Troy. Greg prohibits Rob. Marc proposes Aiden. Lauren chooses Joan. Maria accepts Andrea. George insists Kim. Rick loves Kyle. Linda offers Rachel. James delivers Joy. Kate teaches,5,Melanie
Kate pays Lori. Emma invites Violet. Amy delivers Maggie. Rose attacks Sandra. Charles backs Joan. Hope stays Aiden. Lily builds Leah. Tom lifts Julian. Blake saves Sylvia. Emily accepts Michael. Maria denies William. Melissa approves Liam. Kurt helps Joseph. Austin fixes Melanie. Sam allows Troy.  Ellen awards Michelle. Charles backs,5,Joan
Charles urges Nathan. Joseph comforts Martha.  Ellen teaches Rebecca. Steven denies Shirley. Howard blocks Melissa. Lauren fears Martin. Jordan approaches Ruby. Dean serves Logan. Blake awards Tracy. Paul faces Jerry. Brian defeats Stan. Amy prohibits Alison. Marc bothers Rob. Ken comforts Ted. Thomas guards Paula. Kate claims Philip. Howard blocks,5,Melissa
Mary writes Stephanie. Karen buys Leah. Kurt makes Melanie. Carl needs Marie. Diana supports Keith. Steven protects Kathy. Henry cleans April. Kevin invites Todd. Jordan warns Ken. Jacob guards Anthony. Faith trains Wanda. Megan draws Sharon. Blake insists Renee. Rose allows Ron. Sarah wakes Albert. Johnny hires Irene. Diana supports,5,Keith
Maria holds Janet. Keith shows Jenny. George cheers Ruby. Kelly wakes Walter. Sam burns Stephanie. Alex follows Monica. James chooses Marie. Joy claims Angela. Sarah hugs Pamela. Louis shares Peggy. Edward inspires Shawn. Megan checks Travis. Marc protects Lydia. Jerry moves Olga. Aaron changes Natalie. Carol treats Lori. Sam burns,5,Stephanie
Greg explains Ralph. Paul feeds Wanda. Daniel allows Lauren. Henry likes Noah. Emily brings Margaret. Dave stays Joy.  Rad opens Julian. Edward wants Isabel. Megan proposes Ken. Bob takes Kay. Johnny trusts Vanessa. Grace seeks Roger. Alan faces Pam. Howard comforts Juan. Will meets Johnny. Mary scores Stephen. Emily brings,5,Margaret
Gary claims Peggy. Maggie catches June. Pat wakes Vincent.  Rad drives Nancy. Kim burns Sharon. Blake stays Tracy. Thomas questions Janet. Helen thanks Shirley. David fights Melissa. Nick joins Juan. Jordan awards Terry. Emma checks Marie. Andrew bothers Justin. John asks Ruby. Laura teaches Marc. Diana offers Ron. Kim burns,5,Sharon
Tony heals Howard. Leo commands Nicole. Mark burns Kathy. Lisa grabs Rob. Fred checks Victoria. Kyle feeds Anthony. Martin trains Wayne. Eric scores Phil. Jason builds Kim. Carol assists Joan. Rick parks Tyler. Claire draws Noah. Thomas fears Stan. Jeff reminds Nancy. Jean hides Liz. Linda likes Justin. Fred checks,5,Victoria
Lucy awards Sara. Eric serves Victor. Bill challenges Michelle. Jason brings Joan. Susan checks Alison. Katie grows Vanessa. Harry makes Natalie. Aaron urges Paula. Jane attracts Liz. Lisa misses Kirk. Robert shows Amelia. Austin warns Andrea. Laura reads Isaac. Kevin hears Sylvia. Dave bothers Ralph. Bob chooses Ashley. Susan checks,5,Alison
Greg delivers Richard. Alex moves Jill. Jacob pays Tracy. Max visits Lauren. Fred permits Isabel. Louis allows Russell. Julia catches Noah. Maria calls Lori. Alice shows Ted. Ben feels Phil. Maggie alerts Ruby. Margaret boosts Lydia. Tom builds Wanda. Joe approves Michael. Leon writes Adrian. James asks Melanie. Fred permits,5,Isabel
Kim thanks Noah. Jordan joins Sean. Robert drives Maggie. Thomas leaves Neil. Jerry takes Rachel. Kevin meets Ronald. Ian allows Sue. Helen catches Kara. Marie judges Martha. Pat wants Nicole. Steven asks Patrick. James likes Nicholas. Jenny shows Jenny. Alice chooses Justin. Laura avoids Leo. Kelly hugs Melanie. Jerry takes,5,Rachel
Jason catches Russell. Tim adopts Zach. Hannah draws Valerie. Bob cooks Noah. Aaron builds Isaac. Jake accompanies Liz. George grows Jerry. Donna stops Ralph. Jenny hires Logan. Luke praises Todd. Jacob follows Melissa. Susan blocks Monica. Anne saves Rachel. Melissa holds Vanessa. Claire faces Anthony.  Ellen reminds Wayne. Aaron builds,5,Isaac
Alice parks Olga. Liz feels Tyler. Brian moves Kelly. Rose consoles Joy. Craig awards Isaac. Amy writes Keith. Blake fights Violet. Mary serves Rob. Maria bothers Kurt. Dave supports Melissa. Mark gives Sara. Susan answers Roy. Chris drives Pam. Adam defeats Justin. Edward cares Terry. Leo comforts Robin. Craig awards,5,Isaac
James texts June. Blake awards Juan. Karen asks Rita. Arthur risks Anthony. Pat wakes Pam. Kelly guides Oscar. Juan fights Travis. Alice fixes Wanda. Luke comforts Noah. Craig thanks Sally. Jerry drives Phil. Nick reminds Sean. Lisa respects Jill. Emily makes Roy. Justin helps Russell. Margaret feeds Stephanie. Pat wakes,5,Pam
Dave changes Amber. Gary cheers Richard. Jason trains Stephen. Dennis affects Lauren. Lauren cares Sylvia. Laura opens Ralph. Kurt comforts Nicole. Jacob assists Jacob. Kelly tells Jerry. Greg rewards Sue. Eric wakes Kurt. Jeff takes Rachel. Frank needs Anthony. Joy hates Marc. Hope captures April. Jerry fixes Juan. Lauren cares,5,Sylvia
Karen supports Lydia.  Ellen shows Stephanie. Anna attacks Tyler. June misses Sylvia. Juan asks Vanessa. Marie chooses Nathan. Mike bothers Olga. George opens Nicole. Donna meets Peggy. Mary brings Pam. Tim faces Albert. Megan hires Martha. Alex grows Julian. Jake writes Leo. Tony hates Sean. Aaron calls Neil. Juan asks,5,Vanessa
Tony challenges Shirley. Steven texts Stephanie.  Rad defeats Liz. Melissa serves Patrick. Jake guards Juan. Lily insists Sean. Ruth alerts April. John guides Kirk. Louis drives Angela. June commands Pam. Emma affects Neil. Jill helps Martin. Jane seeks Natalie. Jacob asks Alicia. Jerry closes Logan. Claire tells Margaret. Jake guards,5,Juan
Mark accepts Kirk. Jordan fixes Marie. Joe tells Janet. Mary offers Keith. Josh draws Ruby. Laura hides Ronald. Sam inspires Patrick. Andrew brings Stephen. Blake challenges Rita. David approaches Sally. Diana reminds Roy. Thomas loves Pamela. Jill advises Martha. Gary backs Ron. Dave hates Jean.  Rad reads Leon. Josh draws,5,Ruby
Thomas wants Johnny. Steven stays April.  Ellen protects Peggy. Ken seeks Martin. Steve wakes Jean. Megan cares Leon. Howard feels Nathan. Grace tells Sean. Amy commands Rob. Anna grabs Terry. Johnny consoles Zach. Justin needs Amelia. Luke stops Travis. Joseph supports Kim. Joy finds Michelle. Alan lifts Lori. Steve wakes,5,Jean
Jane assists Wanda. Thomas offers Richard. Kathy explains Victoria. Anne wakes Roy. Justin tells Patrick. Tony awards Lori. Jean burns Rachel. Eric fears Stan. Rose approaches Andrea. John makes Howard. Jacob cooks Jerry. Joseph brings Paula. Johnny risks Ruby. Will gives Violet. Jake bothers Melissa. Grace opens Liam. Justin tells,5,Patrick
Kelly inspires Rob. Lisa moves Nicholas. Jason stays Ronald. Faith allows Amber. Sarah insists Natalie. Steven builds Rita. Amy questions Jerry. Scott affects Nathan. Jacob closes Ralph. Robert permits Albert. Dean advises Shawn. Will shows Jordan. Ryan accepts Irene. Justin makes Judy. Emma grabs Stephen. Kurt hates Sylvia. Sarah insists,5,Natalie
Steve challenges Rob. Kate challenges Violet. Josh praises Ronald. Sarah urges Rita. Justin accompanies Logan. Steven captures Pamela. Jason respects Victor. Anne assists Judy. Margaret saves Ted. Jack sees Keith. Julia chooses Maggie. Susan takes Norman. Bob loves Wayne. James adopts Stephanie. Liz bothers Louis. Kelly rewards Lydia. Justin accompanies,5,Logan
Alice needs Walter. Mike supports Ted. George fixes Roy. Charles helps Angela. Joe treats Zach. Gary writes Paula. Brian asks Kurt. Rose bothers Renee. Matt hugs Sara. Jacob invites Teresa. Kim protects Ian. Daniel guides Pam. Peter chooses Martin. Karen alerts Michael. Arthur wakes Monica. David makes Travis. Joe treats,5,Zach
Johnny challenges Irene. Liz judges Lauren.  Ellen defeats Andrea. Anna consoles Michelle. Edward likes Justin. Ian permits Shirley. Bill asks Jean. Laura joins Kara. Emily protects Anthony. Alex hires William. Tim comforts Julian. Claire faces Sally. Joy scores Stephen. Ken risks Amber. Matt guides Marc. Martin urges Travis. Edward likes,5,Justin
Louis tells Margaret. Dennis heals Sean. Austin feels Travis. Daniel burns Walter. Kelly blocks Valerie. Jacob challenges Sylvia. Kim opens William. Andrew offers Olga. Alice awards Ray. Linda guards Natalie. Diana holds Justin. Dean attracts Norman. Jake fights Lydia. Charles permits Sheila. Nick parks Martin. Claire comforts Victor. Kelly blocks,5,Valerie
Thomas shares Leon. Jack risks Ken. David denies Julian. Leon adopts Leah. Chris guards Louis. James chooses Rita. Rick builds Wanda. Kyle feels Jerry. June advises Amber. Mary hugs Margaret. Ruth finds Sally. Anne reminds Philip. Kay moves Alexa. Rose grows Kirk. Alice welcomes Vincent. Dean allows Ted. Chris guards,5,Louis
Ken writes Oscar. Linda shares Melissa. Matt hides Ted. Carl leaves Johnny. Mary prohibits Marc. Justin guides Violet. Leon seeks Ralph. Tom questions Victor. Kurt invites Andrea. Ruth catches Ken. Jason shows Pamela. Sam helps Jill. Steve burns Leon. Dennis takes Jerry. Adam leads Victoria. Karen sends Phil. Mary prohibits,5,Marc
Louis allows Renee.  Ellen assists Isabel. Joseph opens Martha. Ian fights Ronald. Anna backs Maggie. Michael accepts Ashley. Kathy fixes Zach. Diana explains Kirk. Megan inspires Jill. Marie feeds Kathy. Sam trusts Johnny.  Rad bothers Amelia. Craig scores Martin. Pat joins Judy. Tony permits Richard. Edward serves Jacob. Anna backs,5,Maggie
Tim closes Vanessa. Helen permits Terry. Kathy leads Liz. Jacob asks Alexa. Anna loves Victoria. Katie hugs Oscar. Kyle denies Johnny. Kate awards Joan. Jerry allows Logan. Mike fears Andrea. Daniel joins Jacob. Austin praises Noah. Brian rewards Joseph. Bob cooks Zach. Grace stays Wayne. Justin checks Albert. Anna loves,5,Victoria
Jerry visits Jill. Kurt accepts Neil. Craig makes Angela. Julia adopts Janet. Will buys Ronald. Lisa avoids Leo. Lauren gives Jenny. Justin protects Joy. Kay drives Alexa. Matt rewards Lauren. Liz wants Aiden. Hope thanks Judy. Katie feeds Stan. Karen seeks Kara. Kyle sees Howard. Howard closes Monica. Will buys,5,Ronald
Daniel boosts Sally. Hannah seeks Isaac. Robert finds Nancy. Emily challenges Aiden. Helen respects Leah. Maria joins Noah. Margaret leads Liz. Ken rewards Irene. Keith grows Oscar. Jeff allows Ashley. Jacob takes Alexa. Kay brings June. Emma demands Marie. Fred visits Lori. Lily knows Albert. Juan teaches Sean. Helen respects,5,Leah
Leon captures Todd. Steven awards Kara. Ruth likes Oscar. Laura proposes Judy. Howard helps Rachel. Alex questions Joy. Keith reads Joseph. Ryan praises Sean. Faith hides Ian. Marie hears Jacob. Jordan texts Michelle. Alice draws Kirk. Hope prohibits Natalie. Kelly meets Troy. Luke thanks Vincent. Chris wakes Ronald. Howard helps,5,Rachel
Marc cares Phil. Greg hates Vincent. Nick judges Johnny. Leon proposes Valerie. Julia hires Renee. Louis fixes Kurt. Dave keeps Rob. Claire gives Stephanie. Anna inspires Richard. Daniel wakes Rita. Steven needs Todd. Kim feeds Noah. David avoids Angela. Robert cheers Lori. Luke writes Ronald. Amy risks Paula. Julia hires,5,Renee
Susan cooks Kelly. Kurt writes Jean. Kathy attacks Albert. Diana awards Ruby. Hannah advises Rachel. Adam cares Johnny. Jack permits Lauren. Katie faces June. Paul bothers Lori. Grace cleans Anthony. Jean finds Liam. Dean drives Zach. Ian joins Natalie. Max calls Joan. Anne hates Sally. Craig burns Neil. Hannah advises,5,Rachel
Daniel comforts Michelle. Will reads Aiden. Andrew bothers Melissa. Frank holds Nicole. Ian fears Adrian. Charles changes Ron. Jack denies Alison. Susan finds Sean. Kevin takes Sara. Jill alerts Joan. Max shares Kelly. Maggie risks Ray. Joe brings William. Faith heals Sylvia. Ken grabs Isabel. Martin avoids June. Ian fears,5,Adrian
Pat wants Sandra. Jill opens Victoria. Hannah backs Valerie. Anne changes Kara. Dennis praises Stephanie. Laura trains Johnny. Rose welcomes Justin. Steve draws Michael. Max stops Marc. Jason wakes Jean. Marc approaches Walter. Craig hides Ruby. Ben cheers Rebecca. Karen reminds June. Joe grows April. Carol accepts Alexa. Dennis praises,5,Stephanie
Adam cleans Anthony. Fred fights Valerie. Tom awards Kathy. Hannah adopts Alexa. Brian wakes Pam. Ruth accompanies Nicole. Ian insists Margaret. Dennis permits Oscar. Maria draws Kay. Liz seeks Marie. Laura writes Kurt. Kim praises Russell. Kate checks Andrea. Nick consoles Rebecca. Jenny hears Peggy. Tim questions Alicia. Brian wakes,5,Pam
Rick assists Sean. Harry judges Patrick.  Rad trains Jill. Susan risks Philip. Carol opens Lydia. Austin texts Maggie. Margaret accepts Liz. Jeff shows Joseph. Linda bothers Angela. Bob knows Kyle. Leon backs Terry. Keith wants Rebecca. Johnny attacks Julian. Mark cooks Tyler. Steve captures Jerry. Tom asks Leo. Carol opens,5,Lydia
Kay pays Justin. Maggie cheers Russell. Johnny closes Jill. Karen scores Adrian. Brian leads Teresa. Laura invites Sharon. Luke likes Andrea. Amy visits Rob. Kurt moves Wanda. Hope rewards Norman. Gary misses Anthony. Linda guards Natalie. Jeff leaves Neil. Justin makes Travis. Max attracts Rebecca. Craig accepts Judy. Brian leads,5,Teresa
Ryan challenges Violet. Emily rewards Michael. Sarah writes Vincent. Leon fixes Nathan. Kim loves Victoria. Edward invites Richard. Adam attacks Walter. Michael grabs Isabel. Harry explains Leo. Kate misses Shirley. June risks Janet. Scott insists Albert. Joseph tells Wanda. Alan advises Noah. Juan brings Troy. Chris hides Kirk. Kim loves,5,Victoria
Diana cooks Amelia. Megan chooses Ian. Ian wants Anthony. Kelly challenges Russell. Lauren catches Adrian. Karen brings Travis. Gary misses Alexa. Maria offers Sue. Alan helps Phil. Martin pays Martha. Jordan blocks Joy. Helen trains Oscar. Leo shows Ted. Henry teaches Andrea. Emma closes Liz. Hope claims Troy. Lauren catches,5,Adrian
Johnny awards Jill. Jill wakes Liz. Henry drives Monica. Kyle inspires Lauren. Steve sends Ken. Jenny welcomes Ralph. George backs Liam. Gary buys Troy. Carol needs Sheila.  Ellen challenges Maggie. Anna attracts Pam. Will joins Vanessa. Rose pays Marie. Robert wants Julian. Austin adopts Todd. June gives Martha. Steve sends,5,Ken
Ruth urges Lydia. Austin calls Noah. Anna invites Melissa.  Rad comforts Ray. Alan wakes Angela. Mark accompanies Richard. Joe judges Liam. Jacob knows Kirk. George challenges Sylvia. Arthur answers Jill. Katie pays Stan. Jason awards Nancy. Emily builds Jerry. Mike feels William. Matt fights Margaret. Laura inspires Russell. Alan wakes,5,Angela
Chris shares Sheila. Melissa parks Jacob. Edward attacks Valerie. Maria risks Nicholas. Lily respects Lauren. Kyle welcomes Victor. Kay offers Jordan. Matt denies Adrian. John comforts Oscar. Alan invites Shirley. Thomas burns Angela. Helen backs Wayne. Jane guards Wanda. Lauren writes Norman. Leo seeks Renee. Marie texts Stephen. Lily respects,5,Lauren
Jeff warns Sean. Kyle likes Natalie. Jake serves Nicole. Jordan finds Russell. Harry alerts Ashley. Justin follows Kim. Jack sees Pamela. Ruth captures Wanda. Charles accepts Lydia. Keith bothers Ted. John checks Zach. Anne knows Martin. Ryan offers Rob. Donna saves Kathy. Edward leads Irene. Steven trusts Ralph. Harry alerts,5,Ashley
Emma judges Pamela. Jake fixes Liz. Lucy risks Shirley. Leon advises Liam. Edward reads Melanie. Joy trains Maggie. Rick avoids Todd. Max pays Nicholas. Andrew opens Alexa. Chris loves Melissa. Keith texts Norman. Dave hires Sara. Josh rewards June. Mark heals Angela. Craig attacks Sheila. Julia chooses Howard. Edward reads,5,Melanie
Kelly adopts Renee. Kurt approves Liz. Jean warns Kathy. Justin assists Juan. Susan parks Aiden. George comforts Martha. Ryan alerts Shawn. Nick delivers Kay. Matt praises Johnny. Sarah buys Nancy. Melissa claims Jenny. Jake allows Nicole.  Rad pays Rebecca. Eric sends Lydia. Mark teaches Troy. Dean advises Jerry. Susan parks,5,Aiden
Rad follows Leon. Will judges Leo. Gary meets Sean. Edward shows Jill. Fred wants Rebecca. Hope texts Kay. Max assists Judy. Kelly drives Kurt. Helen denies Tyler. Eric keeps Janet. Amy consoles Robin. Greg prohibits Julian. Katie teaches Wanda. Jerry hears Philip. Carl knows Michael. June grabs Sandra. Fred wants,5,Rebecca
Jeff fights Stephanie. Thomas feeds Jill. Julia holds Richard. Karen answers Maggie. Carol supports Tracy. Marc helps Martha. Eric questions Jean. Kate hides Albert. John misses Travis. Steven tells Juan. Frank parks Vincent. Amy advises William. Josh delivers Pam. Alan consoles Kara. Peter drives Sharon. David fears Adrian. Marc helps,6,Martha
Keith challenges Andrea. Karen risks Jerry. Megan grabs Alison. June scores Victor. Grace attracts Vincent. Martin drives Isabel. Diana leaves Nicole. Jean captures Patrick. Carol saves Nancy. Linda treats Lydia. Scott draws Irene. Lauren cooks Alexa. Ryan boosts Russell. Marc claims Troy. John follows Rita. Jenny knows Sara. Martin drives,6,Isabel
Susan helps Justin. Jordan finds Leon. Emma stays Andrea. Rick needs Ronald. Joe checks Martha. Carol builds Wanda. Luke seeks Alexa. Anne praises Adrian. Melissa trusts Sheila. Kelly comforts Janet. Nick awards Marie. Joy leads Joseph. Lisa cleans Aiden. Michael shares Melanie. Megan respects Lauren. Jeff allows Vincent. Carol builds,6,Wanda
Tim alerts Kelly. Faith lifts Pam. Grace finds Teresa. Lily joins Ronald. Kurt comforts Wanda. Mark treats Pamela. Max avoids Alison. Steven serves Stephanie. Emma calls Ruby. Susan texts Stan. Matt scores Wayne. Jake pays Sara.  Ellen defeats Martha. Michael asks Nicholas. Anna answers Margaret. Liz shares Angela. Mark treats,6,Pamela
Leo boosts Monica. Kyle guides Wanda. Henry reads Sean. Justin accepts Joan. Louis finds Zach. Amy challenges Stan. Tom draws Natalie. Melissa pays Aiden.  Ellen prohibits Pamela. Pat insists Keith. Ian follows Tyler. Faith holds Leo. Luke wakes Marie. Ken adopts Louis. Edward proposes Renee. Scott challenges Andrea. Amy challenges,6,Stan
Anne attacks Liam. Charles follows Sally. Howard cooks Zach. Rose praises Sandra. June challenges Ashley. Tony heals Jill. Emma leads Nathan. Arthur calls Wanda. Scott knows Justin. Dean seeks Joan. Peter makes Stan. Michael supports Ron. Jake denies Nicole. Marie asks Aiden. Susan burns Melanie. Hope feeds Andrea. Tony heals,6,Jill
Paul challenges Richard. John prohibits Olga. Eric avoids Aiden. Helen inspires Travis. Alice captures Nicole. Susan reminds Noah. Mark insists Sean. Michael demands Ian. Lily awards Robin. Louis joins Teresa. Kim saves Lydia. Robert grabs Ronald. Jill asks Kim. Steven meets Vincent. June holds Joseph. Carl heals Nancy. Susan reminds,6,Noah
Michael treats Michelle. Anne awards Kay. Fred fixes Ian. Jeff serves Margaret. Sarah fears Martha. Lily cheers Lydia. Maggie protects Nicholas. Jordan chooses Lori. Carl wakes Troy. Dave avoids Terry. Blake holds Sue. Tony commands Marie. Marc feels Neil. Joe needs Vincent. Jacob permits Ron. Arthur closes Victor. Lily cheers,6,Lydia
Margaret demands Martha. Aaron leaves Albert. Dave finds Adrian. Juan hugs Ron. Helen trusts Amber. Edward likes Ralph. Diana feeds Robin. Maria cleans Maggie. Emma faces Tracy. Martin meets Kelly. Jordan moves Isabel. Bill protects Angela. Susan advises Nicole. Paul risks Joy. Steve urges Olga. Maggie loves Todd. Edward likes,6,Ralph
Emma bothers Alison. Ryan permits Pamela. Austin reads Terry. Lily attacks Violet. Anne moves Roger. Alan checks Philip. Will changes Michelle. Tony gives Peggy. Thomas wants Sean. Craig treats Joseph. Bob respects Rob. Chris needs Sara. Marie reminds Sandra. Sarah hides Richard. Liz heals Kara. James claims Noah. Alan checks,6,Philip
Thomas comforts Norman. Kurt texts Kurt. Joy cleans Angela. Carol adopts Ken. Diana advises April. Jerry awards Louis. Arthur wakes Oscar. Laura accepts Ian. Emma hugs Alicia. Eric urges Melissa. Rose catches Wayne. Jason shows Howard. Frank rewards Logan. Maggie challenges Albert. Marc needs Russell. Edward guards Sue. Jerry awards,6,Louis
June meets Shawn. Joseph knows Travis. Ben writes Oscar. Edward holds Marie. Steve faces Melissa. Kurt fears Joseph. Harry demands Amber. Ryan judges Sheila. Kyle guards April. Jacob takes Sara. Johnny leads Troy. Louis gives Marc. Greg assists Sue. Aaron proposes Jill.  Ellen grows Joy. Austin thanks Anthony. Kurt fears,6,Joseph
Michael knows Margaret. Joseph gives Jill. Thomas hides Valerie. Steve catches Lydia. Ken visits Andrea. Sarah backs Olga. Dennis adopts Sue. Ryan attracts Vanessa. Mike drives Sharon. Henry offers Julian. Jordan awards Nathan. Kyle grabs Tracy. Jeff closes Ruby. Kate joins Walter. John cooks Wayne.  Ellen feeds Alison. Sarah backs,6,Olga
Greg scores Ray. Jerry denies Jacob. Matt lifts Nancy. Bill judges Shawn. Dave asks Amber. Edward captures Marc. Aaron drives Troy. Keith adopts Teresa. Hope blocks Pamela. Craig commands William. Paul catches Joy. Hannah wants Vanessa. Carl fights Jill. Lauren bothers Oscar. Emily urges Patrick. Juan grows Irene. Edward captures,6,Marc
Emma backs Tracy. Bob tells Lydia. Rose faces Leon. Juan answers Nathan. Marie serves Kelly. Karen lifts Victor. Laura denies Melissa. Johnny guards Nicholas. Julia pays Martin. Eric cleans Rachel. David joins Pam. Carl treats Melanie. Alice drives Patrick. Pat visits Peggy. Susan boosts Roger. Joseph trusts Kim. Karen lifts,6,Victor
John demands Janet. Maggie cleans Rebecca. Jean bothers Phil. Carol writes Liz. Ryan explains Jacob. Faith cooks Kara. Tom treats Violet. Jenny catches Russell. Chris checks Oscar. Steve loves Leah.  Ellen texts Shirley. Claire praises Ruby. Bill shows April. Kyle burns Alison. Steven sees Neil. Jane approves Alexa. Faith cooks,6,Kara
Bill seeks Nathan. Carl inspires Roger. Jane thanks Rob. Kevin offers Teresa. Scott awards Howard. Henry explains Marc. Marie visits Philip. Mary faces April. George chooses Michael. Daniel welcomes Vanessa. Alan texts Amber.  Ellen feels Todd. Tim hires Sheila. Kay allows Victor. Jenny loves Logan. Peter writes Stephanie. Henry explains,6,Marc
Kurt fights Johnny. Anne holds Sean. Louis saves Lydia. Aaron calls Joy. Charles prohibits Jerry. Bob cooks Ian. John chooses Marie. Claire catches Norman. Lily avoids Kim. Diana trains Ted. Robert visits Jenny. David permits Michelle. Jerry commands Sue. June backs Vanessa. Kay awards Rita. Marie sees Travis. Bob cooks,6,Ian
Charles approves Marie. Brian parks Travis. Lily faces Martha.  Rad makes Andrea. Joe draws Rita. Arthur tells Russell. John hears Victor. Josh loves Julian. Susan accompanies Joan. Keith hides Adrian. Megan helps Jordan. Leo moves Louis. Justin answers Ashley. Marc hugs Sara. Alan sends Lydia. Matt meets Sheila. Arthur tells,6,Russell
Jean permits Rob.  Ellen allows Walter. Tom sees Roger. Jordan assists Keith. Melissa trusts Lauren. Emma catches Ted. Liz advises Roy. Keith saves Valerie. Lauren accepts Sara. Mark meets Kelly. Rose cooks Isabel. Rick urges Joy. Jeff defeats Ronald. Ben leads Zach. Alice proposes April. Robert attracts Angela. Emma catches,6,Ted
Carl catches Sally. Steve praises Sean. Marc loves Ray. Joseph stops Leon. Justin respects Pamela. Edward comforts Lori. Johnny builds Sharon. Kathy permits Amber. Lily seeks Angela. Joy chooses Ken. Jason denies Kelly. Megan opens Andrea. Alice cooks Shawn. Anne stays Alexa. Kim answers Wayne. Lucy shows Melissa. Edward comforts,6,Lori
Rick delivers Oscar. Maria consoles April. June assists Stan.  Rad hears Janet. Lauren welcomes Ray. Hannah fears Peggy. Matt guides Natalie. Robert invites Troy. Will seeks Zach. David affects Sylvia. Bob asks Marie. Kurt scores Alicia. Lily accompanies Monica. Henry opens Rachel. Rose cheers Aiden. Lisa supports Jacob. Hannah fears,6,Peggy
Alan awards Stephen. Pat prohibits Kyle. Henry hides Johnny. Jack guides Nancy. Hope trusts Renee. John likes Sharon. George proposes Joseph. Donna needs Roger. Martin shows Philip. Rose treats Leah. Faith wakes Jean. Harry hugs Shawn. Ben parks Peggy. Brian demands Howard. Kim sends Andrea. Mike heals Marc. John likes,6,Sharon
Edward shows Neil. Mark adopts Stan. Ryan awards Monica. Alex challenges Sara. Arthur judges Pam. Peter calls Michael. Brian protects Justin. Thomas rewards Albert. Jordan helps Patrick. Claire opens Norman. Maggie urges Johnny. Jenny finds Martin. Marie makes Victoria. Mary takes Paula.  Rad scores Ken. Blake chooses Andrea. Peter calls,6,Michael
Steve shares Victor. Pat saves Philip. Jack parks Shawn. Laura consoles Jordan. Chris accompanies Kirk. Charles opens Adrian. Austin advises Vanessa. Faith cheers Michelle. Margaret takes Norman. Kim approves Albert. Grace texts Ken. Marie wants Zach. Lucy reads Kelly. Sam likes Natalie. Rose misses Troy. Lauren hugs Olga. Charles opens,6,Adrian
Ben closes Janet. June demands Lori. Martin attracts Logan. Maggie hides Pam. Steven affects Sara. Susan cleans Jill. Jack accepts Tyler. Lucy trains Peggy. Kathy finds Rita. Howard checks Johnny. Karen respects Ruby. Scott claims Patrick. Keith meets Rob. Amy sees Irene. John writes Joy. Blake reads Kelly. Susan cleans,6,Jill
Fred stays Maggie. Maggie attacks Stephanie. Bill cares Sheila. Ian finds Ron. Luke feels Violet. Jane sees Ted. Megan warns Keith. Claire denies Nicole. Liz knows Rob. Kay tells Anthony. Dennis attracts June. Michael shows Kara. Donna builds Liz. Rose risks Amber. Kelly cheers Michael. George teaches Sylvia. Jane sees,6,Ted
Steven claims Roger. Dean brings Vanessa. Thomas cares Michelle. Emma welcomes Sara. Martin avoids Robin. Mary fights Teresa. Anna makes Wanda. Kevin attacks Travis. Maria explains Noah. Susan prohibits Keith. Johnny questions Troy. Matt burns Jerry. Ryan parks Monica. Aaron captures Andrea. Jason misses Jill. Kim cheers Johnny. Mary fights,6,Teresa
Matt bothers Travis. Susan attacks Wanda. Jacob burns Leo. Helen adopts Alison. Katie calls Marie. Steven welcomes Russell. Jean guards Victoria. Michael leaves Stephen. Lily saves Justin. Ben heals Valerie. Edward finds Alexa. Adam serves Louis. Emma accepts Isaac. Rose hears Patrick. Juan sends Logan. Luke fears Monica. Steven welcomes,6,Russell
Leo blocks William. Jason sends Rebecca. Robert faces Walter. Will urges Aiden. Eric makes Lori. Diana explains Julian. Daniel fears Melissa. Adam comforts Joan. Michael likes Angela. Kim thanks Margaret. Arthur accepts Roger. James trusts Logan. Steve answers Wayne. Dennis approaches Michelle. Charles checks Liam. Amy cheers Kelly. Diana explains,6,Julian
Bob wants Alexa. Chris proposes Renee. Charles treats Olga. Ken calls Judy. Faith praises Monica. Susan fights Jerry. Kate accepts Kelly. Maria likes Liz. Austin backs Margaret. Jason welcomes Victor. Dennis thanks Ian. George allows Ronald. Thomas delivers Louis. Ben seeks Noah. Ryan feels Walter. Mike comforts Teresa. Susan fights,6,Jerry
Marie blocks Valerie. Diana attracts Justin. Dave attacks Michael. Matt praises Sara. George shows Joan. Peter hires Ashley. Julia welcomes Anthony. Maria prohibits Neil. David guides Alexa. Mary brings Michelle. Craig permits Violet. Justin misses Leon. Leo writes Ray. Joseph seeks Shawn.  Rad assists Stan. Paul cares Kelly. Peter hires,6,Ashley
Emily protects Oscar. Ian draws Juan. Emma takes Sally. Joe seeks Jerry. Alice hears Wanda. Lucy builds Kelly. Scott finds Jordan. Hope cares June. Arthur avoids Michelle. Bill wants Marie. Austin heals Liam. Howard challenges Sue. Jane writes Nancy. Ben attacks Alicia. Kim blocks Keith. Mark faces Melissa. Lucy builds,6,Kelly
Max faces Aiden. Leo invites Nathan. Blake attracts Rita. Keith challenges Adrian. Eric offers Liz. Jason needs Jerry. Carol proposes Stephen. Mike guards Anthony. Arthur likes Keith. Rick explains Margaret. Marc hides Kay. Kate thanks Olga. Grace captures Liam. David hugs Terry. Joe shares Sally. Helen consoles Alexa. Jason needs,6,Jerry
Craig warns Violet. Ben hires Terry. Margaret moves Janet. Joy hides Joan. Dave inspires Angela. Ryan likes Monica. Louis serves Nicholas. Leo lifts Nathan. Linda pays Margaret. Faith respects Ruby. Susan approaches Lori. Claire blocks Phil. Johnny offers Alexa. Mark shares Leah. Pat keeps Leo. Chris accompanies Russell. Ryan likes,6,Monica
Jane comforts Nancy. Emma draws Irene. George supports Pam. Julia pays Joan. Tony lifts Natalie. Anne proposes Ian. Jerry offers June. Diana changes Michael. James commands Maggie. Luke trains Robin. Anna misses Jean. Joe catches Paula. Eric trusts April. Lily hugs Todd. Daniel accompanies Amelia. Scott attacks Sandra. Anne proposes,6,Ian
Diana stays Ken. Jill trains Joan. Fred offers Stephen. Kelly cares Ian. Marie demands Albert. Jake likes Troy. John cheers Amber. Carol advises Pamela. Robert insists Anthony. Ryan grows Sheila. Gary sees Sandra. Luke praises Rob. Eric approaches Kathy. Donna opens Martin. Susan buys Olga. David gives Tyler. Jake likes,6,Troy
Adam likes Noah. Carol builds Jean. Anna sees Kara. Linda treats Johnny. Hannah answers William. Dennis challenges Jacob. Marc attacks Sylvia. Grace leads Rita. Jill delivers Liz. Hope buys Roy. Kim reads Ken. Maggie alerts Paula. Eric checks Isaac. Faith invites Martha. Kay saves Norman. Luke backs Kurt. Dennis challenges,6,Jacob
Bob assists Aiden. David reminds Jill. Sam builds Ken. Leon thanks Maggie. Juan defeats Melissa. Jill hates Stan. Kyle comforts Vanessa. Andrew consoles Paula. John inspires Oscar. Matt cleans Sheila. Julia parks Kelly. Jacob draws Kirk. Dennis blocks Noah. Anna avoids June. Robert offers Shirley. Gary stays Peggy. Jill hates,6,Stan
Jenny fears Howard. Rose catches Nancy. Jill offers Marie. Megan permits Alison. Hannah closes Leon. Gary calls Nicholas. Emma captures Jerry. Robert approves Jill. Bob builds Juan. Eric boosts Valerie. Susan follows Leo. Marie guards Norman. Sam needs Pam. Emily cleans Julian. Kathy helps Sandra. June urges Logan. Gary calls,6,Nicholas
Bob buys Joan. Tony thanks Ronald. Robert leaves Alison. Harry consoles Peggy. Juan advises Liz. Adam prohibits Nicole. Kay welcomes Albert. Nick attacks Angela. Martin brings Howard. Ian attracts Marc. Lucy boosts Pam. Jenny demands Monica. Peter grabs Melanie. Sam allows Keith. Hope approves Michelle. Margaret sends Amber. Adam prohibits,6,Nicole
Steven demands Jordan. Ruth thanks Ralph. Jill makes Wanda. Mike answers Shawn. Joe pays Victor. Alan hugs Irene. Karen permits Leo. Kim affects Rob. Lucy avoids Leon. Laura fixes Valerie. June advises Rebecca. Alex teaches Judy. Maggie sends Ken. Emma trains Pamela. Jacob calls Robin. Thomas leaves Liz. Alan hugs,6,Irene
Hope accompanies Sean. Liz rewards Kurt. Ruth shares June. Andrew calls Ralph. Kate chooses Philip. Leon changes Justin. Kay cares Pam. Luke opens Vincent. Jordan commands Ray. Josh hires Valerie. Juan shows Sally. Marc approves Isabel. Edward tells Renee. Alan praises Olga. Jean blocks Joan. Melissa hears Ron. Leon changes,6,Justin
Sarah heals Tracy. Kim draws Stephanie. Kelly inspires Martin. Jane commands Angela. Maria challenges Judy. Tim grabs Pam. Jeff hugs Ashley. Lily moves Isabel. Robert risks Sheila. Charles attracts Sara. Tony hides Nicholas. Eric assists Vanessa. Rick claims Nancy. Matt urges Nathan. Daniel offers Rita. Johnny comforts Ronald. Tim grabs,6,Pam
Lauren prohibits Ian. Juan cooks Stan. Mark backs Phil. Ian burns Rob. Katie approaches Roy. Gary answers Ashley. Edward scores Logan. Rick heals Richard. Josh finds Janet. Susan wakes Sara. Daniel fixes Amber. Bill moves Jerry. Diana buys Lauren. Jeff warns Jacob. Austin denies Amelia. Robert trains Lori. Gary answers,6,Ashley
Grace praises Alison. Melissa leads Victor. Jill reads Melanie. Charles advises Louis. Blake takes Olga. Ruth grabs Liam. Steven closes Rachel. Karen knows Stephen. Dave pays Michael. Lisa parks Zach. Jenny thanks Aiden. Bob wakes Sean. Matt feeds Melissa. Nick teaches Lydia. Andrew serves Violet. Martin trusts Shawn. Ruth grabs,6,Liam
Ryan draws Valerie. Fred avoids Stan. Diana drives Terry. Bob helps Pamela. Joe protects Sean. Lauren assists Philip. Matt claims Wanda. Kyle urges Sara. Austin hates Roy. Tim insists Angela. Juan sees Victor. Kelly reads Jean. Carl finds Ruby. Aaron trains Juan. Andrew catches Jenny. Alex takes Rita. Lauren assists,6,Philip
Johnny brings Lori. Ben chooses Kelly. Will catches Neil. Aaron fears Kurt. Brian allows Anthony. Jenny welcomes Paula. Dave backs Walter. Carl permits Todd. Marie avoids Kirk. Marc comforts Marie. Steven misses Ken. Martin advises Stan. John cheers Rita. Kathy wakes Richard. Kurt insists Monica. Kyle opens Howard. Jenny welcomes,6,Paula
Linda permits Keith. Lily challenges Rita. Megan holds Leo. Kay protects Kyle. Kevin avoids Monica. Justin lifts Zach.  Ellen warns Kathy. Michael writes Michelle. Howard visits Natalie. Karen explains Justin. Marc wakes Angela. Susan praises Michael. Harry hears Ray. Ken cheers Judy. Maggie heals Ian. Anna stays Marie. Justin lifts,6,Zach
Kay wants Richard. Martin leaves Tyler. Chris cleans Nicholas. Kathy finds Joseph. Margaret takes Travis. Carol builds Pam. Jerry holds Sara. Alan helps Jean. Dave shares Walter. Joe follows Maggie. Kevin comforts Paula. Faith permits Jordan. Mary needs Vincent. Charles consoles Michelle. Tony cooks Troy. Pat adopts Aiden. Carol builds,6,Pam
Mary cleans Teresa. Hope permits Troy. Lauren respects Michelle. Tim attracts Wayne. Max praises Philip. Matt accompanies Leon. Jeff urges Anthony. Ben cooks Sean. Tony needs Angela. George grabs Tyler. Harry defeats Rachel. Diana wakes Sylvia. Dean captures Sharon. Linda denies Zach. Craig treats Nicholas. Michael advises Pam. Jeff urges,7,Anthony
Katie saves Sean. Joseph prohibits Leon. Kevin warns Patrick. Anne advises June. Mike affects Terry. Helen buys Nancy. Blake hires Joseph. Lisa thanks Marie. Kay guards Isabel. Max serves Rebecca. Pat hugs Alicia. Dave knows Shirley. Joy trusts Ted. Megan wakes Michelle. Julia catches Phil. Martin backs Rita. Blake hires,7,Joseph
Bill takes Irene. Megan feels Roy. Henry commands Kim. Kyle gives Tracy. Blake boosts Keith. Alice guides Ashley. Ian captures Marie. Ben chooses Amelia. Eric visits Terry. Emma thanks Renee. Dean joins Victor. Claire challenges Violet. Gary serves Pam. Joy delivers Logan. Jerry claims Sheila. Leo alerts Rita. Ian captures,7,Marie
Anne shows Liam. Mike defeats Nicole. Josh guides Monica. Steven gives Rita. Harry prohibits Pamela. Adam risks Wayne. Maria teaches Justin. Michael alerts Ian. Kathy wants Rebecca. Marie draws Albert. Martin adopts Wanda. Kurt reminds Kurt.  Rad guards Angela. Margaret claims Marie. Leon comforts Victoria. Will trusts Renee. Maria teaches,7,Justin
Amy allows Ronald. Nick changes Philip. Eric hugs Sheila. Anne faces Judy. Jerry approves Keith. Katie captures Melissa. Kathy explains Lori. Jill gives Irene. Diana checks Kelly. Sam calls Monica.  Ellen chooses Ian. Leo denies Jerry. Claire likes Ray. Pat takes Pam. Harry thanks Leon. Tom awards Nancy. Kathy explains,7,Lori
Emily drives Ronald. Liz builds Leo. Paul hides Stephen. Jack cares Alexa. Jordan praises Martha. Michael calls Isabel. Aaron delivers Liam. Leo texts Lydia. Hope serves Leah. Nick hears Kirk. Amy sends Sylvia. Greg boosts Phil. Megan awards Victor. Sarah visits Paula. Maria claims Rita. Keith respects Nicole. Aaron delivers,7,Liam
Claire saves Angela. Lauren warns Sara. June accepts Roy. Tony teaches Russell. Laura comforts Teresa. Bob questions Liz. Melissa protects Albert. Ben thanks Walter. Pat moves Nicole. Howard hears Ken. Frank respects Tyler. Emma drives Lydia. Marie chooses Kirk. Hannah wakes Rob. John fixes Valerie. Andrew accompanies Rita. Melissa protects,7,Albert
Lucy shares Noah. Keith respects Travis. Marie accompanies Kara. Alan serves William. Robert hates Sylvia. Kevin visits Sharon. Leo assists Leo. Jean takes Philip. Louis drives Kay. Diana loves June. Claire affects Sheila. Howard hugs Kim. Jerry cares Isabel. Frank attacks Oscar. Lily leaves Juan. David challenges Jenny. Leo assists,7,Leo
Emily cares Peggy. Carol checks Tyler. Brian adopts Rebecca. Howard sees Rita. Anna attacks Sue. Alan sends Janet. Charles proposes Melissa. Karen claims Alexa. Paul drives Liam. Dennis awards Justin. Frank trusts Stan. David builds Jean. Emma attracts Wayne. Steve guides Louis. Arthur writes Adrian. Craig supports Violet. Charles proposes,7,Melissa
Sarah catches Rebecca. Bob avoids Teresa. Tom consoles Ruby. Jeff burns Sylvia. Maggie delivers Liz. George invites Shirley. Emma grabs Liam. Alan likes Roger. Jerry saves Maggie. Rose builds Richard. Tony affects Sharon. Nick draws Albert. Jane knows Troy. Peter allows Joan. Maria closes Kurt. Helen urges Walter. Emma grabs,7,Liam
June demands Victor. Will parks Alexa. Joy judges Sue. Adam explains Jenny. Craig comforts Juan. Margaret holds Teresa. Charles calls Shirley. Justin accepts Pam. Mary sees Lydia. Sam fights Marie. Bill thanks Wanda. Dean warns Valerie. Maria urges Vincent. John defeats Kelly. Scott knows Peggy. Robert approaches Jacob. Charles calls,7,Shirley
Robert explains Kirk. Julia offers Teresa. Lily guides Marc. Ruth burns Terry. Jerry hires Tyler. Greg grows Amber. Diana seeks Ken. Luke welcomes Marie. Bill brings Paula. Bob supports Richard. Katie meets Lydia. Dave trains Sylvia. James rewards Victor. Keith prohibits Stephanie. Arthur builds Patrick. Jane cares Sheila. Diana seeks,7,Ken
Alice texts Rita. Jeff protects Jean. Steve wants Janet. Joy moves Zach. Kim holds William. Bob prohibits Margaret. Laura changes Leon. Arthur closes Sally. Edward urges Olga. Katie leaves Sue. Robert makes Renee. Grace chooses Kara. Paul adopts Sandra. Adam praises June. Kurt offers Rebecca. Mary delivers Louis. Laura changes,7,Leon
Kurt chooses Natalie. Luke moves Pam. Nick supports Judy. Michael needs Walter. Susan consoles Nicole. Ian respects Kim. Claire insists Logan. Justin claims Joy. Keith bothers Pamela. Emma follows Shirley. Maggie heals Sharon. Leo wakes Rita. Marc assists Roger. Kate reads Stephen. Dean treats Ralph. Jake commands Ashley. Claire insists,7,Logan
Mary avoids Melissa. Josh brings Todd. Helen builds Sue. Kate sees Anthony. Harry loves Travis. Michael moves Howard. Ruth risks Ashley. Megan reads Lori. Daniel advises Martin. Carl answers Richard. Kathy scores Kay. Emily trains Judy. Jake questions Violet. Max fights April. Jacob supports Sara. Claire challenges Wanda. Ruth risks,7,Ashley
Marie sees Rebecca. Will chooses William. Ben changes Kyle. Grace denies Vincent. Jake leaves Shirley. Greg faces Howard. Chris hates Pam. Kim trains Lauren. Karen advises Jill. James invites Alison. Edward bothers Justin. Megan closes Isaac. Jack stops Jenny. Blake demands Nancy. Kurt explains Anthony. David burns Sharon. Chris hates,7,Pam
Ryan avoids Tyler. Keith fixes Violet. Juan answers Janet. Jean joins William. Laura takes Shawn. Mark supports Sylvia.  Rad comforts Ronald. Lauren knows Natalie. Pat opens Nancy. Bob claims Aiden. Gary loves Kara. Robert offers Nathan. Jake commands Sharon. Howard visits Ruby. Emma cleans April. Steven follows Alicia. Rad comforts,7,Ronald
Emma guides Ray. Jack faces Kim. Anna prohibits Joan. Peter demands Renee. Bob invites Jacob. Martin drives Olga. Paul awards Leon. Will closes Wayne. Claire approves Victoria. Greg chooses Stephanie. Dennis offers Lydia. Kathy defeats Liz. Lauren delivers Keith. Megan trusts Maggie. George reminds Noah. Rick changes Jill. Paul awards,7,Leon
Harry urges Kay. Sam pays Todd. Dennis feels Renee. Howard boosts Stephanie. Ryan seeks Justin. Karen invites Rob. Hannah hates Rachel. Paul assists Julian. Peter bothers Zach. James proposes Sandra. Megan adopts Aiden. Maggie cheers Tracy. Tony backs Michelle. Kyle fears Kyle. Dave lifts Robin. Faith leads Kelly. Hannah hates,7,Rachel
Susan offers Richard. Faith feeds Sue. Dennis hires Lori. Craig blocks Nicholas. Lauren defeats Michelle. Kay closes Rita. Kelly hugs Valerie. Ruth feels Todd. Jenny captures Melissa. Joy risks Stan. Bob shares Sandra. Joe saves Ruby.  Ellen cooks Rob. Melissa thanks Aiden. Pat insists Travis. Nick chooses Juan. Kelly hugs,7,Valerie
Rick rewards Sean. David joins Rachel. Howard teaches Alexa. Kyle thanks Nancy. Melissa allows Rebecca. Fred wakes Renee. Susan catches Shawn. Jeff fixes Wayne. Adam demands William. Alex proposes Albert. Scott shows Nathan. Paul offers Irene. Will meets Ralph. Louis shares Juan. Maggie captures Ken. Joe attacks Jacob. Susan catches,7,Shawn
Dave faces Troy. Maria loves Ron. Jane commands Vanessa. Kate rewards Victoria. Jason wakes Peggy. Blake invites Stephanie. Adam hides Lydia. Leon follows Isabel. Peter cheers Marc. Will changes Valerie. Hope challenges Natalie. Kurt alerts Sara. Marie respects Jordan. Maggie trains Joy. Bob fixes Ruby. Joe leaves Nicole. Adam hides,7,Lydia
Frank judges Johnny. Jill heals Shirley. Pat saves Shawn. Mary visits Kurt. Will captures Ralph. Chris teaches Leo. George drives Kara. Martin knows Sean. Emily rewards Victoria. Amy insists Philip. Ryan stops Neil. Juan inspires Joseph. Alex warns Troy. Daniel asks Victor. Claire joins Rachel. James wakes Nicholas. George drives,7,Kara
Alice stops Nicholas. Tony commands Isabel. Susan invites Noah. Tom insists Kyle. Amy warns Rita. Emily likes Travis. Faith takes Aiden. Thomas catches Louis. Steven judges Ray. Peter reminds Ian. Chris buys Jean. Greg fixes Amelia. Edward demands Sally. Tim changes Ronald. Louis cares Alison. Martin asks William. Faith takes,7,Aiden
Edward scores Travis. Austin adopts Marie. Susan accepts Angela. Hannah challenges Stan. Donna moves Rebecca. Paul faces June. Lily assists Judy. Julia texts Rita. Luke stays Shirley. Tony draws Sandra. Louis leaves Ashley. Tom fears Wanda. Joe approaches Norman. Howard fights Jean. Joy warns Sean. Max trains Oscar. Lily assists,7,Judy
Grace assists Jill. Robert warns Alison. Brian drives Martin. Henry proposes Amber. Marie reminds Norman. Daniel serves Anthony. Kathy comforts Melissa. Anne pays Kurt. Paul advises Louis. Hope loves Ken. Johnny opens Robin. Edward risks Sylvia.  Ellen brings Zach. Kurt draws Marie. Justin buys Joan. George follows Roy. Kathy comforts,7,Melissa
John joins Liam. Jenny allows Rob. Lisa trusts Julian. Steve asks Nathan. Jill chooses Isabel. Donna offers Michelle. Michael delivers Marc. June fights Alexa. Mark approves Logan. Martin wakes Andrea. Frank needs Liz. Joy fears Louis. Jack wants Roger. Joseph teaches Leah. Kay seeks Norman. Mary changes Lauren. Michael delivers,7,Marc
Jill inspires Sheila. Emma commands Leo. John finds Jean. Ryan answers Irene. Linda bothers Albert. Lisa saves Kelly. Jerry accepts Oscar. Margaret grabs Jerry. George draws Michelle. Grace explains Jordan. Bill visits Olga. Jean awards Peggy. Sam pays Paula. Emily attacks Rob. Dennis assists Norman. Andrew guards Shawn. Jerry accepts,7,Oscar
Melissa reads Tracy. Kevin captures Judy. James permits Martha. Adam challenges Kay. Jake accepts Liz. Aaron opens Roy. Claire challenges Lauren. Faith makes Julian. Greg wants Isaac. Martin stays Violet. Ian avoids Angela. David needs Howard. Maggie approaches Janet. Charles serves Amelia. Bob explains Roger. Brian delivers Liam. Claire challenges,7,Lauren
Will serves Logan. Kim permits Oscar. Bill rewards Liam. Katie tells Renee. Faith hugs Melanie. James holds Wayne. Scott teaches Kathy. Tom awards William.  Ellen invites Aiden. Amy sees Jordan. Edward loves Terry. Carol grabs Sandra. Steven makes Martha. Julia closes Ken. Mary writes Phil. Sam delivers Jenny. Scott teaches,7,Kathy
Josh sees Marc. Jack burns Walter. Sam builds Logan. Johnny catches Leo. Howard captures Kara. George accepts Michelle. Dennis checks Albert. Juan welcomes Lori. Jean hates Zach. Adam allows Jerry. Marc sends Jill. Justin guides Jean. Ryan parks Wanda. Leon approaches Maggie. Greg moves Vanessa. Mark stops Adrian. Dennis checks,7,Albert
Ben guards Kim. Max praises Sheila. Luke trains Sharon. Anne warns Ron. George comforts Martha. Craig awards Ian. Hannah teaches Troy. Lauren serves Shirley. Donna demands Valerie. Johnny feeds Melissa. Kate welcomes Alicia. Dennis alerts Jacob. Sarah approaches Renee. Dave changes Paula. Paul takes Leo. Emily cares Alison. Hannah teaches,7,Troy
Ryan prohibits Shawn. Sam trains Stephanie. Luke drives Julian. Martin explains Troy. Pat pays Lauren. Brian permits Howard. Helen writes Isaac. Emma reads Noah. Leo proposes Zach. Joe welcomes Albert. Hope avoids Jacob. Jason assists Ron. Diana guides Tracy. Josh needs Joy. Kay takes Monica. Ruth commands Michael. Helen writes,7,Isaac
Kurt scores Robin. Alan changes Aiden. Steve wakes Sally. Donna writes Marc. Leon risks Shawn. Emma meets Janet. June finds Logan. Scott gives Sheila. Kate boosts Anthony. Jordan accompanies Troy. Andrew leads Adrian. Bob cares Kathy. Rick challenges Judy. Edward trusts Johnny. Carol sends Howard. Jake guards Norman. June finds,7,Logan
Karen boosts Leo. Dean rewards Rita. Kathy changes Janet. Andrew moves Ashley. Emma comforts Irene. Marie protects Teresa. Jeff closes Jerry. Ruth takes Vincent. Katie teaches Ian. Claire faces Valerie. Julia treats Phil. Steven hates Pamela. Joe captures Monica. Ben fears Joy. Hope stops Todd. Alex sends Kathy. Jeff closes,7,Jerry
Rose hears Sandra. Arthur avoids Julian. Ian cooks Vanessa. Diana inspires Judy. Marie hates Ray. Sarah supports Melanie. Paul awards Valerie. Bill attracts Ashley. Fred finds Sara. Maggie likes Violet. Kurt guides Rob. Sam guards Monica. Luke closes Angela. Blake invites Victoria. Jean denies Maggie. Michael treats Melissa. Paul awards,7,Valerie
Leon guards Tracy. Maria accepts Kara. Tom cheers Irene. Will allows Amelia. Laura loves Howard. Dean follows Robin.  Ellen comforts Noah. Peter attacks Alison. Mark explains Joseph. Daniel captures Albert. Henry consoles Pam. Mary catches Andrea. Kathy warns Valerie. Josh defeats Ian. Ryan leaves Julian. Megan knows Louis. Ellen comforts,7,Noah
Jordan approaches Sylvia. Frank makes Joseph. Ben adopts Albert. Lauren takes Maggie. Maria denies Victoria. Marie attracts Leo. Kevin leads Louis. Diana cares Ralph. Faith grows June. Johnny offers Rita. Joseph inspires Melissa. Steve holds Rebecca. Alex permits Judy. Julia needs Stephen. Jacob keeps Amelia. Claire guides Nicholas. Kevin leads,7,Louis
Faith feeds Sandra. Rose serves Judy.  Ellen cheers Kelly. Rick lifts William. Ian boosts Margaret. Fred hates Andrea. Kim shares Michelle. Tim leaves Monica. Paul advises Stephen. Gary finds Roger. Laura invites Violet. Dave accompanies Tracy. Dean parks Kim. Steven knows Sean. Jake burns Troy. Max saves Sue. Kim shares,7,Michelle
Charles checks Amelia. Helen stays Liam. Kevin judges June. Edward feels Andrea. Thomas leads Melissa. George grabs Neil. Chris sends Margaret.  Ellen likes Lydia. Hannah challenges Ron. Emily closes Stephanie. Jordan leaves Joseph. Jenny hires Valerie. Joe stops Rachel. Luke needs Russell. Gary sees Stan. Robert assists Justin. Chris sends,7,Margaret
Keith opens Nicole. Kate seeks Ruby. Lucy answers Nicholas. Emma captures Melissa. Dean catches Judy. Katie backs Alicia. Mark avoids Leo. Harry approaches Wanda. Carol treats Ian. Marie defeats Sally. Tony guides Sara. Sarah moves Sean. Sam claims Martha. Claire wakes Kay. Helen tells Lori. Steven pays Joseph. Mark avoids,7,Leo
Fred feels Nicholas. Marc fights Leo. Helen moves Russell. Daniel follows Philip. John hugs Ray. Ian cares Alicia. Jack claims Tyler. Luke warns Marc. Mark respects Liam. Pat insists William. Melissa challenges Jenny. Frank permits Aiden. Leon reminds Rita. Paul reads Martha. Peter wakes Roy. Dennis shares Isaac. Jack claims,7,Tyler
Josh warns Leo. Luke changes Paula. Sarah rewards Logan. Amy helps Roy. Justin advises Nathan. Jeff grows Phil. Blake brings Olga. Brian parks Pam. Henry inspires Jenny. Susan hears Aiden. Anne avoids Victor. Maggie allows Philip. Greg insists Rob. Gary explains Kirk. Dennis stops Lauren. Andrew attracts Sharon. Blake brings,7,Olga
Kelly approaches Jacob. Anna warns Aiden. Anne calls Leo. Alan holds Rebecca. Dave attacks Nicole. Robert feels Lydia. Karen sends Alexa. Henry stays Jenny. June defeats Terry. Claire answers Stephanie. Louis gives Amber.  Rad affects Ian. Leo catches June. Donna shows Joseph. Jenny burns William. Helen tells Neil. Karen sends,7,Alexa
Faith likes Stephen. Jerry shares William. Brian delivers Albert. Dennis leads Kara. Thomas warns Sylvia. Alex leaves Lydia. Mike pays Terry. Tony loves Rachel. Justin feels Stephanie. Carl hears Kathy. Lily closes Kim. Dave reads Sara. June knows Julian. Austin affects Marc. Jack permits April. Jane treats Logan. Mike pays,7,Terry
Hope fights Logan. Jill checks Rob. Lucy treats Howard. Pat feels Richard. Carl catches Robin. Eric insists Jordan. Steven moves Ronald. Ryan awards Marie. Amy captures Kurt. Jenny permits Neil. Bob approaches Kyle. Rick cheers Terry. Melissa burns Marc. Tony finds Lori. Josh visits Sheila. Katie avoids Stephen. Steven moves,7,Ronald
Daniel sees Leo. Leo supports Lauren. Blake wants Louis. Hannah approves Walter. Jacob accompanies Stephanie. Gary warns Kurt. Brian denies Robin. Aaron tells Ted. Jordan heals Todd. Jake chooses Jordan. Mike reminds Roy. Liz comforts Judy. Michael offers Ralph. Lisa fears Johnny. Lucy hires Howard. Grace shares Kay. Brian denies,7,Robin
Ian checks Rachel. Jake allows Nathan. Scott scores Monica. Faith respects Justin. Mary visits Jerry. Frank writes Todd. Ben heals Leah. Martin avoids Amber. Henry guides Janet. Chris backs Louis. Matt accepts Rob. Kevin knows Troy. Grace feeds Vincent. James comforts Lori. Kyle welcomes Olga. Amy catches Philip. Ben heals,7,Leah
Scott leads Nicholas. Emma captures Walter. Ben wants Janet. Greg guards Zach. Paul adopts Jean. Aaron tells Victor. Lauren calls Irene. Maria sends Howard. Alex comforts Todd. Kurt warns Roger. Leo follows Stephen. Max claims Maggie. Tim buys Michelle. Blake assists Rita. Jake awards Renee. Bob likes Ronald. Lauren calls,7,Irene
June inspires Rebecca. Maggie stays Kay. Keith avoids Ralph. Will commands Ruby. Megan supports Isabel. Carol offers Margaret. Mark shows Roy. Kurt denies Troy. Jerry explains Walter. Gary joins Leon. Michael asks Lydia. Faith trusts Sally. Thomas seeks Jean. Grace makes Noah. Chris claims Joy. Laura proposes Olga. Mark shows,7,Roy
Johnny questions Ralph. Juan avoids Phil. Louis draws Louis. Margaret feels April. Dave challenges Tyler.  Ellen cooks Liam. Scott calls Monica. James bothers Amelia. Ben finds Joseph. Joe judges Pam. Ken protects Keith. Arthur hears Nicole. Marc cheers Sue. Luke serves Joan.  Rad delivers Logan. Mike sees Teresa. James bothers,8,Amelia
Lucy approaches Wanda. Kay makes Victor. Claire boosts Ted. Martin accompanies Oscar. Max hides Anthony. Thomas alerts Melissa. Kelly answers Ken. Ben reminds Sharon. Maggie bothers Jacob. Donna attacks Jean. Emma follows Marie. Adam offers Patrick. Alex challenges Kara. Megan cleans Lydia. Greg pays Ashley. Mark avoids Travis. Ben reminds,8,Sharon
Will opens Angela.  Ellen reads Rob. Joe comforts Nathan. Jill texts Ken. Arthur takes Michelle. Harry affects Zach. Scott grabs Joy. Sam calls Ray. Blake builds Wayne. Linda leaves Phil. Justin defeats Paula. Leon brings Oscar. Kay visits Rachel. Claire assists Kathy. Adam captures Walter. Kelly prohibits Marc. Sam calls,8,Ray
Kyle welcomes Liz. Faith saves Kirk. Linda gives April. Jerry avoids Sean. Mike reads Leon. Andrew follows Amelia. Rick trains Stephen. Grace bothers Pamela. David rewards Olga. Adam catches Irene. Alan draws Jerry. Max likes Norman. Kate invites Maggie. Nick attacks Lydia. Fred demands Julian. Gary assists Ken. Grace bothers,8,Pamela
Melissa comforts Adrian. Katie seeks Kathy. Maria feeds Anthony. Edward warns Ian. George stops June.  Ellen insists Sheila. Ruth approves Angela. Hope denies William. Juan advises Roy. Sarah asks Leah.  Rad fights Isaac. Joe needs Philip. Carl hides Michelle. Kathy avoids Juan. Jacob brings Jordan. Donna knows Stephanie. Hope denies,8,William
Leon guides Kyle. Henry feeds Olga. Pat shows Noah. Arthur answers Neil. Austin trusts Sheila. Hannah helps Julian. Alice risks Irene. Helen awards Todd. Dean inspires Stephen. Brian accepts Martha. Carol texts Ken. Kyle hates Leo. Charles stays Kay. Julia takes Justin. Jake consoles Wanda. Craig lifts Troy. Helen awards,8,Todd
Brian changes Janet. Karen hires Oscar. Liz holds Neil. Robert asks Richard. Faith needs Peggy. Marie guards Jacob. Josh knows Lauren. Laura prohibits Ian. Bill affects Johnny. Tony inspires Justin. Max reads Joy. Hope fights Nicole. Jack judges Terry. Justin scores Ruby. Blake tells Sally. Jeff accepts Wayne. Laura prohibits,8,Ian
Kate defeats Todd. Peter makes Nicole. Margaret reads Violet. Gary closes Wanda. Dave drives Sandra. Donna shows Noah. Harry catches Ray. Anna backs Angela. Kyle writes Albert. Brian leaves Ashley. Fred texts Maggie. Henry likes William. John warns Aiden. Paul explains Kyle. Aaron brings Ron. Rick draws Michael. Anna backs,8,Angela
Faith hides Nancy. Laura answers Ron. Kim holds Olga. John alerts Jean. Dave pays Peggy. Blake trains Tyler. Kelly challenges Travis. Tim needs Justin. Harry approaches Stephanie. Susan hears Rebecca. Maggie faces Wayne. Josh makes Valerie. Maria texts Teresa. Brian leads Irene.  Rad backs Ray. Scott joins Russell. Tim needs,8,Justin
Jake heals Rebecca. Liz teaches Justin. Leon helps Ted. Sam makes Kim. Jenny welcomes Neil. Anne challenges Andrea. Austin burns Anthony. Jordan fears Angela. Kim chooses Sharon. Bill respects Kirk. Paul moves Martha. Jill parks Rachel. Kate demands Jill. Karen gives William. Carl guides Keith. Julia allows Irene. Jordan fears,8,Angela
Josh feeds Norman. Andrew tells Jenny. Charles claims Natalie. Alex comforts Patrick. Tony trains Leon. Howard joins Lori. Donna attacks Howard. Alice wants Leah. Jacob accompanies Jacob. Blake respects Leo. Ryan alerts Stephanie. Anne prohibits Sheila. Jenny asks Adrian. Robert heals Travis. Tom allows Ian. Scott challenges Sean. Alice wants,8,Leah
Arthur sees Todd. Leo backs Marie. Jean heals Jacob. Sarah claims Kim. Claire defeats Anthony. Gary knows Ron. Ken changes Irene. Emily draws Rachel. Joy rewards Philip. Alex misses Ruby. Peter praises Stephanie. Jenny supports Kara. Amy lifts Patrick. Maria inspires Jill. Henry shows Howard. Aaron opens Ashley. Emily draws,8,Rachel
Jerry accompanies Judy. Will parks Leah. Luke seeks Vanessa. Ryan awards Jerry. Joy meets Noah. Liz comforts Patrick. Andrew urges William. Kelly claims Kim. Howard asks Shawn. Chris heals Marc. Ben likes Peggy. Kim hires Kelly. Donna teaches Ralph. Claire praises Rachel. Kurt brings Oscar. Dennis demands Ron. Kelly claims,8,Kim
Paul grabs Alicia. Will commands Sharon. Frank consoles Ronald. Melissa prohibits Teresa. James finds April. Alice accompanies Joy. Peter stays Noah. Jason defeats Judy. Margaret challenges Philip. Harry blocks Ralph. Matt accepts Lydia. Kyle teaches Lauren. Daniel risks Patrick. Jill claims Kyle. Megan awards Kathy. Maria insists Albert. Jason defeats,8,Judy
Helen helps Sheila. Donna misses Victoria. Thomas cares Teresa. Charles hires Jordan. Katie feels Patrick. Jenny finds Shawn. Sarah denies Ronald. Jerry challenges Justin. Jill trusts Oscar. Marie bothers Martin. Kate urges Leon. Steve fights Sean. Arthur advises Kim. Carol hears Ralph. Ryan closes Rob. Edward challenges Terry. Jerry challenges,8,Justin
Jake boosts Kelly.  Rad answers Jenny. Kay approaches Kara. Gary cleans Liam. Jenny knows Angela. Max thanks Isaac. Kurt makes Irene. Megan feels Vanessa. Kelly adopts Michelle. John changes Martha. Tim questions Howard. Alice invites Philip. Joy likes Sally. Keith hears Kyle. Leo judges Rob. Johnny welcomes Joan. Megan feels,8,Vanessa
Scott fights Amelia. Anna adopts Liam. Kurt hides Lauren. Tony risks Victoria. Nick attracts Ruby. Aaron permits Wayne. Leon advises Peggy. Emily guides Joan. Dennis saves Stephanie. Martin sends Liz. Tim helps Robin. Joseph brings Ted. Charles changes Tyler. Linda avoids Isaac. Kevin stays Alison. Greg chooses Richard. Emily guides,8,Joan
Rose catches Nancy. Johnny offers Kay. Aaron scores Amelia. Eric questions Alison. Will prohibits Rob. Brian guides Ron. Howard cooks Sandra. Dave gives Melanie. Tom fears Isabel. Alex adopts Monica. Kathy grabs Ruby. Dennis alerts Amber. Lucy reads Leon. Robert approaches Jerry. Kim hires Juan. Daniel avoids Kyle. Dave gives,8,Melanie
Kelly affects Victoria. Jack avoids Melanie. Lucy cheers Travis. Grace leads Ronald. Ian helps Martha. Tom hugs Leo. Donna builds Lydia. Laura boosts Teresa. Bob seeks Sheila. Faith risks Justin. Lisa checks Leah. Austin draws Renee. Emily feels Stephanie. Rose takes Nicholas. Jane serves Ruby. Linda demands Margaret. Laura boosts,8,Teresa
Steve hugs William. Dean leads Kirk. Will writes Marie. Anna makes Violet. James hates Sara. Kay sends Vanessa. Kim commands Martha. Carol reads Phil. Juan hides Tracy. Dennis wants Patrick. Brian needs Johnny. Jeff gives Kurt. Donna faces Julian. Rose explains Liz. Aaron prohibits Howard. Anne knows Jill. Carol reads,8,Phil
Paul urges Roy. Jerry guides Jean. Kelly insists Ted. Henry assists Patrick. Margaret attacks Kathy. Fred comforts Sylvia. Daniel lifts Kay. Ryan judges Victoria. Steven boosts Margaret. Alice attracts Stan. Johnny questions Judy. Katie needs Noah. Lucy hears Janet. Kay cheers Wayne. Liz meets Kim. Sarah closes Tyler. Ryan judges,8,Victoria
Tom cheers Liam. Andrew helps Martin. Linda urges Kay. Nick defeats Wanda.  Rad reminds Sharon. Joe likes Alison. Daniel inspires Howard. Frank buys Adrian. Megan moves Leon. Carl delivers Ralph. Jacob feels Amber. Jane sends Joseph. Steve challenges Kathy. John faces Amelia. Jason pays Peggy. Tony opens Travis. Frank buys,8,Adrian
Joe claims Justin. Hope drives Nathan. Joy welcomes Howard. Nick praises Rachel. Liz cares Jenny. George hides Todd. Faith avoids Julian. Gary challenges Travis. Mark keeps Alexa. Robert cheers Russell. Matt burns Margaret. Justin follows Kara. Claire grabs Roy. Tony feeds Rita. Alex adopts Victoria. Alan prohibits Natalie. Gary challenges,8,Travis
Rick answers William. Chris invites Andrea. Andrew asks Alison. Marie cooks Sharon. Will grabs Joan. John comforts Victoria. Craig hates Ron. Alan comforts Angela. Matt trains Martin. Maria buys Louis. Hannah helps Shawn. Mike blocks Marc. Lauren draws Sally. Donna treats Philip. Jake texts Tyler. Jordan delivers Liam. Alan comforts,8,Angela
Dennis draws Julian. Max calls Jerry. Maria defeats Kyle. Mike attracts Stan. Claire boosts Melanie. Sarah cleans Kara. Ryan grabs Joy. Sam reads Vincent. Luke praises Aiden. Margaret affects Irene. Lucy seeks William. Edward assists Troy. Alex stays Johnny. Kevin hears Terry. Tom gives Noah. Tony finds Nicole. Sam reads,8,Vincent
Peter pays Alison. Andrew insists Amber. Joseph answers Albert. Faith attacks Howard. Alex needs Tyler. Josh challenges Louis. Dean draws Jacob. Rick burns Marc. Scott loves Lauren. Alice praises Leon. Hope approves Rob. Blake guards Norman. Max hates June. Jordan joins Nathan. Emily fixes Judy. Keith writes Sally. Rick burns,8,Marc
James praises Keith. Carl hugs Ronald.  Rad feels Kathy. Lauren cares Martha. Arthur judges Teresa. Austin welcomes Philip. Luke needs Sue. Claire finds Maggie. Susan leaves Leon. Kurt tells Todd. Craig teaches Troy. Julia prohibits Tracy. Bill serves Amber.  Ellen pays Vanessa. Dennis offers Walter. Bob reminds June. Claire finds,8,Maggie
David knows Tracy. Edward claims Aiden. Dave seeks Violet. Kate comforts Renee. Liz avoids Rita. Dean judges Peggy. Jake texts Zach. Robert fixes Howard. Paul wants Pam. Kyle comforts Isaac.  Ellen captures Amber. Marc challenges Ron. Rose holds Roger. Keith alerts Liam. Leo adopts Juan. Steve pays Jenny. Robert fixes,8,Howard
Steven feels Sue. Mary calls Terry. David approaches Jacob. Jeff saves Ralph. Johnny fights Angela. Fred boosts Julian. Joe praises Amelia. Amy hears Renee. Edward claims Michael. Emma holds Leo. Bill seeks Kay. Brian likes Janet. Joy hires Justin. Justin heals Marie. Bob leaves Tyler.  Rad grows Joy. Amy hears,8,Renee
Emily assists Teresa. Keith visits Norman. Rick helps Shawn. Faith needs Oscar. Emma cleans Kara. Nick knows Peggy. Greg challenges Wayne. Max shares Roger. Jill claims Jerry. Thomas alerts Logan. Tim catches Patrick. Matt defeats Leo. Jacob affects Leon. Mark denies Isaac. Brian approves Kathy. June offers Anthony. Max shares,8,Roger
Sarah explains April. Steve attracts Richard. Joe consoles Neil. Emily adopts Aiden. Gary challenges Ray. Joseph accompanies Monica. Matt challenges Louis.  Rad guards Jordan. Jason invites Shirley. George delivers Lydia. Anna holds Logan. Luke changes Liz. Anne loves Valerie. Jack allows Jean. Lucy checks Olga. Marie wakes Howard. Rad guards,8,Jordan
Steve likes Logan. Dennis adopts Stephen. Bob burns Violet. Alan writes Wanda. Liz holds Kurt. Matt asks Stephanie. Kay thanks Neil. Rose challenges Melanie. James explains Ken. Joy feels Justin. Carol moves Liz. Justin invites Walter. Max pays Richard. Lauren demands Lydia. Rick texts Russell. Melissa urges Maggie. Rose challenges,8,Melanie
Scott checks April. Steve closes Philip. Chris chooses Alison. Fred keeps Nancy. Jenny adopts Rita. Arthur welcomes Todd. Bill leads Natalie. Dean saves Norman. Margaret burns Terry. Faith claims Rachel. Pat delivers Valerie. Eric feeds Renee. Anne warns Amelia. Will scores Aiden. Howard advises Anthony. Frank guards Stephanie. Dean saves,8,Norman
Marc comforts Shawn. Jane serves Michelle. Kathy checks Tracy. Steven teaches Kyle. Dennis feeds Aiden. Harry grows Leon. Marie fears Adrian. Gary protects Stan. Rick fights Pam. Jordan burns April. Adam warns Peggy. Jake alerts Kurt. Fred seeks Nicholas. Claire hears Sheila. Ben avoids Lauren. Andrew rewards Roy. Gary protects,8,Stan
Gary heals Shawn. Jason invites Philip. Rick challenges Rebecca. Jane feels Teresa. Jeff follows Isabel. Bob keeps Juan. Bill inspires April. Marie comforts Kathy. Jean cooks Roger. Fred guards Jacob. Kim consoles Nicholas. Eric judges Monica. Aaron alerts Paula. Henry visits Lauren. Jacob misses Kara. Juan asks Logan. Marie comforts,8,Kathy
Louis holds Pamela. Alice consoles Kirk. Joy gives Jacob. Eric wants Tyler.  Rad defeats Juan. Kyle finds Kay. Sarah hires Amber. Melissa affects Joy. Emma opens Vanessa. Ben questions Robin. Emily writes Patrick. Jenny explains Kyle. Will misses Ian. John loves Howard. Charles needs Olga. Anne urges Isabel. Melissa affects,8,Joy
Lauren leads Sheila. Ian supports Sharon. John inspires Isaac. Robert hides Rob. Martin seeks Albert. Juan attacks Johnny. Kevin reads Nicole. David assists Leon. Bob closes Louis. Claire accepts Rebecca. Ben feeds Renee. Josh follows Lori. Marie opens Victor. Sam answers Jean. Susan cheers Roger. Amy builds William. David assists,8,Leon
Karen attracts Walter. Rose builds Vincent. Susan offers Marc. Joe blocks Lydia. Margaret approves Albert. Liz cares Nicole. Tony risks Anthony. Eric shares Rob. Jill boosts Alison. Bill grows Olga. Johnny comforts Zach. Greg allows Jean. Arthur insists Irene. Carol knows Janet. Tim adopts Amelia. Nick backs Kara. Eric shares,8,Rob
Michael attacks Nancy. Eric insists Stan. Anna claims Andrea. Megan risks Janet. Jack accepts Todd. Laura follows Ray. Andrew seeks Jordan. Justin scores Travis. Sam guards Michelle. Grace lifts Maggie. Arthur attracts Norman. Donna buys Liam. Carl offers Teresa. Harry keeps Richard. Jacob prohibits Patrick. Emma faces Tracy. Justin scores,8,Travis
Kurt cleans Jenny. Rose visits Joy. Kyle accepts Victoria. Hannah checks Martin. Emma needs Kirk. Mark wakes Adrian. Henry consoles Tyler. Thomas holds Alison. June scores Roger. Greg invites Sharon. Alex hears Terry. Keith builds Patrick. Mike reads Zach. Craig prohibits Violet. Fred meets Liz. Joseph shares Ray. Thomas holds,8,Alison
Amy avoids Andrea. Liz saves Angela. Robert changes Jacob. Nick builds Isaac. Bill helps Jill. Jane takes Todd. Michael hides Philip. Fred accompanies Amelia. Hope chooses Rita. Donna backs Joan. Matt writes Sean. Martin trains Tyler.  Rad feeds Martin. Jenny loves Joy. Diana adopts Robin. Kyle catches Melanie. Fred accompanies,8,Amelia
Joe delivers Victoria. Matt joins Sean. Ian leaves Sally. Craig explains Lori. Kevin loves Roger. Jack cares Philip. Jeff guards Martha. Jean writes Patrick. Mike inspires Roy. Sam boosts April. Mark consoles Irene. Kyle trusts Victor. Donna commands Renee. Eric urges Nicholas. Alan knows Travis.  Rad saves Norman. Jean writes,8,Patrick
Kurt backs Kim. Craig claims Jill. Chris visits Sally. Kelly questions Alicia. Anne fixes Adrian. Rose needs Justin. Jerry faces Johnny. Steve captures Ian. Martin respects Sharon. Jeff awards Pam. Kate approaches Ralph. Karen texts Andrea. Dean leads Alexa. Jason checks Shirley. Brian shares Todd. Mary rewards Renee. Steve captures,8,Ian
Dean delivers Leo. Blake fears Kim. Kim follows Logan. Donna joins Patrick. Lucy reads Natalie. Diana invites Sandra. Sarah helps Sue. Rick allows Kelly. Andrew checks Nancy. Maggie likes Louis. Pat comforts Joan. Anne feeds Shirley. Harry tells Teresa. Jacob grabs Justin. Jake rewards Kara. Melissa demands Victoria. Rick allows,8,Kelly
Dave joins Violet. Steven proposes Ruby. Laura blocks Philip.  Ellen urges Liam. Thomas knows Nancy. Kate feeds Andrea. Kevin catches Olga. Max delivers Justin. Tony guards Martin. Pat leaves Isabel. Daniel alerts Lydia. Jeff welcomes Teresa. Ken praises Jean. Adam cleans Roger. Lucy inspires Rachel. Mary cares Leon. Max delivers,8,Justin
Kate invites Jordan. Margaret holds Amelia. Alex trains Shawn. Louis tells Philip. John prohibits Natalie. Frank alerts Sharon. Bill lifts June. Jerry affects Marie. Kelly draws Monica. Ben pays Wanda. Claire sees Jenny. Tim cleans Kay. Dennis urges Nicole. Josh fears Justin. Katie denies Pamela. Helen faces Ted. Jerry affects,8,Marie
Frank blocks Marc. Emma hears Leo. Tom comforts Joan. Liz parks Philip. Andrew protects Martin. Marie questions Teresa. Ken gives Todd. Grace approaches Nicole. Howard prohibits Shawn. Arthur invites Michael. Harry cleans Kara. Anne praises Amelia. Rick rewards Melanie.  Ellen accompanies Ken. Will hires Albert. Aaron draws Noah. Grace approaches,8,Nicole
June texts Stephen. Mary delivers Margaret. Liz wants Kay. George finds Ralph. Claire sees Sue. Frank cheers Howard. Paul knows Pam. Robert brings Patrick. Laura meets Liam. Joe loves Janet. Chris guards Noah. Joy treats Lauren. Luke approaches Kim. Greg cares Ken. Steven welcomes Renee. Marie permits Martin. Robert brings,8,Patrick
Jane gives Ralph. Maggie comforts Michael. Marie fears Jordan. Justin knows Alicia. Joseph attacks Vanessa. Megan chooses Walter. Arthur helps Valerie. Alex blocks Phil. Lisa heals Tyler. Kevin keeps Victoria. Mary cooks Leo. Andrew seeks Patrick. Alan brings Andrea. Kyle awards Jean. Rick explains Shawn. Sarah challenges Sara. Alex blocks,8,Phil
David answers Monica. Julia respects Zach. Mary thanks Renee. Frank sends Norman. Howard needs Lydia. Luke approaches Kay. Arthur shows Sheila. Alex grows Liz. Joe feels Jenny. Kathy keeps Angela. Linda blocks Kelly. Ruth assists Phil. Anna pays Roy. Emma feeds Stephen. Mike misses Jordan. Will wants Ray. Alex grows,8,Liz
Peter blocks Howard. Jason stays Isaac. Claire loves Martha. Sarah treats Kathy. Melissa assists Lauren. Josh supports Julian. Arthur needs Zach. Austin hires Jordan. Jordan cheers Shirley. Hope avoids William. Jill buys Andrea. Leon opens Kay. Johnny shares Jill. Ian challenges Ken. Diana judges Nicole. Matt burns Wayne. Jordan cheers,9,Shirley
Ryan lifts Jean. Martin joins Rachel. Carl leads Isabel. Alan reads William. Katie thanks Isaac. Howard visits Vincent. Joy judges Logan. Marie burns Kim. Jordan cooks Marie. Max writes Sara. Donna loves Stan. Fred parks Walter. Aaron wakes Aiden. George calls Norman. Kyle invites Alison. Eric scores Teresa. Jordan cooks,9,Marie
Ben supports Isaac. Keith finds Sandra. Ryan insists Lauren. Rick fears Olga. Edward proposes Valerie. Mike assists Anthony. Aaron questions Kelly. Megan urges Martha. Martin hugs Julian. Linda invites Ruby. Faith attacks Stan. Jacob asks Philip. Austin grows Vincent. Robert pays Rob. Fred seeks Alison. Justin praises Jordan. Martin hugs,9,Julian
Carl comforts Noah. Leon seeks William. Robert shares Sean. David parks Todd. Steve reminds Rita. Aaron builds Leo. Joseph reads Vincent. Scott needs Zach. Dean invites Phil. Jill fears Stephanie. Charles hires Ron. Sam hides Angela. Grace grabs Sandra. Emily changes Rebecca. Andrew boosts Walter. Joy sees Amelia. Dean invites,9,Phil
Max claims Justin. Keith burns Walter. Margaret brings Rebecca. Linda stays Lauren. Will needs Judy. Jack attacks Shirley. Lily rewards Aiden. Carol approaches Shawn. Leo trusts Nancy. Kathy feels Pamela. Lucy warns Roy. Tony defeats Valerie.  Ellen awards Kyle. Alan misses Kurt. Liz insists Marc. Maria keeps Ron. Leo trusts,9,Nancy
Craig affects Johnny. Kate serves Travis. Emily feeds Isaac. June hugs Julian. Josh claims Ronald. Sarah scores Joan. Harry checks Vanessa. Alice texts Troy. Steve cooks Tyler. Maggie boosts Kurt.  Ellen knows Sheila. Daniel adopts April. Jill cares June. Rose cleans Ron. Matt comforts Michael. Adam misses Isabel. Steve cooks,9,Tyler
Julia advises Isaac. Robert comforts Pamela. Harry allows Neil. Donna wants Jerry. Lucy accompanies Ken. Lauren helps Ralph. Frank cleans Victoria. Steve feeds Sheila. Rose questions Richard. Tony scores Alexa. Juan risks Peggy. Andrew fears Wayne. Jill drives Shirley. Jake follows Valerie.  Rad needs Russell. Linda texts Rebecca. Rose questions,9,Richard
Greg needs Nicholas. Martin bothers Sandra. Louis hates Aiden. Harry cooks Julian. Hope calls Ashley. Nick protects Michael. Tom burns Monica. Matt chooses Violet. Kelly misses Marc. Anna delivers Kathy. Daniel opens Irene. Steve consoles Shirley. Alice approves Russell. Steven avoids Ron. Charles teaches Stephanie. Juan comforts Tyler. Kelly misses,9,Marc
Jake affects Marc. Lisa delivers Liz. Melissa cleans Robin. Jenny invites Rita. Kelly captures Jill. Steven burns Leah. Craig trusts Adrian. Paul cooks Albert. Jean misses Johnny. Amy attracts Nathan. John feeds Stephen. Louis risks Todd. Jeff advises William. Alan consoles Nicole. Juan finds Natalie. Justin adopts Lori. Jean misses,9,Johnny
Steven knows Tracy. Thomas blocks Pam. Alan fights Roy. Scott attracts Terry. Charles treats Pamela. Robert fixes Sue. Eric comforts Justin. Will challenges Rob. Peter backs Ralph. Julia catches Oscar. Grace warns Melissa. Edward adopts Sally. John trusts Ken. Donna proposes Michelle. Liz defeats Amber. Jean boosts Ashley. Peter backs,9,Ralph
Daniel misses Monica. Rick lifts Ronald. Joseph demands Joan. Greg accompanies Justin. Anne cleans Richard. Bill prohibits Alexa. Kate takes Leah. Kurt fights Nicholas. Jason catches Rob. Leon welcomes Ted. George attacks Sheila. Harry teaches Johnny. Hannah hugs Rebecca. Luke faces Natalie. Anna checks Alison. Jake builds Ruby. Jason catches,9,Rob
June meets Victoria. Lucy accepts Todd. Robert sends June. Mark commands Renee. Adam judges Alexa. Bill likes Kay. Mary brings Logan. Leo writes Travis. Rose fears Stephen. Laura teaches Vincent. Josh captures Michelle. Jordan asks Keith. Joseph explains Martha. Austin adopts Maggie. Dean comforts Janet. Pat invites Rebecca. Rose fears,9,Stephen
Leo texts Paula. Liz judges Joan. Linda adopts Ralph. Helen asks Michael. Jeff invites Ronald. Margaret accepts Rob. Jill hears Victor. Robert attracts Andrea. Lily approaches Roger. Lucy changes Louis. Adam catches Nicholas. Will approves Anthony. Tom burns Angela. Jean praises Shawn. Martin inspires Howard.  Ellen denies Sue. Lily approaches,9,Roger
Johnny advises Violet. Ruth claims Joseph. Dean seeks Ashley. Julia teaches Alison. Kyle alerts June. Daniel invites Liam. Anna holds Shirley. Kelly allows Julian. Tim thanks Isaac. Robert guides Robin. Justin captures Richard. Faith leaves Amber. Craig pays Stan. Howard welcomes Marc. Carl attacks Phil. Diana fights Amelia. Tim thanks,9,Isaac
Carol gives Julian. Will praises Lydia. Jean drives Norman. Margaret inspires Zach. Adam captures Alicia. Jordan fears Roger. Liz moves Sara. Jack cooks Natalie.  Rad keeps Kurt. Jeff fixes Renee. Hope thanks Melissa. Melissa serves Angela. Maggie leads Phil. Rose grows June. Alex builds Ronald. Johnny claims Stephen. Rad keeps,9,Kurt
Ken draws Ruby. Sarah comforts Albert. Will awards Melanie. Craig invites Leah. Jack saves Isaac. Megan questions Rebecca. Alan sees Michelle. Kevin hears Nicholas. Jerry trusts Sheila. Diana chooses Ron. Anna hugs Russell. Greg makes Paula. Andrew needs Isabel. Alice offers Stephanie. Ruth backs Kirk. James faces Tyler. Jerry trusts,9,Sheila
Mary grows Logan. Rick takes Wayne.  Rad buys Rachel. Juan feeds Lydia. Amy meets Stephanie. Charles challenges Jill. Harry loves Margaret. Kate praises Paula. Margaret reads Joseph. Aaron catches Sally. Anna proposes Jenny. Tim saves Joan.  Ellen joins Sheila. Jane defeats Sue. Gary explains Isaac. Marc delivers Valerie. Margaret reads,9,Joseph
Rose asks Adrian. Dean protects Nathan. Michael reads Shirley. Will joins Ray. George wakes Phil. Susan trusts Amber. Emma blocks Russell. Rick supports Victor. Peter treats Lauren. Ryan alerts Sharon. Max rewards Kurt. Leon allows Sheila. Hope faces Robin. Juan sees Ruby. Matt invites Janet. Diana heals Todd. Peter treats,9,Lauren
Kevin attracts Julian. Leo calls Logan. Gary brings Natalie. John prohibits Victor. Lucy meets Robin. Kathy delivers Tracy. Leon consoles Vanessa. Kyle questions Jerry. Laura explains Rob. Matt loves Peggy. Tim judges Liz. Martin protects Joan. Steve pays Ronald. Diana fears Valerie. Jordan affects Nathan. Bill praises Kelly. Laura explains,9,Rob
Steve sends Janet. Dean challenges Teresa. Margaret consoles Rob. Alex hates Michael. Kyle feeds Logan. Jacob finds Todd. Howard accepts Rebecca. James misses Michelle. Will feels Ted. Susan asks Jacob. Henry serves Russell. Lisa fears Ken. June fixes Ronald. Steven adopts Paula. Bill catches Ralph. Leon sees Kelly. Will feels,9,Ted
Andrew knows Wayne.  Rad follows Isabel. Hope accompanies Stephen. Carol stays Wanda. Bob teaches Kim. Thomas cares Roger. Fred changes Robin. Matt protects Michelle.  Ellen makes Kirk. Marie likes Phil. Peter lifts Russell. Martin cheers Jill. Emma finds Julian. George attracts Richard. Juan bothers Sylvia. Kyle rewards Kelly. Ellen makes,9,Kirk
Max comforts April. Chris commands Walter. Anne hears Violet. Steven praises Howard. Kurt inspires Ken. Tom reminds Roy. Carol grows Louis. Kelly moves Kyle. Marie keeps Sharon. Marc assists Nicole. Jake calls Peggy. Martin finds Olga. Bill affects Kara. Jordan leads Rita. Mark drives Janet. Howard adopts Pam. Marie keeps,9,Sharon
Craig grabs Logan. Mike drives Neil. Alex invites Valerie. Jordan fears Amber. Chris needs Ken. Eric inspires Alison. Jake seeks Kurt. Adam parks Liz. Ken chooses Aiden. Jason boosts Sheila. Jeff explains Michelle. David opens Andrea. June attacks Rebecca. Faith asks Marc. Kate feeds Anthony. Kurt shares Leah. Ken chooses,9,Aiden
Jeff parks Martha. Howard guards Lydia. Carol approaches Kathy. Jordan fixes Nathan. Dean prohibits Keith. Carl bothers William. Sarah blocks Sean. Gary changes Sandra. Eric captures Kim. Alice misses Stephanie. Charles judges Joseph. Ruth avoids Adrian. Lauren faces Michael. Lily draws Victor. Johnny urges Ron. Katie buys Sue. Eric captures,9,Kim
Arthur advises Ray. James demands Shirley. Jill reminds Amelia. Frank respects Aiden. Helen checks Paula. Blake shares Natalie. Kim avoids Judy. Fred warns Howard.  Ellen permits Sue. Eric consoles Logan. George catches Tracy. Scott saves Victoria. John feeds Marie. Thomas gives Keith. Carol joins Patrick. Greg asks Valerie. Ellen permits,9,Sue
Scott shows Ralph. Sarah misses Isabel. Jill assists Shirley. Alan feels Lori. Dave avoids Nathan. Julia buys Roger. Johnny stops Justin. Keith cares June. Steven cooks Noah. Anne challenges Todd. Jake opens Anthony. John hides Liam. Joe protects William. Sam fears Philip. Anna proposes Rebecca. Luke thanks Howard. Steven cooks,9,Noah
Thomas questions Paula. Kim faces Sylvia. Alice captures Kim. Leo joins Ralph. Rick cares Kara. Donna inspires Ted. Claire scores Shirley. Jacob tells Philip. Harry allows Jerry. Carol opens Walter. Emma shows Patrick. Bill rewards Richard. Jordan cooks Alison. Kyle answers Ian. Lucy challenges Wayne. Johnny holds Victor. Harry allows,9,Jerry
Sarah hugs Russell. Henry allows Justin. Ruth closes Lauren. Kathy protects Judy. Jerry commands Jordan. Paul accompanies Oscar. Matt buys Wanda. Josh keeps Marie. Dennis seeks Stephen. Aaron chooses Alicia. Martin permits Amber. Anne alerts Alexa. Juan accepts Rita. Marie hides Sandra. Alan shares Isabel. Melissa advises Anthony. Dennis seeks,9,Stephen
Hannah drives Kelly. Carl blocks Kay. Chris treats Joy. Josh gives Anthony. Adam catches Julian. Henry grabs Leo. Joe backs Shirley. Lily fears Juan. Ian asks Stephanie. Andrew reminds Logan. Ruth opens Isaac. Katie tells Aiden. Austin seeks Sue. Laura hears Jill. Craig heals Jacob.  Ellen changes Kara. Ian asks,9,Stephanie
Ryan cleans Victoria. Alex boosts Anthony. Joy reminds Janet. Kelly draws Noah. Bill reads Rebecca. Bob proposes Leah.  Rad risks Pamela. Kathy follows Logan. Steven teaches Marie. Fred sends Kara. Maria fights April. Adam alerts Lauren. Blake explains Roger. Leon hides Jordan. Max parks Richard. Marie builds Ruby. Steven teaches,9,Marie
Aaron reminds Stan. Paul attracts Ralph. Anna draws Terry. Kate delivers Tracy. Tony holds Melissa.  Rad opens Angela. Marc guides Victoria. Julia assists Ron. Louis likes Joy. Carl scores Sean. Steven parks Liam. Marie blocks Renee. Max grabs Logan.  Ellen alerts Adrian. Thomas buys Kathy. Lucy affects Pam. Louis likes,9,Joy
Claire closes Joseph. Justin drives Rob. Ryan guides Jill. Adam builds Jenny. Martin feeds Jean. Faith writes Rita. Diana thanks Keith. Lily commands Renee. Daniel defeats Julian. Jean sends Rebecca. Ian wakes Ian. Howard permits Janet. Laura challenges Kathy. David opens Vanessa. Peter risks Justin. Luke feels Amber. Daniel defeats,9,Julian
Laura moves Judy. Johnny parks April. Arthur stops Teresa. Matt wakes Stephen. Jordan saves Amber. Pat defeats Jill. Emily boosts Johnny. Ryan guides Amelia. Jeff accepts Kathy. Bill grabs Lydia. Harry heals Ken. Charles claims William. Nick reminds Jenny. Marc takes Kirk. Tony shares Janet. Bob knows Isaac. Jeff accepts,9,Kathy
Howard likes Leah. Linda makes Marc. Marie sends Ray. Greg stays Angela. Dean welcomes Jill. Mary permits Kurt. Eric hides Martin. Peter draws Richard. Josh thanks Philip. Juan answers Russell. Anna misses Valerie. Kim loves Ken. Thomas demands Nicholas. Carol allows Adrian. Ruth assists Patrick. Nick serves Ian. Josh thanks,9,Philip
Jack trusts Robin. Kevin commands Roger. Jordan wakes Joy. Faith defeats Terry. Susan answers Stephen. Aaron warns Jenny. Thomas delivers Kara. Luke hates Roy. Karen prohibits Vincent. Robert trains Kathy. Donna praises Russell. Peter teaches Rita. Tom cleans Amelia. Marc asks Ralph. Amy cares Kim. Helen cheers April. Karen prohibits,9,Vincent
Robert brings Melanie. Megan hires Jordan. Daniel accompanies Olga. Bill invites Kirk. Lisa faces Ronald. Josh allows Phil. Linda permits Russell. Katie approves Leo. Kathy knows Ruby. Kate finds Rob. Tom seeks Walter. Keith draws Valerie. Maggie reads Leon. Diana commands Lauren. Dennis grows Sandra. Emma feels Ron. Kathy knows,9,Ruby
Daniel praises Valerie. Faith attracts Sheila. Austin permits Kyle. Hannah sends Johnny. Keith approves Martha. Laura comforts Janet. Anna hugs Natalie. Joy visits Amber. Edward consoles Ian. David misses Sean. Leon chooses Irene. Sam finds Pam. Luke feeds Joan. Scott follows Kelly. Ian heals Sylvia. Michael brings Joseph. Edward consoles,9,Ian
Brian inspires Ian. Austin builds Lori. Kim checks Vincent. Bob stops Rob. June risks Valerie. Peter knows Shirley. Howard adopts Lauren. Jake helps Peggy. Johnny permits Ronald. Harry closes Neil. Blake trains Julian. Fred offers Troy. Mike avoids Howard. Robert takes Natalie. Alan holds Tyler. Joseph heals Keith. Johnny permits,9,Ronald
Emma warns Andrea. Jean heals Roy. Megan sends Joan. Emily shares Sally. Fred helps Liam. Jack pays Janet. Blake advises Patrick. Bill cheers Margaret. Chris awards Shawn. Adam buys Amelia. Howard reads Kurt. Kelly feeds Lydia. Kay builds Kara. Helen allows Kelly. Karen burns Wanda. Leon faces Jacob. Chris awards,9,Shawn
Diana hates Jenny. Alice wants Kara. Sam needs Isaac. Bill cooks Jerry. Peter fears Pamela. Carol protects Peggy. Max cleans Sharon. Joseph approaches Leon. Rose prohibits Marc. Kelly serves Terry. Martin brings Stan. June cheers Ray. Julia tells Victoria. Kevin faces Howard. Jeff consoles Lauren. Alan fixes Sue. Rose prohibits,9,Marc
Marie hates Amber. Kevin assists Howard. Will misses Kathy. Leo approaches Wayne. Sam draws Rebecca. Liz praises Maggie. Joe offers Ashley. George comforts Angela. Jill joins Nathan. Edward parks Janet. Maria urges Sylvia. Thomas consoles Nicholas. Jean changes Sally. Karen thanks Vincent. Lauren comforts Kirk. Mary brings Alicia. Jill joins,9,Nathan
Johnny demands April. Mike thanks Sally. Paul rewards Judy. Joseph grows Ray. James shares Violet. Maggie parks Rachel. Kate explains Ruby. Arthur boosts Kirk. Susan questions Joy. Carol approves Rita. Julia buys Kurt. Dennis attacks Stan. Howard finds Walter. Jeff stays Zach.  Ellen attracts Nicholas. Austin faces Ronald. Susan questions,9,Joy
Sarah blocks Todd. Kevin shares Joan. Emma hates Kay. Mike reminds Andrea. Kay urges Nicole. Andrew parks Renee. Sam tells Teresa.  Rad hears Kara. Steven serves Ronald. Will hides Ralph. Ruth respects William. Amy closes Amelia. Greg takes Alexa. Matt explains Ken. Lauren warns Logan. David moves Pam. Steven serves,9,Ronald
Linda visits Victor. Kurt burns Vanessa. Claire fixes Michael. Faith assists Kathy. Ian explains Leo. Robert offers Michelle.  Rad blocks Nancy. Mary fears Johnny. Adam calls Albert. Katie alerts Ronald. Lauren misses Jordan. Helen wakes Russell. Jenny changes Jean. Dave teaches Ian. Mark sends Ron. Steven treats William. Adam calls,9,Albert
Laura checks Wanda. Scott rewards Nicole. Paul captures Valerie. Howard misses Zach. Hope bothers Jean. Diana asks Rita. Maggie trains Martha. Grace urges Sharon. Ian leads Julian. Lisa attacks Kelly. Justin protects Shawn. David hears Kay. Rose cares Leon. Dean heals Renee. Luke alerts Ted. Jason guides Neil. Ian leads,9,Julian
Josh cares Isabel. Marie drives Richard. Tony misses Roger. Ben commands Tracy. Liz hears Kurt. Diana captures Joseph. Anne approves Albert. Andrew protects Margaret. Kurt questions Ashley. Leo texts Phil. Steve calls Wayne. Jack scores Wanda. Charles blocks Rita. Blake closes Victor. Pat shows Violet. Daniel risks Norman. Kurt questions,9,Ashley
John commands Stephen. Joseph reminds Kurt. George claims Nicholas. Linda checks Ken. Leo serves Juan. Julia feeds Stan. Marc delivers Johnny. Blake texts Walter. Tom hugs Troy. Craig attacks Ronald. Jacob backs William. Katie blocks Adrian. Ruth questions Phil. Arthur faces Janet. Lily moves Ron. Hannah stops Philip. Tom hugs,9,Troy
Kim lifts Kelly. Diana needs Neil. Jane captures Victoria. Maggie seeks Michael. Kay joins Isabel. June parks Russell. Will fixes Marie. Louis catches April. Amy changes Andrea. Lauren praises Pam. Mike wants Ian. Lucy fights Olga. Ben loves Sylvia. Jacob hates Michelle. Craig cooks Ashley. Tony misses Howard. Amy changes,9,Andrea
Hannah comforts Kara. Ruth approaches Juan. Kyle welcomes Phil. Alan permits Sally. Liz cleans Rebecca. Katie changes Angela. Jenny trusts Kathy. Kay guards Travis. Charles knows Neil. Marc reads Alison. Ken accompanies Janet. Dave texts Ron. Bill respects Wayne. Harry pays Judy. Tim leaves Jean.  Ellen awards Alicia. Charles knows,9,Neil
Jordan accepts June. Sarah catches Kyle. Lauren invites Ashley. Kay praises Liam. Kim trusts Jill. Bob bothers Troy. Kyle adopts Ralph. Jack avoids Ray. Frank hugs Adrian. Johnny visits Teresa. Carl texts Marc. Ian judges Norman. Maria respects Kirk. Joseph shares Jean. Liz serves Victor. Rick reads Russell. Frank hugs,9,Adrian
Aaron inspires Jenny. Chris texts Ralph. Kay saves Joan. Gary meets Lydia. Adam guards Sally. Michael explains Martha. Jake warns Shawn. Daniel shows Ashley. Amy feeds Louis. Steve bothers Nicholas.  Ellen sends Liz. Kevin finds Stephen. Megan misses Jordan. Harry urges Janet. Julia fears Amelia. Mark insists Ronald. Steve bothers,10,Nicholas
Edward attracts Robin. Craig challenges Sandra. Marie avoids Pamela. Matt approves Lauren. Will questions Sue. Alan welcomes Sheila. Ken hates Jenny. Jerry drives Patrick. Frank accompanies Ralph. Margaret praises Angela. Ruth supports Noah. Liz protects June. Joseph adopts Liam. Lily wants Ted. Helen comforts Terry. Gary approaches Kirk. Margaret praises,10,Angela
Laura stops Martin.  Ellen draws Keith. Chris hides Paula. Gary comforts Albert. Steven wakes Victoria. Carol hires Phil. Adam finds Sue. Amy respects Joy. Robert sends Stephanie. Dave takes Terry. George moves Sharon. Leo visits Victor. Blake lifts Monica. Kurt calls Janet. Hannah shows Kyle. June leads Norman. Dave takes,10,Terry
Kate guards Sara. Hope alerts Philip. Tom catches Kim. Henry texts Monica. Laura leads Tyler. Mark trains Jean. Martin hates Sean. Jack fixes Jenny. Kay hugs Rita. Josh cleans Sally. Faith drives Isaac. Nick saves Marie.  Rad questions Stephen. Lauren keeps Lydia. Alex follows Stan. Max stops Kay. Josh cleans,10,Sally
Craig shares Ken. Marc trains Nancy. Bob blocks Nathan. Maggie boosts Amelia. Carl brings Kyle. Diana shows Pam. Emily treats Howard. Martin texts Neil. Alex cleans Kathy. Sarah cares Rita. Hannah moves Troy. Thomas insists Rachel. Joseph leads Valerie. James helps Stan. Lucy accepts Wayne. Steven takes Ron. Sarah cares,10,Rita
Pat keeps Rebecca. Jane grows Sean. Liz questions Pamela. Kay supports Marc. Craig cleans Sara. Mary visits Leon. Scott trains Kara. Adam tells Melanie. Luke comforts Oscar. Alice blocks Ron. Daniel accepts Norman. Tom knows Stephen. David alerts Alicia. Jordan hears Michelle. Diana avoids Walter. Julia judges Irene. Alice blocks,10,Ron
Paul allows Richard. Rose grabs Rachel. James hears Isaac. Tim sees Sylvia. Adam treats Rebecca. Scott questions Kay. Jerry scores Margaret. Aaron boosts Robin. Andrew comforts Marie. Blake defeats Anthony. Dennis stops Todd. Carol tells Lydia. Alice trusts William. Mary insists Julian. Kyle drives Leon. Julia demands Rob. Blake defeats,10,Anthony
Joe buys Jean. Austin moves Louis. Kurt advises Monica. Jacob approves Michael. Daniel gives Pamela. Brian invites Ian. Harry parks Peggy. Andrew challenges Lori. Kevin rewards Angela. Kathy consoles Phil. Louis defeats Nathan. Max drives Philip. Joy backs Jerry. Jerry comforts Kathy. Marc pays Melissa. Sarah hides Sue. Kathy consoles,10,Phil
Carol blocks Maggie. Alex guards William. Henry offers Rachel. Joy guides Jerry. Pat stops Andrea. Kay rewards Pamela. Luke bothers Travis. Joseph cooks Kay. Aaron adopts Rita. Sarah stays Kyle. Donna grabs Stephen.  Ellen burns Alexa. Leon treats Logan. Liz wakes Roger. Alan hires Ronald. Alice challenges Michelle. Sarah stays,10,Kyle
Michael gives Stephen. Ruth welcomes Janet. Alice fixes Sara. Mary avoids Sheila. Henry feels Leah. Susan builds Sylvia. Jacob likes Renee. Chris finds Phil. Rose treats Stan. Frank consoles Alicia. Arthur hates Marc. Megan lifts Lori. Amy buys Sue. Julia visits Jacob. Maggie makes Kyle. Lucy urges Tracy. Frank consoles,10,Alicia
Charles sees Terry. Dean adopts Lori. Julia shows Ray. Karen delivers Victor. Craig backs Pam. Claire supports Michelle.  Rad makes Jill. Matt praises Shawn. Jenny keeps Oscar. Steven needs Liz. Megan comforts Sharon. Jacob proposes Troy. Aaron helps Jacob. Helen wants Zach. Kurt warns Howard. Bill chooses Marc. Steven needs,10,Liz
Gary hears Albert. Mary chooses Russell. Matt grows Ken. Jerry blocks Joseph. Katie leaves Amber. Maggie fights Lauren. Kevin draws Jill. Donna parks Johnny.  Ellen joins Pamela. Charles checks Todd. Andrew affects Julian. Emily wants Natalie. Harry needs Isaac. John reads Violet. Bob serves Angela. Jordan comforts Monica. Charles checks,10,Todd
Katie blocks Jean. Howard writes Pam. Carol teaches Walter. Kathy claims Keith. Margaret stops Victor. Jean seeks Joseph. Claire assists Roger. Liz moves Adrian. Eric grows Leo. Kim cleans Irene. Helen protects Ashley. Martin heals Michael. Marie shows April. Harry makes Sean. David inspires Russell. June awards Shirley. Kim cleans,10,Irene
Grace takes Keith. Alex meets Martha. Marc faces Todd. John gives Shawn. Dean guards Stan. Anna texts Patrick. Kim catches Angela. Karen fights Kim. June rewards Jill. Hope joins Renee. Bill needs Ray. Carl offers Troy. Daniel sees Terry. Ian blocks Norman. Joseph comforts Vanessa. Kathy defeats Pam. Hope joins,10,Renee
Claire captures Kara. Ryan fixes Anthony. Paul seeks Sheila. Anne comforts Shirley. Dave fears Justin. Jenny shares Jean. Ben bothers Richard. Nick consoles Alicia. Dennis chooses Ted. Jeff parks Ron. Austin insists Alison. Karen guides Tracy. Diana visits Victoria. Kurt thanks Joan. Margaret tells Ralph. Maria denies Ray. Jeff parks,10,Ron
Gary offers Ralph. Chris cooks Russell. Rick fixes Vincent. Ben avoids Kelly. Scott backs Ken. Adam blocks Louis. Kathy approves Wayne. Robert checks Jerry. Ruth inspires Nathan. Steven judges Jean. Liz cleans Neil. Sam moves Zach. Thomas reads Leon. Mark defeats Lydia. Keith wants Peggy. Faith brings Irene. Steven judges,10,Jean
Jake feels Troy. Justin challenges Irene. Austin hears Olga. Tim saves Louis. Marie consoles Melanie. Scott welcomes Amber. Linda accompanies Stephen. Joseph supports Patrick. Martin gives Sandra. Joy accepts Janet. Melissa allows Monica. Maggie misses Joy. Jeff follows April. Sam makes Zach. Johnny judges Liz. Dave trains Leon. Joy accepts,10,Janet
Will blocks Richard. Jane meets Sean. Laura lifts Nancy. John hugs Walter. Jeff fixes Jacob. Jerry welcomes Terry. Rose finds Ronald. Jason advises Ted. Chris catches Jill. Howard treats Victor. Dean wakes Shirley. Nick guards Maggie. Susan delivers Kelly. Fred accompanies Alexa. Matt defeats Troy. Andrew approves Peggy. Howard treats,10,Victor
Julia grabs Michelle. Chris prohibits Violet. Ken takes Tracy. Mike hears Kathy. Justin invites Joan. James judges Sally. Kyle keeps Kim. Tim challenges Melissa. Leon feels Jenny. Matt teaches Sheila. Steven permits Marie. Tom leads Howard. Margaret guides Kara. June hugs Kelly. Adam scores Jean. Gary needs Sue. Matt teaches,10,Sheila
Leon boosts Pamela. Diana feels Kurt. Harry demands Irene. Jenny heals Ronald. Faith follows Kara. Lily chooses Ian. Andrew respects Andrea.  Ellen catches Nicholas. Luke drives Margaret. George praises Sharon. Marie guides Zach. Eric cooks Marc. Katie sees Ron. Claire commands Isaac. Nick calls Patrick. Kyle checks Judy. George praises,10,Sharon
Tom asks Troy. Kim welcomes Jordan. Grace parks Logan. Diana buys Walter. Lily wakes Sean. Harry chooses Ronald. Anne changes Tracy. Kurt feels Juan. Anna takes Alicia. Donna challenges Sally. June finds Kim. Susan leaves Sheila. Brian scores Martha. Paul writes Melissa. Jenny teaches Janet. Pat awards Noah. Donna challenges,10,Sally
Pat gives Sally. James challenges Patrick. Nick lifts Oscar. Diana opens Monica. Harry bothers Stephanie. Linda makes Tracy. Jane draws Norman. Paul holds Nicole. Frank claims Sheila. Ruth catches Sara. Blake knows Ronald. Margaret loves Walter. Chris follows Marie. Jenny heals Renee. Thomas denies Anthony. Jack closes Ron. Ruth catches,10,Sara
Nick backs Natalie. Claire asks Tracy. Louis cooks Alicia. Tim visits Lydia.  Rad needs Valerie. Rick rewards Martha. Anna moves Renee. Brian questions Sara. Gary hears Roy. Chris hates Johnny. Julia comforts Rob. Kate assists Anthony. Emily sends Alexa. Eric inspires Isaac. Lauren affects Andrea. Joy fixes Victor. Chris hates,10,Johnny
Jane backs Ian. Kay hears Teresa. Hannah offers Russell. June fears Wayne. Joy bothers Irene. Josh advises Neil. George saves Lauren. Alice permits Nancy. Marie makes Ken. Hope welcomes Adrian. Blake grows Monica. Ryan fights Howard. Howard writes Nicole. Martin needs Kathy. Ben grabs Travis. Grace reminds Philip. Hope welcomes,10,Adrian
Jean hugs William. Blake moves Russell. Ruth accompanies Martin. Dennis captures Sheila. Johnny commands Julian. Rose cleans Paula. Karen loves Shawn. Alex supports Oscar. Jeff fights Travis. Joe wakes Margaret. Hope answers Irene. Tony feeds June. Louis chooses Tracy. David praises Keith. Justin delivers Jordan. James challenges Stephanie. Joe wakes,10,Margaret
Paul supports Johnny. Hope praises June. Frank writes Wayne.  Rad catches Shawn. Rick scores Irene. Liz accompanies Sally. Jack opens Nancy. Bob wakes Renee. Carol fights William. Fred alerts Todd. Aaron questions Victor. Diana grows Leon. Nick reminds Olga. Kate respects Nicole. Scott feeds Robin. Steven holds Norman. Fred alerts,10,Todd
Martin affects Stephen. Eric chooses Zach. Thomas reads Wayne. Claire demands Justin. Aaron pays Neil. Paul buys Joy. Kay permits Victoria. Andrew writes Kay. Harry checks Ted. Ken hears Norman. David attacks Janet. Adam approaches Joseph. Greg respects Victor. Robert praises Phil. Melissa denies Pamela. Lucy leaves Paula. Ken hears,10,Norman
Claire buys Rebecca. Chris grabs Russell. Paul sees Tracy. Louis chooses Ronald. James treats Albert. Will makes Anthony. Nick denies Philip. Bill heals Norman. Megan burns Lauren. George hears Richard. Eric takes Leo. Craig delivers Sylvia. Henry wants Isaac. Melissa questions Ashley. Howard parks Kim. Ken helps Olga. George hears,10,Richard
Alex commands Judy. Tony hates Jerry. Thomas awards Philip. Alice advises Michael. Charles scores Sue. Adam supports Melissa. Joy drives Stan. Donna keeps Renee. George wants Roger. Andrew misses Lydia. Kathy proposes Angela. Rose cheers William. June challenges Kelly. Carl fights Sylvia. Hope stays Nicholas. Margaret comforts Maggie. Andrew misses,10,Lydia
Michael drives Sylvia. Jacob accepts Isabel. Maggie thanks Russell. Helen cooks Janet. Kay treats Roy. Ian supports Ian. Karen makes Alexa. Frank wakes April. Charles gives Ronald. Daniel rewards Noah. Jordan offers Neil. Susan hugs Sharon. Claire burns Kim. Martin needs Philip. Katie approves Lydia. Donna praises Victor. Daniel rewards,10,Noah
Will demands Janet. Jordan consoles Kay. Jake hides Wanda. Marie prohibits Leah. Tony gives Victor. Dennis calls Tyler. Carl bothers Jean. Matt stops June. Adam approves Sheila. Faith permits Ray.  Ellen explains Terry. June backs Angela. Max drives Margaret. Helen brings Judy. John parks Ian. Amy helps Roger. Faith permits,10,Ray
Nick delivers Victoria. Steven chooses Nicholas. Helen holds Todd. Rose thanks Sara.  Ellen sees Stan. Max loves Albert. Maria prohibits Rita. Megan pays Jordan. Mark supports Martin. Rick demands Lori. Joseph makes Juan. Steve attracts Nathan. Josh accompanies Paula. Robert wakes Isabel. Thomas fights Pamela. Amy hires Nancy. Rick demands,10,Lori
Paul saves Nicole. Karen guards Robin. Tom protects Renee. Anne boosts Janet. Lucy leads Rob. Ruth commands Juan. Steve calls Teresa. Leo gives Johnny. Laura trusts Justin. Matt teaches Noah. John challenges Travis. Joseph draws Pam. Bill demands Kara. Frank consoles Sally.  Ellen stays Stephen. Marie answers Joy. Matt teaches,10,Noah
Steven alerts William. June writes Marc. Kelly calls Alicia. Kim advises Sheila. Peter bothers Noah. Hope urges Isaac. Jean helps Patrick. Greg stops Teresa. Bill protects Russell. Anne approaches Martha. Andrew demands Stephanie. Howard gives Victoria. James respects Nicole. Craig buys Nathan. Max grows Shawn. Lauren pays June. Anne approaches,10,Martha
Charles grows Ray. Alan demands Leo. Diana cooks Nancy. Megan explains Rachel. Martin cares Maggie. Adam comforts Liz. Hope alerts Michael. Jenny burns Valerie. Linda asks Stephanie. Susan wakes Joy. Karen inspires Todd. Emma seeks Nicholas. Brian faces Sara. Luke advises Violet. Arthur fixes Vincent. Laura supports Rita. Susan wakes,10,Joy
Martin avoids Leah. Robert wants Monica. Luke offers Sharon. Frank consoles Nancy. Johnny alerts Alexa. Steven prohibits Kelly. Adam guards Melanie. Michael sends Michelle. Lauren cheers Anthony. Justin holds Terry. Kelly captures Joan. Henry claims Judy. Melissa denies Howard. Ryan adopts Marc. Craig moves Zach. Steve tells Sandra. Justin holds,10,Terry
Jenny fixes Monica. Jill claims Alexa. Karen reminds Stephanie. Maria meets Sylvia. Kelly texts Shawn. Johnny brings Aiden. Edward delivers Kathy. Charles loves Pamela. Anna cooks Howard.  Ellen hears Kirk. Joy cleans Vincent. Nick supports Kelly.  Rad prohibits Lori. Jeff fights Paula. Jason finds Wayne. Dean checks Adrian. Ellen hears,10,Kirk
Jean writes Roy. Will fears Kirk. Sarah catches Louis. Carol brings Shawn. James alerts Todd. Helen misses Melissa. Johnny trusts Jenny. Jane hears Joseph. Max shares Lydia. Amy guides Pam. Greg comforts Roger. Leon attracts Noah. Bill praises Terry. Karen wakes Sean. Dave rewards Ken. Donna advises Norman. Amy guides,10,Pam
Jack makes Margaret. Eric feels Jean. Grace awards Shirley. Harry seeks Todd. Jill hires Zach. Juan defeats Stan. Hope tells Jordan. Luke denies Ronald. Arthur heals Wayne. Liz wakes Sue. Ken permits Lauren. Linda consoles Robin. Marie gives Rebecca. Greg risks Pam. Paul challenges Russell. Joy offers Stephen. Liz wakes,10,Sue
Donna defeats Martha. Rose finds Ron. Ruth grabs Sean. Jacob accompanies Victor. Dave fixes Oscar. Jean changes Leo. Ian attacks Kurt. Tony urges Sara. Jeff drives Rita. Rick advises Walter. Joseph writes Richard. Hannah takes Roger. Megan questions Travis. Alice thanks Isaac. Mike guards Louis. Scott allows Janet. Rick advises,10,Walter
Jake comforts Nathan. June cleans Sharon. Claire commands Juan. Sarah knows Lydia. Martin loves Troy. Melissa stays Julian. Diana lifts Jordan. Ken burns Janet. Joe keeps Alexa. Dennis heals Renee. Scott guides Paula. Ruth challenges Robin. Kay catches Ken. Henry defeats Tracy. Andrew guards Louis. Nick misses Michelle. Dennis heals,10,Renee
Kyle comforts Alicia. Jerry hugs Pamela. Carol hides Howard. Mark consoles Nicholas. Amy fears Joseph. Jenny scores Shawn. Sarah gives Aiden. Jane approaches April. Lily likes Marie. Peter chooses Jenny. Jean welcomes Anthony. Ben grabs Roy. Leo drives Olga. Eric adopts Robin. Fred protects Todd. Steve loves Melissa. Peter chooses,10,Jenny
Lily attacks Troy. Karen defeats Albert. Howard helps Noah. Jenny checks Vincent. Paul trusts Roy. Kay allows Sara. Rose chooses Richard. Bob cooks Norman. Kurt comforts Juan. Amy insists Phil. Greg adopts Kara.  Rad opens Tyler. Grace answers Jean. Tom supports Kurt. Leo buys Aiden. Jean hates Melanie. Amy insists,10,Phil
Fred leads Ruby. Lucy asks Lori. Leo denies Terry. Marc offers Amber. Thomas buys Zach. Paul comforts Peggy. Katie reminds Roger. Jason adopts Troy. Laura trusts Neil. Hannah accompanies Tracy. Mary moves Sylvia. Emily joins Louis. Maggie visits Norman. Kyle explains Walter. Andrew leaves Sara. Marie judges Lydia. Hannah accompanies,10,Tracy
Kurt builds Ruby. Peter saves Violet. Leo holds Maggie. Donna burns Sharon. Mary leads Renee. James questions Philip. Susan consoles Jean. Anne shares Albert. Lisa moves Amelia. John claims Margaret. Bill faces Logan. Lily trains Johnny. Faith commands Stephanie. Linda cheers Roy. George risks Victoria. Kathy insists Judy. John claims,10,Margaret
Matt trains Ian. Mike checks Marie. Daniel shares Shirley. David hugs Isabel. Chris heals Angela. Maggie brings Maggie.  Rad explains Rebecca. Edward moves Ralph. Arthur hides Jordan. Liz leaves Rita. Amy hates Leo. Mary accompanies Noah. Blake feels Joy. Joe approaches Judy. Jacob seeks Nicholas. Jason challenges Renee. Liz leaves,10,Rita
Ryan takes Teresa. Ken answers Andrea. Kevin texts Jill. Adam drives June. John adopts Paula. Rose buys Melissa. Jacob seeks Richard. Kurt calls Troy. Maria keeps Lori. Jeff reminds Anthony. Howard writes Irene. Lucy alerts Ruby. Steven cleans Joy. Alex welcomes Victor. Katie questions Ken. Edward opens Nicholas. Jeff reminds,10,Anthony
Kate trusts June. James hides Leo. Megan seeks Olga. Ruth explains Isabel. Liz calls Louis. Kevin hears Natalie. Brian attracts Melissa. Max makes Isaac. John inspires Maggie. Mark keeps Paula. Sarah misses Wayne. Donna welcomes Ronald. Jane blocks Leon.  Rad offers Zach. Jason hates Roy. Tom takes Sylvia. Mark keeps,10,Paula
Jenny prohibits Johnny. Carol gives Oscar. Jeff seeks Kelly. Anna finds Justin. Marc assists Sylvia. Kelly feeds Melanie. Diana attracts Keith. Fred takes Patrick. Tom fights Nicole. Jake pays Wanda. Emily grabs Norman. Ian warns Troy. Steve treats Teresa. Rose commands Jill. Blake demands Roy. Tim risks Travis. Jake pays,10,Wanda
Kurt attacks Jenny. Edward needs Violet. Marc invites Andrea.  Rad sends Pamela. Luke saves Tyler. Blake calls Kyle. Scott teaches Joan. Josh delivers Nancy. Louis leads Isabel. Aaron assists Tracy. Leon respects Wanda. Jacob adopts Angela. Tom keeps Janet. Marie visits Sara. Howard gives Natalie. Ruth urges Jean. Aaron assists,10,Tracy
Kay allows Michelle. Linda praises Pamela. Ken misses Richard. Jake grows Kurt. Michael avoids Stan. David finds Janet. Ian approaches Terry. Lauren brings Joseph. Steven consoles Juan. Dean denies Vanessa. Rose texts Joy. Juan risks Isaac. Jenny stays Leah. John saves Sheila. Josh proposes Johnny. Charles fears Sara. Rose texts,11,Joy
Dennis closes Lauren. Nick commands Oscar. Keith likes Renee. Mary rewards Liam. Kyle heals Ralph. Liz warns Pam. Lisa avoids Louis. Robert answers Martin. Michael checks Jean. Jenny helps Victor. Maggie guards Alison. Daniel misses Janet. Jake needs Nathan. Megan seeks Terry. Thomas comforts Ruby. Matt hides Jill. Maggie guards,11,Alison
Ian opens Liam. Emily invites Angela. Diana fights Kathy. Luke adopts Jerry. Lily makes Janet. Hope burns Isaac. Bob helps Sheila. Keith allows Terry. Juan accepts Richard. Charles stops Lydia. Pat captures Roy. Eric trusts Isabel. Steve faces Howard. Louis lifts Margaret. Mike permits Logan. James misses Valerie. Pat captures,11,Roy
Henry demands Juan. Juan treats Monica. Nick hates April. Martin calls Jenny. Frank lifts Shirley. Jenny wakes Alexa. Andrew hugs Maggie. Gary denies Terry. Joe trusts Ken. Claire judges Violet. James warns Pamela. Sam approves Justin. Jack hears Liz. Max allows Howard. Susan delivers Jean. Lucy cleans Olga. James warns,11,Pamela
Ryan sends Violet. Anna leaves Jenny. Maggie calls Valerie. Mike denies Angela. Louis risks Nancy. Sarah finds Travis. Emma draws Joseph. Julia hires Richard. June adopts Victoria. Jerry delivers Logan. Ruth reads Sara. Alan leads Howard. George opens Anthony. Jenny challenges Andrea. Pat awards Martin. Chris brings Albert. Ruth reads,11,Sara
Jerry hires Noah. Henry prohibits Natalie. Fred saves Sean. Nick hates Sandra. Frank keeps Paula. Kim asks Lauren. Max sends Amber. Mike commands Robin. Lauren cares Ray. Andrew cheers Wanda. Carl writes Tyler. Robert awards Roy. Luke teaches Monica. Alex fights Margaret. Rose follows Jacob. Rick affects Jerry. Carl writes,11,Tyler
Jane wakes Oscar. Henry hugs Michelle. Jake rewards Violet. Charles reads Martin. Laura accepts Martha. Harry accompanies Adrian. Frank fears Ron. Liz claims Ian. Fred keeps Russell. Dave explains Alexa. Andrew needs Sue. Maggie shares Maggie. Aaron answers Margaret. Gary brings Zach. Megan follows Pamela. Lily heals Liz. Andrew needs,11,Sue
Gary comforts Oscar. Kathy backs Alexa. George insists Rachel. Carol checks Ruby. Helen guides Maggie. Frank defeats Adrian. Robert treats Tyler. Jake claims Shirley. Kim buys Ralph. Ryan welcomes Pamela. Linda proposes Stephanie. Leon reads Walter. Liz keeps Martin. Chris feeds Nicole. Lily urges Roger. Howard protects Leon. Linda proposes,11,Stephanie
Laura alerts Maggie. David commands Johnny. Dennis advises Kyle.  Ellen holds April. Charles follows Louis. Margaret brings Jenny. June closes Shirley. Nick sends Kim. Ken asks Liz. Dave seeks Anthony. Daniel offers Leah. Greg writes Leo. Kurt chooses Howard. Carol sees Neil. Kim permits Ashley. Brian moves Ken. Daniel offers,11,Leah
Mike hates Lydia. Bob explains Sharon. Jacob teaches Stan. Justin serves Troy. Tim affects Norman. Charles risks Amber. Jason shows Ralph. Kathy bothers Joseph. Scott approaches Shirley. Jeff challenges Pamela. Susan fights Joy. Alice burns Anthony.  Rad questions June. Jerry thanks Phil. Grace trusts Joan. Melissa respects Sue. Susan fights,11,Joy
Hope invites Marc. Tom likes Stephanie.  Ellen follows Neil. Dave visits Sue. Leon leads April. Jenny checks Oscar. Daniel meets Walter. Marc buys Philip. Jason gives Joy. Howard fears Jill. Michael urges Todd. Tony faces Michael. Louis fixes Russell. Kurt grows Lydia. Arthur comforts Stan. Melissa challenges Irene. Michael urges,11,Todd
Maria comforts Johnny.  Ellen proposes Sylvia. Marie meets Margaret. Donna makes Sandra. Ryan holds Patrick. Emily allows Jill. Mark trains Ronald. Alex leads Tracy. Amy pays Marie. Johnny cleans Ashley. Scott inspires Sally. Lily moves Kurt. Austin buys Amelia. Jenny rewards Rob. Jeff reads Sheila. Robert drives Zach. Scott inspires,11,Sally
Bill buys Janet. Nick consoles Lauren. Hannah hugs Rita. Jill accepts Kurt. Jeff texts Pam. Brian advises Juan. Jason cooks Marie. Emily takes Stan. Jacob claims Terry. Mary finds Pamela. Tom makes Renee. Keith wakes Kay. Paul blocks Anthony. Kay tells Howard. Liz pays Irene. Donna drives Paula. Tom makes,11,Renee
Fred pays Ian. Laura denies Janet. Thomas judges Travis. Leon rewards Rebecca. Lauren knows Julian. Kathy misses Victoria. Carl respects Alison. Joseph helps Noah. Diana finds Marc. Juan awards Louis. Kyle trusts Michelle. Michael bothers Sharon. Lily accepts Violet. Hope scores Norman. Ian sees Troy. Justin checks Isaac. Kyle trusts,11,Michelle
Ruth commands Victoria. Michael offers Johnny. Joy permits Lori.  Ellen invites Ashley. Anne explains Sandra. Kurt advises Walter. Anna heals April. Craig delivers Rebecca. Leon cooks Judy. David catches Nancy. Luke takes Margaret. Claire attacks Leo. Daniel avoids Joan. Jill closes Justin. Lily knows Alicia. Jack accompanies Maggie. Luke takes,11,Margaret
Joseph questions Roy. Daniel cooks Liz. Dean fixes Amelia. Melissa brings Nancy. Anne pays Maggie. Susan burns Leah. Jeff defeats Judy. Marc feeds Michelle. Martin writes Ralph. Lucy challenges Terry. Jake cleans Russell. Alex needs Valerie. James holds Louis. Michael guides Ashley. Matt invites Philip. Katie commands Isaac. Jake cleans,11,Russell
Maria draws Ray. Kate fears Stan. Liz approaches Kelly. Keith comforts Alison. Adam captures Kyle. Ben writes Pam. Emma judges Zach. Alex leads Terry. Jean affects Kirk. Austin likes Philip. Jacob hires Todd. Lisa calls Rita. Thomas checks Leah. Mary explains Tyler. Julia cares Monica. Anne grabs Patrick. Jacob hires,11,Todd
Howard judges Jenny. Kate claims Philip. Donna writes Angela. Alice builds Oscar. Eric proposes Peggy. Jacob hugs Nicholas. Justin accepts Kara. Andrew hides Stephen. Joe demands Sharon. Anna awards Ashley. David cheers Adrian. Bill welcomes Kyle. Dean lifts Nicole. Jason offers Kim. Michael commands Kay. Ryan drives Ken. David cheers,11,Adrian
Dean commands Anthony. Pat bothers Martin. Louis offers Michelle. Nick sends William. Melissa calls Ted. Peter drives Joan. Kate holds Howard. Arthur allows Wanda. Ken accepts Sue. Johnny gives Jerry. Matt judges Johnny. Julia parks Kirk. Margaret texts Jordan. David tells Joy. Tim challenges Sharon. Kathy respects Rita. Matt judges,11,Johnny
Kelly warns Ian. Blake challenges Amelia. Eric pays Liam. Jerry parks Irene. Austin insists Ron. Jean assists Marc. Linda saves Ted. Kathy shares Russell. Adam changes Ralph. Grace seeks Roger. Lisa comforts Maggie. Marie offers Pamela. Frank knows Marie. Liz supports Sean. Emma judges Keith. Keith trusts Sharon. Lisa comforts,11,Maggie
Mark offers Kim. Jenny closes Joan. Andrew sees Isabel. George welcomes Oscar.  Rad buys Alexa. Steve moves Sara. Scott inspires Walter. Julia makes Liam. Jeff pays Monica. Leon drives Patrick. Ruth scores Sue. Jean respects Stephen. Laura treats Victoria. Dave saves Rita. John warns Julian. Arthur heals Logan. Ruth scores,11,Sue
Blake urges Margaret. Scott trusts Rachel. Jacob loves Jean. Mark parks Ray. Johnny hires Wayne. Jack calls Judy. Diana protects Roy. Arthur fears Sean. Kevin changes Alison. Aaron risks Todd. Maggie treats Peggy.  Ellen fixes Richard. Carl sends Sandra. Emma moves Stephen. George helps Ron. Helen commands Troy. Maggie treats,11,Peggy
Ruth teaches Michelle. Jake adopts Noah. Margaret parks Janet. Greg accompanies Ronald. Hannah advises Kyle. Alice hires Melissa. Peter shows Albert. Linda judges Richard. Juan backs June. Alex lifts Norman. Faith fears Todd. Maria thanks Roger. Kim allows Shawn. Jeff denies Robin. Brian cleans Tracy. Craig draws Nancy. Faith fears,11,Todd
Blake welcomes Monica. Tony parks Robin. Maggie reminds Lauren. Katie risks Louis. Nick cheers Nicholas. Tim denies Vincent. Greg leaves Leon. Juan serves Sally. Harry misses Sylvia. Melissa brings Neil. Donna follows Keith. Lisa advises Leah. Bill loves Leo. Pat awards Sean. Susan draws Ray. Hannah burns Ian. Donna follows,11,Keith
Leo assists Nicole. John scores Maggie. Marc boosts Peggy. Lisa bothers Tyler. Eric hears Victor. Grace adopts Jean. Juan keeps Leah. Brian trusts Neil. Kurt gives Philip. Henry delivers Pam. Dave burns Ray. Tim guards Adrian. Donna meets Ashley. Michael blocks Justin. Rick welcomes Kay. Mike warns Stephen. Dave burns,11,Ray
Kyle makes Jean. Marie meets Sylvia. Bob cooks Stan. Joy opens Peggy. Anna urges Alison. Aaron welcomes Sara. Martin thanks Howard. Ian assists Ron. Jerry knows Kara. David reads Stephanie. Rose delivers Amelia. Grace closes Liam. Edward sends Ronald. Eric approves Lauren. Maria hates Roger. Alan lifts Melissa. Rose delivers,11,Amelia
Alex takes Lori. Laura serves Jacob. Frank permits Sandra. Pat hugs Ashley. Rose commands Zach. Maria asks Oscar. Dean captures Juan. Kyle chooses June. Tim guards Kyle. Daniel parks Logan. Jill attacks Albert. Jenny answers Andrea. Ryan tells Jerry. Ben thanks Melissa. Diana sees Isaac. Nick backs Margaret. Jill attacks,11,Albert
Luke hears Ken. Hope risks Julian. Arthur approaches Pamela. Linda explains Roy. Martin meets Shawn. Amy moves Ted. Juan grows Shirley. Lauren supports Ruby. Maggie follows Richard. Johnny sends Victoria. Edward guides Vincent.  Ellen denies Phil. Will reads Troy. Helen calls Anthony. Sarah closes Rachel.  Rad fights Sheila. Edward guides,11,Vincent
Kyle stays Ray. Bill tells Valerie. Johnny defeats Peggy. Carl affects Sally. Maria checks Wanda. Lily feels Julian. Arthur comforts Melanie. Marc visits Alison. Rose reminds Sylvia. Peter insists Noah. Tim denies Irene. Jenny faces Victor. Emma risks Howard. Rick needs Roy. Anna adopts Kirk. Jean fights Ken. Tim denies,11,Irene
Joseph risks Tyler. Jordan challenges Lauren. Henry leads Richard. Gary pays Melissa. Ben hides Kathy. Hope sees Natalie. Helen hears Shirley. Rick meets Judy. Tom praises Kyle. Melissa prohibits Melanie. Lucy captures Rachel. Maggie hates Lydia. Jenny buys Stan. Arthur catches Juan. Kim checks Pam. Jane lifts Anthony. Lucy captures,11,Rachel
Jane challenges Renee.  Rad holds Julian. Mark burns Terry. Marc fixes Pam. Kay commands Liz. Ruth serves Isabel. Marie inspires Martin. Kyle sees Zach. Carl changes Victor. Michael explains Joseph. Grace misses Philip. Austin affects Noah. Fred reads Alexa. Donna hates Keith. Justin joins Natalie. Ian advises Anthony. Grace misses,11,Philip
Steven stops Noah. Nick moves Keith. Jill tells Sharon. Claire risks Nicholas. Daniel texts Jenny. Max urges Shawn. Emily fights Victor. Bob answers Victoria. John catches Ron. Jason wakes Kirk. Jack commands Joseph. Carol rewards Logan. Jake warns Shirley. Hannah joins Natalie. Mark cooks Kim. Josh explains Neil. Jack commands,11,Joseph
Henry comforts Aiden. Alan praises Oscar. Lisa changes Kathy. Jean fears Leon. Scott checks Kirk. Sam leaves Violet. Gary questions Alison. Jenny boosts Isabel. Adam accompanies Tyler. Tim follows Peggy. Pat chooses Albert. Juan backs Lori. Kathy tells Melissa. Emma faces Justin. Mark alerts Liam. Maria meets Leo. Pat chooses,11,Albert
Andrew fixes Ken. Charles needs Jerry. Keith delivers Marie. Justin leaves Sharon. Eric guides Stephen. Donna lifts Liam. Adam warns Marc. Tony urges Nathan. Will serves Oscar. Gary drives Rita. Lily judges Tyler. Nick offers Sue. Kathy knows June. Amy advises Isaac. Steven sends Philip. Pat stops Jordan. Lily judges,11,Tyler
Rick tells Martin. Bob challenges Sharon. Jill holds Kyle. Charles alerts Marc. Martin offers Anthony. Eric bothers Jenny. Luke builds Melanie. Mike thanks Zach. Ryan stops Maggie. Karen guards Wanda. Helen rewards Victoria. Mary trusts June. Alex hires Philip. Austin checks Michelle. Julia fixes Stan. Jordan challenges Margaret. Helen rewards,11,Victoria
Howard protects Marie. Ben delivers Lori. Peter misses Jerry. Marc advises April. Leon meets Joan. Fred hires Kara.  Rad loves Juan. Kelly takes Wayne. Jason trains Kelly. Kurt faces Leo. Alice closes Sharon. Daniel saves Monica. Claire attracts Victor. Steve serves Amelia. Lucy prohibits Kim. Carol builds Margaret. Alice closes,11,Sharon
Henry approaches Alicia. Peter invites Liz. Leo comforts Neil. Jacob welcomes Pamela. Lauren leads Roy. Emma leaves Ralph. Mike risks Valerie. Hope permits Kathy. Susan hires Kurt. Daniel commands Peggy. Kim warns Travis. Kate catches Kyle. Louis sees Leo. Rick brings Jill. Ian cares Alison. Tony chooses June. Kim warns,11,Travis
Helen shows Sandra. Alan changes Alicia. Laura treats Pam. Melissa makes Jacob. Hannah offers Sara. Leon attracts Phil. Susan challenges Ruby. Lucy scores Angela. Anna comforts Jordan. Liz leads Renee. Hope awards Peggy. Alice advises Alison. Grace brings Kay. Joseph misses Sue. Bill invites Michelle. Paul faces Leo. Hope awards,11,Peggy
Julia trains Liz. Juan sends Victor. Louis likes Jacob. Tony grabs William. Michael stops Marc. Johnny heals April. Jacob feels Martin. Claire respects Leah. Maria attacks Howard. Dennis avoids Teresa. Thomas guides Lori. Harry assists Olga. Kay blocks Nancy. Mary cares Rebecca. Liz protects Valerie. Karen misses Joseph. Thomas guides,11,Lori
June knows Renee. Megan warns Phil. Maria meets Terry. Josh checks Nicholas. Chris fights Melanie. Kevin opens Aiden. Kathy respects Stan. Tony gives Anthony. Alice hates Ted. Jean cooks Roger. Michael changes Ashley. Lisa joins Pamela. Jake holds Sharon. Anna lifts Janet. Tom comforts Lydia. Thomas stays Roy. Michael changes,11,Ashley
Linda makes Marc. Edward challenges Leah. Rose grabs Adrian. Maggie misses Rita. Aaron questions Marie. Gary boosts Justin. Adam hates Alison. Max fixes Monica. Rick cleans Todd.  Rad visits Phil. Ryan hears Ian. Julia holds Paula. Steve helps Natalie. James lifts Tyler. Kevin guards Sue. Kelly tells Lauren. Ryan hears,11,Ian
Ryan follows Zach. Lucy needs Marie. Luke leads Martin. Dennis avoids Nicholas. Frank captures Liam. Hannah closes Ruby. George hides Irene. Kevin backs Peggy. Harry draws Amelia. Tim sees Ian. Kay scores Rachel. Keith shares Joseph. Austin teaches Alicia. Steven moves Ken. Chris grows Norman. Edward advises Justin. Kay scores,11,Rachel
Gary blocks Rebecca. Craig keeps Walter. Henry hires Wayne. Tim explains Norman. Blake guides Juan. Liz allows Tyler. Jane hides Peggy. Fred backs Martin. Marie answers Wanda. Kurt fights Terry. David attacks Alison. Rick seeks Ray. Rose consoles Melissa. Jeff prohibits Sean. Ruth defeats Rita. Ben draws Neil. David attacks,11,Alison
Daniel treats Wanda. Paul teaches Neil. Dean trusts Johnny. Arthur warns Sharon. Lily accepts Jerry. Harry changes Julian. Michael joins Jean. Diana catches Ralph. Pat heals Martha. Tom asks Jacob. Dave cares Natalie. June hires Sylvia. Lucy writes Alison. Carl insists Janet. Andrew demands Roger. Anne stays Pam. Dave cares,11,Natalie
Diana fears Ralph. Daniel buys Jacob. Katie supports Zach. Matt takes Nancy. Harry checks Stephen. Lily changes Aiden. Ian drives Terry. Kate parks Ken. Carol denies Walter. Marie permits Phil. Emma allows Robin. Lisa adopts Kay. Karen accepts Margaret. June hides Juan. Hannah chooses Valerie. Sam moves Wanda. Emma allows,11,Robin
Mary demands Victor. Sam gives Leah. Max challenges Tyler. Dean texts Walter. Jeff faces Martha. Megan risks Maggie. Kate buys Michelle. Mark pays Marie. Arthur seeks Kyle. Martin permits Alexa. Kathy lifts Russell. Steve awards Liz. Leon leaves Irene. Jerry joins Kirk. Kelly follows Philip. Will saves Martin. Kathy lifts,11,Russell
Michael blocks Sara. Joe grabs Martha. Charles cares Ted. Luke follows Joan. Kate urges Ray. Kay scores Johnny. Peter permits Sheila. Kelly rewards Pam. Mary serves Kay. Anne shares Ruby. Dean awards Marc. Ian answers Judy. Jack claims Liz. Amy welcomes Kyle. Ryan reads Michael. Kurt adopts Isabel. Dean awards,11,Marc
Bill reminds Louis. Will follows Travis. Dean loves Nicole. Kim cares Marie. Ken texts Kathy. Mike sees Shirley. Eric chooses April. Emma fights Andrea. Linda guides Rebecca. Ryan consoles Jacob. Karen inspires Lauren. Emily pays Kim. Melissa draws Melanie. Maria challenges Kurt. Nick praises Olga. Austin writes Ted. Karen inspires,11,Lauren
Diana grabs April. Aaron comforts Logan. Steve follows Sharon. Bob captures Noah. Helen accompanies Howard. Jill defeats Vanessa. Jenny prohibits Liam. Jack closes Leo.  Ellen calls Sally. Kate moves Aiden. Joseph fixes Rita. Tom challenges Philip. Eric welcomes Maggie. Dean chooses Margaret. Kevin shares Melissa. Ben fears Stephanie. Joseph fixes,11,Rita
Lisa seeks Marc. Jordan opens Roger. Megan needs Roy. Kay cleans Leon. Ken keeps Jenny. Ruth cares Victor. Joe stops Juan. Carl draws Sue. Dennis affects Johnny. Daniel guides Jill. Matt writes Neil. Johnny insists April. Henry grabs Kim. Bill defeats Liam. Dave captures Wanda. James proposes Sara. Matt writes,11,Neil
Robert thanks Olga. Austin feels Nicole. Fred follows Johnny. Arthur risks Howard. Scott sends Isabel. Joe needs Monica. Martin leads Robin. Dean joins Sheila. Emily adopts Shirley. Megan guides Paula. Hope fears Sally. Nick guards Sylvia. Peter scores Sandra. Craig fixes Noah. Andrew makes Liz. Alex accepts Roger. Nick guards,12,Sylvia
Donna prohibits Victoria. Peter follows Ian. Jason blocks Travis. Anna feeds Ashley. Mary checks Tyler. Fred reminds Martin. Austin allows Jean. Lucy supports Monica. Alex parks Johnny. Claire loves Ralph. Craig respects Stan. Rick attracts Ken. Keith seeks Tracy. Ruth bothers Roger. Bill leaves Neil.  Ellen draws Amber. Rick attracts,12,Ken
June gives Roy. Nick urges Melanie. Rick hugs Keith. Laura advises Sally. Lauren seeks Olga. Lily explains Sylvia. Hope claims Judy. Thomas wakes Natalie. Bob cooks Ralph. Carol defeats Rita. Luke lifts Jerry. Ruth alerts Leon. Daniel thanks Sheila. David stops Nicholas. Arthur keeps Patrick. Bill risks Martin. Ruth alerts,12,Leon
Gary approaches Tyler. Jane faces Alexa. Luke blocks Alison. Karen meets Leo. Marc assists Neil. Anne explains Justin. Max comforts Isaac. Brian helps Ruby. Jacob captures Wanda. Will visits Isabel. Josh stays Sara. Alex grows Norman. Donna cheers Jill. Austin buys Troy. Blake warns Ralph. Kathy seeks Aiden. Alex grows,12,Norman
Sarah advises Michael. Kathy denies Jordan. Andrew texts Martin. Arthur consoles Kara. Frank sends Kathy. Will follows Rob. Joseph asks Irene. Kyle writes Monica. Jeff fights Wanda. Ben awards Adrian. Kelly heals Nathan. Aaron leads Stephen. Tom knows Anthony. Johnny cleans Shawn. Paul likes Ted. Leon commands Rita. Aaron leads,12,Stephen
Howard gives Michael. Gary writes Rob. Marie claims June. Leo shares Alison. Tony feels Janet. Josh catches Ralph. Andrew builds Stephanie. Mary hates Kirk. Amy captures Victor. Will challenges Monica. Aaron wakes Nicole. Harry changes Leah. Greg welcomes Alexa. Kim advises Kelly. Diana risks Martin. Jacob burns Roger. Harry changes,12,Leah
Thomas sends Phil. Ken gives Ron. Bill approaches Sue. Robert praises Violet. Tom sees Judy. Jordan closes Patrick. Liz respects Kelly. Anna teaches Ralph.  Rad moves Roger. Brian serves Aiden. June feeds Stephanie. Tim prohibits Ruby. Ruth risks Nancy. James hears Sally. Diana rewards Liam. Emma demands Shirley. Tim prohibits,12,Ruby
Paul advises Kirk. Pat answers Michael. Sam stays Marie. Jean stops Logan. Sarah catches Terry. Tom cleans William. Craig protects Rita. Jeff chooses Leah. Laura praises Sara. Jake builds Maggie. Bill proposes Oscar. Juan guides Pamela. Fred delivers Adrian. Maria feeds Melissa. Kelly loves Pam. Alice hates Kathy. Juan guides,12,Pamela
Hannah pays Kurt. Ben blocks Nancy. Jacob judges Pamela. Eric insists Jean. Bill cooks Kirk. Ian follows Victor. Laura finds Logan. Kurt fears Nicholas. Marie invites Nathan. Kim changes Alicia. Mark denies Phil. Adam catches Sally. Matt reminds Monica. Jerry builds Michelle. Scott commands Johnny. Joseph takes Vincent. Adam catches,12,Sally
Peter trains Violet. Hannah calls Jill. Dean accepts Andrea. Amy accompanies Albert. Lauren allows Lydia. Adam burns Todd. Kevin guards Teresa. Steven sends Kathy. Emily boosts Philip. Carl praises Jean. Bill faces Isabel. Nick adopts Juan. Emma gives Justin. Lisa likes Zach. Joe answers Liz. Jane catches Melissa. Nick adopts,12,Juan
Daniel reminds Victor. Kyle texts Isaac. Johnny seeks Olga. Josh leads Phil. Harry builds Kim. Scott buys Sandra. Tom boosts Sheila.  Ellen grabs Margaret. Helen challenges Nicholas. Louis needs Victoria. Lily approaches Michelle. Amy brings Kirk. Kay welcomes Maggie. Gary cheers Kathy. Carl cleans Michael. Eric hugs Irene. Amy brings,12,Kirk
Alan grabs Melanie. Frank leads Isabel. Craig holds Renee. Pat bothers Jean. Jill gives Angela. Rick hears Jordan. Kay commands Rachel. Megan catches Kay. Mary praises Shawn. Karen adopts Zach. Lily thanks Teresa. Henry likes Roy. Hope visits Johnny. Sam shares Sally. David affects Michael. John builds Todd. Henry likes,12,Roy
Johnny follows Joy. Martin challenges Pam. George demands Violet. Margaret lifts Joseph. Eric makes Todd. Kate insists Ted. Laura commands Louis. Nick warns Alison. Tony brings Aiden. Chris rewards Tyler. Jordan finds Lydia. Blake serves Valerie. Anne approaches Vincent. Arthur stays Lauren. Fred hates Albert. Craig catches Zach. Blake serves,12,Valerie
Karen leaves April. Pat urges Kelly. Ken grows Irene. Liz finds Rita. Juan scores Olga. Sarah burns Sharon. Kevin brings William. Alex seeks Shawn. Maggie sees Liz. Mike accepts Ashley. Harry treats Jenny. Luke saves Walter. Jerry visits Joseph. Peter catches Louis. Donna avoids Kim. Michael trusts Victoria. Luke saves,12,Walter
Rick cooks Keith. Keith prohibits Norman. Mark respects Noah. Joseph reminds Ian. Lisa cleans Kara. Peter supports Janet. Claire hears Russell. Harry likes Rita. Marie demands Paula. Maria draws Valerie.  Rad saves Kelly. Donna heals Aiden. Justin calls Adrian. Maggie judges Joan. Brian denies Leon. Bill cares Troy. Donna heals,12,Aiden
Leon denies Rita. Jerry fears Amber. Kathy hides Liz. Sarah moves Teresa. Kay praises Joy. Claire hates Sandra. Rose assists Janet. Aaron stays Natalie. Dean makes Victoria. Sam misses Kyle. Harry cooks Kim. Jeff brings Ron. Pat faces Pam. Margaret takes Rebecca. Alex explains Lydia. Ruth seeks Alicia. Jeff brings,12,Ron
Mary hides Ted. Mark tells April. Sam commands Martha. Luke risks Jean. Alice opens Shirley. Julia meets Lydia. Kathy blocks Renee. Marie claims Monica. Ruth leads Isabel. Donna welcomes Leo. John visits Travis. Hope answers Kurt. Adam defeats Shawn. Craig changes Marc. Nick comforts Jill. Frank treats Kyle. Hope answers,12,Kurt
Robert fears Marc. Alan answers Patrick. George challenges Sally. June shows Amber. Liz prohibits Sue. Mary offers Alicia. Blake faces Joy. Julia sees Victor. Jenny approaches Natalie. Ian avoids Tracy. Eric praises Pamela. Maggie grabs Ian. Paul comforts Sharon. Leon needs Amelia. Thomas checks Travis. Hope inspires Monica. Maggie grabs,12,Ian
Lisa insists Rita. Hope knows Jenny. Edward challenges Alicia. Sam claims Kathy. Ben scores Jean. Faith faces Violet. Jordan texts Rob. Alex boosts Ken. Juan meets Victoria. Louis sends Irene. Sarah gives Martha. Amy invites Phil. Justin approaches Justin. Helen urges Wayne. Margaret comforts Aiden. Gary cares Isaac. Amy invites,12,Phil
Pat brings Juan. Jean sees Stephen. Edward captures Peggy. Liz draws Tyler. Dennis guards Violet. Helen allows Amber. Steve feeds Nancy. James adopts Leon. Leon changes Johnny. Kim fears Pamela. Lucy visits Sara. Carol awards Kathy. Grace delivers June. Kevin prohibits Angela. Anne assists Marc. Hannah challenges Roger. Carol awards,12,Kathy
Johnny fears Tyler. Donna tells Violet. Alan scores Ronald. Alice adopts Jacob. Aaron reads Justin. Faith saves Richard. Austin thanks Jean. Joy makes Pamela. Claire invites Jill. Fred hides Rachel. Margaret delivers Isabel. Diana approaches Norman. Grace faces Ken. Jack hugs Aiden. June changes Zach. Jerry cooks Rebecca. Diana approaches,12,Norman
George shows Phil. Jack closes Sharon. Emma parks Maggie. Anne takes Travis. Ben prohibits Angela. Aaron leads Sue. Eric leaves Ashley. Daniel cheers Stephanie. Jean consoles Teresa. Jane comforts Valerie. David sends Kara. Kim protects Rob. Paul questions Janet. John risks Andrea.  Rad wants Jill. Katie keeps Jacob. Kim protects,12,Rob
Scott scores Sharon. Kurt chooses Kara. Mary warns Richard. Keith stops Roy. Faith reminds Aiden. Chris blocks Adrian. Bob visits Norman. Jenny leads Lori. Linda fights Noah. Craig inspires Jacob. Emily advises Ted. Arthur cooks Troy. Diana stays Amber. Grace defeats Irene. Ben praises Sue. Will rewards Valerie. Arthur cooks,12,Troy
Jenny shares Juan. Joseph praises Michelle. Charles guards Jenny. Nick sends Philip. Lucy delivers Tracy. Hope accompanies Melissa.  Rad wants Shirley. Donna cheers Jill. Hannah approaches Anthony. Chris attacks Ashley. Rose feels William. Howard hires Tyler. Aaron denies Ray. Liz brings Albert. Louis trains Amelia. Adam hugs Alison. Howard hires,12,Tyler
Susan visits Jacob. Katie knows Melanie.  Rad reminds Ronald. Johnny affects Shawn. Ken insists Nathan. Robert wakes Alexa. Matt praises Zach. Margaret denies Howard. Mark comforts Margaret. Alice shares Isaac. Rose respects Isabel. Michael commands Sean. Karen tells Kyle. Steven trusts Tyler. Chris faces Amber. Thomas judges Sheila. Michael commands,12,Sean
Greg closes Phil. Adam commands Natalie. John tells Patrick. Harry respects Neil. Alan sends Nicholas. Craig lifts April. Megan takes Juan. Donna follows Noah. Susan shares June. Johnny protects Kyle. Emily allows Angela. Will asks Violet. Scott parks Michael. Diana prohibits Jerry. Melissa approves Travis. Carl hires Peggy. Will asks,12,Violet
Brian grabs Kim. Carl meets Amelia. David helps Wayne. Alice feels Keith. Nick welcomes Teresa. Marie comforts Nicholas. Edward misses Melanie. Hope adopts Philip. Ian alerts William. Megan knows Monica. Michael pays Rob. Austin hires Anthony. Diana thanks Ron. Tony insists Nicole. Liz permits Julian. June burns Kirk. Austin hires,12,Anthony
Henry captures Adrian. Laura blocks William. Katie comforts Rebecca. Ken risks Lydia. Juan adopts Andrea. Fred alerts Nathan. Faith commands Kurt. Charles pays Howard. Liz teaches Kara. Maria feels Nancy. Jerry approaches Jerry. Julia claims Ashley. Nick attracts Terry. George avoids Tyler. Sarah holds Marie. Steve wakes Ian. Julia claims,12,Ashley
Austin scores Vanessa. Gary explains Jacob. Sarah opens Isabel. Mike buys Kim. Jacob makes April. Sam comforts Stephanie. Marc cares Todd. Mary stops William. Amy trusts Neil. Marie praises June. Craig helps Julian. Maria feels Jill. Keith assists Johnny. Jason backs Kay. Greg leads Nicholas. John hugs Rachel. Maria feels,12,Jill
Austin wants Joy. Henry fights Valerie. Blake sees Zach. Rose demands Nathan. Kurt advises Isaac. Luke prohibits Melissa. Jordan tells Aiden. Kim leads Philip. Steve praises Vanessa. Tim approves Janet. Laura moves Vincent. Amy changes Amber. Emily challenges Rob. Mike hires Tyler. Matt asks Isabel. Rick awards June. Amy changes,12,Amber
Leo judges Nancy. Amy saves Leah. Ruth attacks Teresa. Alan sends Paula. Brian leaves Amelia. Marie pays Janet. Lily bothers Adrian. Grace burns Margaret. Paul supports Olga. Hannah draws Todd. Lucy fears Nicole. Anna cares Pamela. Kim fixes Leo. Steven defeats Philip. Jeff needs Ken. Jacob asks Robin. Anna cares,12,Pamela
Kelly heals Melissa. Joy accepts Stephanie. Sam hugs Troy. Diana insists Russell. Maggie fears Kurt. Dennis protects Michael. Linda sends Ron. Laura builds Shirley. Anne inspires Irene. Robert joins Lori. Helen explains Valerie. Megan prohibits Martha. Jason faces Anthony. Paul hears Angela. Claire adopts Maggie. Dean stays Melanie. Megan prohibits,12,Martha
Marie permits Russell. Justin demands Roy. Mark helps Philip. Mary commands Liz. Lisa protects Zach. Harry cheers Sue. Kate inspires Louis. Anna asks Logan. Will avoids Sean. Donna offers Roger. Kevin heals Kim. Steven stops Nicole. Sam needs Victoria. Ben rewards Sandra. Lucy boosts Ronald. John follows Tracy. Steven stops,12,Nicole
Maria fears Violet. Ryan hides Victoria. Bob captures Ronald. Ken wants Janet. Linda explains Nicholas.  Ellen attacks Jenny. Claire misses Stephen. Will trains Andrea. David answers Alicia. Kelly scores Jean. Tim reads Pamela. Lily feels Richard. Lucy shows Jordan. John respects Todd. Jill joins Sara. Margaret opens Joseph. Lily feels,12,Richard
Charles reminds Joseph. Frank alerts Phil. Claire denies Nicole. Aaron grows Roy. Will attracts Liz. Mary praises Pamela. Steve fights Neil. Jerry respects Walter. Dennis chooses Oscar. Anna draws Jerry. Dean builds Liam. Joy guards Violet. Karen trusts Shirley. Hannah inspires Michael. Robert joins Vincent. Kate approaches Sally. Joy guards,12,Violet
Frank comforts Ian. Matt sends Vanessa. Ben fights Alicia. Carol risks Margaret. Keith wakes Todd. Charles helps Alison. Jack judges Roger.  Ellen supports Nicole. Jake comforts Rob. Anne welcomes Sean. Grace fixes Renee. Marc joins Melissa. Edward guides Ted. Fred likes Michael. Dave shows Liam. Tom hugs Violet. Marc joins,12,Melissa
Rose challenges Lydia. Joseph boosts Todd. Kay questions Natalie. Jason calls Albert. Donna trusts Irene. Ben hides Sean. Dave welcomes Kathy. Brian advises Ken. Grace affects Victor. Kevin comforts Wanda. Lauren permits Johnny.  Ellen holds Angela. Edward serves Sharon. Joy teaches Phil. Bill visits Vanessa. Jake catches Jerry. Ellen holds,12,Angela
Leo texts Jean. Donna feeds Rita. Brian sends Howard. Marie needs Michael. John proposes April. Justin hates Ted. Scott helps Isabel. Andrew invites Kara. Ryan leaves Stephen. Faith explains Liz. Jean gives Natalie. Claire stops Kelly.  Rad answers Angela. Maria consoles Jerry. Edward trains Kyle. Luke teaches Zach. Claire stops,12,Kelly
Nick blocks Ron.  Rad pays Howard. Scott calls Kurt. Tim guards Ray. Howard asks Ken. Alan sees Roy. Aaron cleans Vanessa. Greg demands Angela. Ruth hires Patrick. Kate meets Liz. Johnny reminds Michelle. Margaret writes Melanie. Louis boosts Teresa. Maria rewards Kay. Hope closes Maggie. Fred challenges Alicia. Margaret writes,12,Melanie
Helen questions Neil. Aaron inspires William. Amy stops Travis. David cheers Tracy. Frank misses Terry. Tom avoids Judy. Lily allows Monica. Andrew asks Nancy. Susan demands Ian. Marc grabs Angela. Katie cares Isabel. Rose attacks Philip. Jerry takes Pam. Linda chooses Robin. Gary treats Sandra. Emily assists Joan. Rose attacks,12,Philip
Jacob shows Teresa. Eric accepts Sue. Tom insists Keith. Craig hugs Ken. Luke burns Shawn. Emily permits Victor. Chris teaches Martha. Jake fixes Alicia. Adam bothers Terry. Kelly heals Wanda. David changes Vanessa. Charles stays Marie. Ken trusts Sean. Mike urges Lauren. Kyle builds Jerry. James needs Irene. Charles stays,12,Marie
Paul assists Renee. Kathy proposes Kara. Will moves Sean. Sarah reminds Pam. Julia needs Ralph. Greg opens Olga. Kelly teaches April. Claire thanks Victor. Johnny accepts Kirk. Tom permits Vanessa. Ruth tells Martha. Jordan awards Adrian. Gary explains Zach. Mike welcomes Valerie. Emma bothers Logan. Karen trains Kelly. Jordan awards,12,Adrian
Arthur checks Kurt. Megan grabs Ian. Diana buys Ted. Dean alerts Judy. Kyle fixes April. Paul builds Valerie. Kim cleans Todd. Leon reminds Julian. Joseph joins Victoria. Louis texts Wayne. Hope explains Jordan. Thomas feels Natalie. Ruth insists Martin. Bob proposes Ronald. James hides Robin. Nick chooses Keith. Thomas feels,12,Natalie
Emily thanks Howard. Michael prohibits Renee. Megan changes Rob. Kyle accepts Michelle. Louis opens Jenny. Steve tells Jordan. Mark draws Monica. Claire treats Roy. Joy avoids Shawn. Howard captures Louis. Kathy lifts Russell. Linda calls Tyler. Jack sees Patrick. Harry buys Nathan. Mike keeps Keith. Ken advises Sandra. Linda calls,12,Tyler
Carl hears Martha. Justin grabs Jordan. Luke insists Victor. Daniel needs Kay. David questions Roy. Kevin lifts Sean. Maggie boosts Victoria. Julia scores Judy. Mike leads Melissa. Ian allows Roger. Liz comforts Shawn. Megan shows Violet. Adam buys Ian. Eric reads Sue. Frank hates Ted. Kelly leaves Shirley. Megan shows,12,Violet
George wakes Robin. Daniel misses Kyle. Alan loves Shawn. Claire praises Kathy. Helen checks Leon. Jerry pays Michelle. Maria approaches Janet. Scott buys Richard. Carl captures Tyler. Amy challenges Todd. Laura insists Margaret. Kevin seeks Stephanie. Kelly finds Kim. Dean cleans Kurt. Justin questions Paula. Michael meets Juan. Kevin seeks,12,Stephanie
Tim parks Amelia. Jacob knows Todd. Kay chooses Isabel. Louis awards Justin. Tony challenges Lauren. Josh trusts Joseph. Melissa guards Logan. Jason shows Marie. Aaron leaves Amber. Diana serves Sandra. Kathy takes Nicholas. Maggie alerts Stephanie. Anne hugs Keith. Katie misses Johnny. Nick drives Maggie. Jeff draws Nathan. Maggie alerts,12,Stephanie
Julia builds Roy. Martin leaves Louis. Paul shows Terry. Liz hires Howard. Aaron knows Wanda. Howard prohibits Joan. Maggie guides Zach. Anna explains Melanie. Louis opens Valerie. Carl thanks Ron. James cooks Jacob. Kathy captures Martha. Josh hears Keith. Edward bothers Teresa. Justin reminds Sandra. Jason attracts Pam. Kathy captures,12,Martha
Gary warns Ruby. Henry adopts Marc. Jean demands Monica. Jason buys Irene.  Rad comforts Victoria. Paul denies Amelia. Grace rewards Victor. Peter praises Tyler. Fred fears Todd. Ryan hires Jacob. Emma supports Liam. Josh risks Amber. Kathy welcomes Liz. Arthur wakes Juan. Carl challenges Ted. Maggie answers Sheila. Josh risks,12,Amber
Liz scores Liz. Juan tells Andrea. Justin needs Ian. Steve gives Pamela. Lauren pays Marc. Claire calls Isaac. Craig loves Isabel. Anne offers Alexa. Joy buys Pam. Ben assists Michael. Carl claims Alison. Hannah comforts Wayne. Pat stays Nicole. Maggie grabs Rebecca. Blake awards Sandra. Jenny heals Nathan. Hannah comforts,12,Wayne
Juan calls Lydia. Bill scores Rebecca. Kyle offers Shawn. Matt delivers Sylvia. Edward judges Justin. Rick blocks Irene. Emma thanks Juan. Tony supports Ted. Melissa praises Roger. Joe backs Sandra. Kathy trusts Rita. Greg gives Russell. June takes Kurt. Anna meets Kay. Tim chooses Kathy. Kelly sends Walter. June takes,13,Kurt
Mark gives Sue. Mike attacks Jacob. Austin questions Kelly. Rick cares Maggie. David parks Irene. Chris bothers Margaret. Kyle texts Norman. Maria urges Amelia. Andrew captures Ralph. Grace opens Neil. Max hears Liz. Will cooks Ken. Lisa accompanies Martin. Steve burns Stan. Blake trains Russell. Kurt judges Rob. Lisa accompanies,13,Martin
Paul makes Ted. Karen comforts Wayne. Justin backs Tracy. Thomas guards Anthony. Kelly visits Andrea. Claire captures Roger. Keith fixes Keith. Julia hides Rebecca. Dean protects Aiden. Mike grows Lydia. Susan guides Paula. Carol cheers Adrian. Eric delivers Rita. Sam draws Pamela. Ian sends Marie. Steven loves Lori. Eric delivers,13,Rita
Rad denies Monica. Anna judges Keith. Claire offers Jerry. Thomas parks Howard. Nick misses Sylvia. Max hugs Kyle. Jack needs Melanie. Bill gives Sharon. Sam helps Paula. Rick approves Martin. Mark attracts Justin. Alice opens Kim. Brian burns Victoria. Juan knows Adrian. Maggie shares Margaret. Kevin challenges Robin. Brian burns,13,Victoria
Steven follows Roger. Jerry drives Russell. Mary blocks Joan. Bill challenges Sara. Lisa hugs Sheila. Lucy likes Amber. Tom inspires Alison. Greg judges Leah. Sam pays Monica. Johnny proposes Janet. Linda fixes Leon. Daniel approves Martha. Nick attracts Andrea. Ken hides Margaret. Karen shows William. Dennis takes Kara. Nick attracts,13,Andrea
Ryan catches Amber. Luke shares Vanessa. Thomas asks Sean. Jane allows Victoria. Laura permits Albert. Hope parks Jacob. Jeff answers Oscar. Mike inspires Judy. Claire sees Sharon. Lauren follows Juan. Steve trusts Andrea. Maggie fights Zach. Jason fears Rebecca. Aaron takes Margaret. Alan draws Irene. George buys Louis. Jason fears,13,Rebecca
Jean avoids Keith. Julia advises Martha. Jack insists Jacob. Marie accepts Teresa. Lucy explains Stan. George thanks Wayne. Chris makes Terry. Carol warns Patrick. Amy chooses Zach. Maggie leaves Violet. Fred sends Natalie. Justin likes Roger. Josh approves Olga. Mark protects Nicole. Mike trusts Isabel. Arthur gives Travis. Josh approves,13,Olga
Leon feels Rob.  Rad demands Sean. David accompanies Robin. Justin burns Phil. Carl hates Kathy. Joy builds Wayne. Eric judges Melanie. Susan stays Shawn. Hannah affects Tyler. Steve guards Travis. Paul hugs Ian. Dave fights Zach. Jason defeats Troy. Marie parks Stephanie. Tony protects Ray. Kurt wants Olga. Jason defeats,13,Troy
Steve faces Isabel. Jack attracts Liam. Gary follows Angela. Kathy protects June. Kurt claims Todd. Anna advises Alicia. Kate wants Sandra.  Rad loves Kara. Grace answers Marie. Liz explains Philip. Blake assists Oscar. Lucy comforts Violet. Steven likes Roy. Leo warns Liz. Amy tells Nathan. Faith leads Louis. Steven likes,13,Roy
Kevin hires Ralph. Carl buys Jordan. Joe accepts Kara.  Ellen teaches Julian. Julia burns Ashley. Frank boosts Natalie. Bill helps Rita. Rick challenges Angela. Jordan writes Vanessa. Juan consoles Nathan. Robert stops April. Tony feels Lori. Claire denies Anthony. Ian meets Robin. Jane cleans Lydia. Martin defeats Margaret. Claire denies,13,Anthony
Tim finds Roger. Liz asks Kara.  Ellen makes Vincent. Joe allows Pam. Dave trains Richard. Louis warns Logan. Michael calls Teresa. Chris cleans Ted. Charles faces Stephen. Maria alerts Neil. Kelly serves Sally. Luke checks Terry. June judges Sara. Susan fixes Victor. Martin hates Rachel. Claire explains Rita. June judges,13,Sara
Charles heals Pam. Alex challenges Russell. Dean cleans Nathan. Thomas seeks Ron. Leo joins Robin. Max burns June. Greg sends Valerie. Andrew misses Nancy. Lisa denies Phil. Lauren captures Howard. Mary saves Violet. Louis sees Irene. Jenny approaches Philip. Alice reads Anthony.  Ellen guides Amber. Kathy draws Tyler. Jenny approaches,13,Philip
Keith keeps Joan. Lisa calls Roy. Michael grabs Patrick. Anne feeds Martin. Paul trains June. Alice builds Anthony. Mark captures Alicia. Thomas explains Violet. Bob advises Logan. Gary inspires Kathy. Johnny pays Amelia. Sam hates Oscar. Ken welcomes Sandra. Rick adopts Leah. Matt checks Kirk. Hope answers Marie. Ken welcomes,13,Sandra
Henry explains Alicia. Rick takes Shirley. Steven sends Melanie. Tony parks Alexa. Brian meets Paula. Greg builds April. Keith hides Ashley. Dennis trusts Oscar. Kevin feels Michael. Lily captures Victor. Joe shows Andrea. Josh claims Lydia. Frank awards Howard. Alex comforts Teresa. Gary guards Isaac. Juan accepts Sheila. Frank awards,13,Howard
Kay urges Wayne. Peter cleans Tracy. Luke needs Isaac. Kyle takes Julian. Lucy trusts Rachel. Aaron stops Oscar. Justin heals William. Max grows Rebecca. Bob denies Ronald. James rewards Melanie. Jack challenges Stephanie. Liz pays Terry. Dave shares Justin. Claire visits Lydia. Kathy teaches Kirk. Pat stays Kyle. Dave shares,13,Justin
Aaron cooks Janet. Max risks Albert. Nick trusts Anthony. Arthur feels William. Lily challenges Ron. Grace feeds Jacob. Greg hides Philip. Robert fixes Sally. Sam opens Nicole. Josh blocks Russell. Charles answers Vincent. Susan serves Victor. Faith cheers Irene. Andrew sees Ruby. Tony proposes Keith. Kyle protects Richard. Faith cheers,13,Irene
Emily commands Leah.  Ellen comforts Juan. Steven tells Kirk. Margaret hugs Lori. Jason hides Ruby. David guides Johnny. Carl finds Ashley. Faith judges Rob. Thomas attracts Nicole. Howard brings Rachel. Mary checks Adrian. Austin avoids Ray. June permits Liam. Gary keeps Isabel. Aaron backs Olga. Joy saves Natalie. June permits,13,Liam
Mike feels Juan. Sam praises Ray. Henry chooses Kathy. Carol blocks Nicholas. Greg hugs Rob. Kelly follows Teresa. Joe respects Maggie. Frank approves Martin. Dennis calls Shirley. Hope warns Isabel. Maria heals Sandra. Tom comforts Alexa. Charles draws Liam. Brian loves Wanda. Max explains Jean. Amy sends Margaret. Charles draws,13,Liam
Anna teaches Ron. Tom takes Marie. Aaron texts Roy. George challenges Jacob. Henry attacks Norman. Liz invites Jean. Melissa makes Jenny. Adam shares Wayne. David challenges Alexa. Juan welcomes June. Laura backs Isabel. Bill brings Peggy. Austin blocks Nathan. Carol comforts Kathy. Emily guards Russell. Tony buys Sheila. Austin blocks,13,Nathan
Johnny faces Pam. Matt inspires Norman. Jane questions Jerry. Alex defeats Shirley. Carl respects Stan. Jerry affects Travis. Claire supports Sally. Tony attracts Sara. Sarah changes Liam. Julia guards Stephen. Jacob texts Olga. Henry bothers Aiden. Leon buys Nancy. Lisa checks Joy. Edward likes Stephanie. Joe loves Noah. Leon buys,13,Nancy
Carol calls Sean. Kate reminds Joan. Kurt helps Adrian. Arthur claims Joy. Megan accompanies Noah. Rose allows Stephanie. Hope joins Wanda. Jane tells Johnny. Ben risks Joseph. Jordan finds Kelly. Amy drives Ken. Jeff explains Leo. Justin takes April. Craig closes Marie. Linda asks Patrick. Anne shows Jordan. Justin takes,13,April
Melissa proposes Lori. Carol claims Richard. Grace scores Terry. Kate stops Roger. Leo texts Jill. Susan teaches Melissa.  Rad sends Nathan. Marie bothers Ted. Jane lifts Monica. George defeats Alicia. Donna trusts Travis. Lauren misses Troy. Leon stays Walter. Eric thanks Olga. Austin cares Marc. Steve welcomes Leon. Leon stays,13,Walter
Robert wakes Sally. Helen moves Alison. Joseph proposes Kurt. Kate invites Stan. Jacob trains Amelia. Arthur reads Russell. Emma opens Neil. Marie faces Pamela. Hope wants Michael. Keith hates Albert. Thomas drives Joseph. Tony pays Vincent. Anna rewards Melissa. Maggie inspires Victor. Kevin adopts Norman. Fred demands Howard. Anna rewards,13,Melissa
Emily fears Rachel. David inspires Albert. Mary challenges Johnny. James shows Pamela. Jane stops Liam. Susan stays Stan. Anne brings Violet. Josh explains Liz. Arthur fights Sandra. Marc checks Sue. Carl closes Kathy. Juan advises Sally. Michael serves Kurt. Alan helps Kim. Max sends Alicia. Scott cleans Paula. Michael serves,13,Kurt
Michael visits Jean. Henry cares Jenny. Tom makes Todd. Adam calls Sylvia. Luke brings Walter. Mike cooks Joan. Craig claims Logan. Bob denies Kyle. Ryan burns Monica. Juan inspires Kathy. Robert explains Wanda. Emma trusts Jordan. Bill texts Phil. Jean loves Sara. Maggie thanks Kelly. Austin feels Jill. Bill texts,13,Phil
Dave meets Travis. Laura consoles Victor. Alex guides Wayne.  Ellen teaches Jordan. Peter adopts Logan. Max heals Adrian. Adam warns Kurt. Lisa chooses Ian. Marc prohibits Renee. David checks Ron. Dean catches Marie. Lauren hugs Jacob. Edward avoids Roger. Fred praises Patrick. Steve saves Michael. Jane reads Todd. Edward avoids,13,Roger
Maria brings Sylvia. Arthur sends Nicholas. Austin joins Joan. Ben approaches Nicole. Thomas challenges Keith. Andrew attracts Monica. Rick offers Jenny. Margaret advises Kim. Matt asks Stephanie. Bill chooses Irene. Craig claims Noah.  Rad checks Pamela. Johnny warns Michelle. Jean follows Sheila. Henry hates Roger. Ruth seeks Natalie. Johnny warns,13,Michelle
Tom needs Jacob. Bob trains Oscar. George joins Norman. Will rewards Judy. Keith approves Kurt. David knows Janet. James questions Irene. Scott reads Nicole. Hope comforts Rita. Henry denies Marc. Mark accompanies Alexa. Jill reminds Teresa. Karen chooses Stephanie. Sarah gives Vanessa. Anne sends Jill. Charles bothers Natalie. Karen chooses,13,Stephanie
Alex finds Pam. Sarah heals Valerie. Hope closes Paula. Diana answers Keith. Laura opens Ron. Kurt makes Albert. Rose adopts June. Gary prohibits Sharon. Eric defeats Adrian. Jenny gives Margaret. Michael guides Kirk. Lily avoids Rob. Howard wakes Lydia. Margaret stops Juan. Susan feeds Amelia. Kathy teaches Liz. Howard wakes,13,Lydia
Hope grows June. Harry challenges Janet. Jason wants Shirley. Luke awards Alexa. Bill changes Nancy. Jill keeps Vincent. Susan trusts Paula. Mark wakes Tyler. Keith stops Juan. Ben gives Joan. Diana attacks Jerry. Joy delivers Margaret. Kevin hugs Amelia. Alice commands Nicole. Margaret catches Marc. George calls Valerie. Kevin hugs,13,Amelia
Will changes Neil. Kathy proposes Kara. Helen commands Ruby. Steve tells June. Chris assists Angela. Daniel risks Jacob. Eric alerts Phil. Martin heals Rob. Alex blocks Tyler. Louis opens Zach. Matt grabs Leon. Lily protects Oscar. Kyle trains Norman. Gary saves Alison. Jacob treats Janet. Bob supports Russell. Kyle trains,13,Norman
Melissa asks Kirk. Martin comforts Phil. Ruth needs Irene. Jane parks Margaret. Diana hides Todd. Dean advises Ronald. Laura inspires Ray. Mary hires Melanie. John hugs Sylvia. Anne risks Martha. Austin shares Jacob. Marie sees Rob. Megan saves Teresa. Steve misses Noah. Helen invites Terry. Nick guides Julian. Megan saves,13,Teresa
Faith offers Rachel. Jane pays Isabel. Aaron denies Martin. Kyle scores Violet. Joseph shows Natalie. Luke heals Ashley. Alan loves Robin. Greg takes Jacob. June brings Kyle. Rose cares Julian. Linda joins Rob. Jake inspires Nicholas. Charles welcomes Sylvia. Josh draws Jenny. Ben needs Nicole. Chris sends Tyler. Charles welcomes,13,Sylvia
June likes Jerry. Nick invites Ray. Ken brings Albert. Donna trains Oscar. Leo reads Renee. Margaret reminds Louis. Megan hides Melanie. Ryan heals Sylvia. Steve texts Michael. Blake claims Monica. Craig commands Phil. Emma consoles Jean. Jack rewards Jacob. Pat explains Lori. Jenny asks Howard. Kathy fixes Amber. Jack rewards,13,Jacob
Peter burns Sara. Ruth follows Maggie. Steve advises Ruby. Robert avoids Melanie. Jack serves Ashley. Luke meets Kelly. Chris comforts Ted. Joseph alerts Melissa. Juan hires Kathy. Bob treats Anthony. Karen fears Michelle. Alice cleans Nicole. David seeks Kay. Justin tells Janet. Kurt approaches Victoria. Ben answers Jenny. David seeks,13,Kay
Tony scores Victor. Kevin opens Marc. Lily brings Sheila. Pat permits Norman. Marie buys Roy. Mary drives Lydia. Emma denies Neil. Max guides Terry. Henry shares Margaret. Arthur risks Lauren. Rick guards Russell. Kathy boosts Keith. Justin changes Stephanie. Megan hates Liz. Scott stays Pam. Robert visits Nancy. Justin changes,13,Stephanie
Justin likes Nicole. Faith fights Nathan. Luke shows Peggy. Jacob treats Tracy. Carol calls Natalie. Ken chooses Sally. Marie hears Sharon. Bill leaves Michael. Karen brings Oscar. Fred offers Julian. Thomas praises Louis. Anne judges Teresa. Leon permits Lauren. Claire bothers Rebecca. Alice welcomes Albert. Scott guides Ron. Leon permits,13,Lauren
Faith proposes Michelle. Diana captures Richard.  Ellen praises Ron. Mike warns Pamela. Gary hides Louis. James feeds Kyle. Bob commands Stephen. Alice grabs Melissa. George claims Terry. Leon demands Valerie. Kelly leads Melanie. Amy answers Teresa. Henry writes Shirley. Matt accepts Alicia. Susan follows Anthony. Emily fixes Paula. Henry writes,13,Shirley
Jason praises Shirley. Keith affects Kathy. Gary pays Amelia. Thomas hides Marc. Tom protects Paula. Robert lifts Richard. Carl catches Noah. Michael welcomes Stephanie. Ian calls Kelly. Kyle likes Martin. Joy proposes Vincent. Alex teaches Leah. Jack stops Martha. Liz cares Pamela. Steven chooses Isabel. Mark checks Kyle. Jack stops,13,Martha
Robert accepts Alexa. Tim shares Irene. Jenny visits Nathan. Kate trusts Logan. Edward hides Russell. Maria hears Andrea. Jill gives Leon. Charles reads Rachel. Joseph buys Melanie. Lily rewards Shawn. Emily questions June. Greg serves Nicole. Dave inspires Jerry. Adam proposes Sheila. Carol brings Roger. Hope invites Jill. Dave inspires,13,Jerry
Ian scores William. Chris sends Nicole. Faith grabs Logan. Hope cooks Martin. Peter asks Irene. Paul protects Neil. Thomas seeks Lauren. Edward supports Julian. Greg reminds Ralph. Maria finds Jean. Ruth catches Sue. Linda closes Nicholas. Joy chooses Zach. Jill consoles Marie. Pat grows Isaac. Kate trains Ashley. Joy chooses,13,Zach
Jake saves Russell. Luke sends Janet. Jordan changes Rita. Ben drives Louis. Leon stays Jill. Julia awards Rebecca. Jean checks Joy. Liz trusts Norman. Louis hates Martin. Will consoles Wanda. Kyle adopts Isabel. Joseph assists Shawn. Arthur comforts Amber. Dave helps Sylvia. Katie avoids Joseph. Helen offers Kyle. Arthur comforts,13,Amber
Jason defeats Joan. Aaron knows Peggy. Donna alerts Marie. Ian hears Logan. Lily feels Rita. Will respects Sean.  Rad lifts Andrea. Rick praises Tracy. Scott wants Irene. Paul rewards June. Adam grabs Julian. Mike fights Johnny. Jane helps Keith. Rose joins Kirk. Daniel calls Vincent. Lucy warns Rebecca. Jane helps,13,Keith
Austin builds Kurt. Robert parks Judy. Andrew cheers Alicia. Karen catches Alison. Brian boosts Oscar. Maria attacks Joy. Michael seeks Rita. Jill hugs Robin. Josh trusts Michelle. Martin texts Ashley. Jack consoles Vincent. Will welcomes Alexa. James reminds Albert. Kevin wants Nancy. Thomas sees Anthony. Harry avoids Ruby. James reminds,13,Albert
Donna allows Kyle. Justin heals Kim. Ruth proposes Rita. Leon finds Kelly. Andrew leaves Tyler. Margaret helps Marc. Peter thanks Natalie. Claire seeks Paula. Keith attracts Alexa. Jacob permits Leo. Charles respects Kurt. Dave hugs Ray. Ben offers Robin. Kevin leads Irene. Joy tells Sheila. Tony answers Renee. Ben offers,13,Robin
Steve teaches Tyler. Tony meets Pamela. Joe makes Louis. Jeff questions Roger. Jason finds Sally. Kelly bothers April. Jean feels Violet. Keith approaches Maggie. Ian advises Neil. June faces Travis. Hannah hugs Nancy. Marie checks Sharon. Lily adopts Kyle. Blake seeks Michelle. Bill tells Wanda. Louis denies Melanie. Lily adopts,13,Kyle
Joy misses Stephen. Austin gives Philip. Hannah builds Shirley. Karen judges Johnny. Thomas questions Maggie. Chris reads Olga. Nick guides Paula. Matt shows April. Emily sees Oscar. Josh tells Ruby. Greg captures Robin. James serves Michael. Ian supports Rita. Susan lifts Ted. Peter hates Amelia. John stops Kim. Ian supports,13,Rita
Joseph shows Shawn. Mark cheers Kelly. Sam praises Pamela. Jake drives Janet.  Ellen comforts Jacob. Gary reminds Sally. Ken supports Valerie. Emma assists Kathy. Donna calls Melanie. Maria risks Patrick. Sarah comforts Todd. Ben guards Jenny. Linda prohibits Alison. Will writes Marc. Josh permits Ralph. Steve cooks Victoria. Linda prohibits,13,Alison
Kate drives Valerie. Alice allows Natalie. Dennis explains Nicholas. Joy prohibits Jill. Steve holds William. Kim stops Zach. Laura loves Anthony. Tony adopts Alicia. Arthur makes Marie. George permits Sue. Aaron denies Kara. Emily defeats Teresa. Megan saves Phil. Linda sees Maggie. Rose comforts Ruby. Jane captures Rachel. Megan saves,13,Phil
Aaron closes Joseph. Tim brings Alison. Jenny gives Victor. Martin hires Renee. Kathy shows Jerry. Jerry seeks Maggie. John cares Norman. Maria takes Teresa. Sarah likes Irene. Johnny hugs Kara. Chris makes Richard. Charles saves Ron. Tony alerts Liam. Melissa changes Joan. Rick praises Terry. Henry guides Kelly. Tony alerts,13,Liam
Claire serves Valerie. Emma stops Walter. Helen sends Marc. Joy catches Olga. Craig commands June. Kevin cheers Philip. Kim meets Stan. Marie parks Ray. Hope moves Tyler. Kyle proposes Sheila. Jean cares Maggie. Daniel respects Jacob. Liz challenges Michelle. George defeats Irene. Chris texts Leo. Max delivers Justin. George defeats,14,Irene
Ben accepts Keith. Johnny finds Terry. Sam draws Kay. Josh wakes Amber. Andrew challenges Valerie. Karen accompanies Patrick. Claire treats Rebecca. Mary feeds Renee. Marie chooses Pam. Emma grows Nancy. Steve attracts Leah. Greg misses Rita. Megan pays Andrea. Kyle assists Justin. Faith insists Alexa. Jenny holds Ian. Kyle assists,14,Justin
Josh reminds Phil. Leo visits Melissa. Anna sees Nicholas. Ryan urges Michelle. Melissa pays June. Ken takes Kathy. Kevin consoles Keith. Will leaves Todd. George stops Nathan. Megan opens Sally. Juan makes Stephanie. Mark joins Ralph. Linda warns Norman. Amy chooses Peggy. Jeff likes Kay. Karen inspires Travis. Amy chooses,14,Peggy
Bill builds Valerie. Ruth pays Melanie. Jenny scores Juan. Matt hears Joy. Maggie captures William. Carol keeps Vanessa. Mark consoles Oscar. Justin guards Troy. Kyle rewards Ronald. Jack leaves Violet. Martin follows Tracy. Ken warns Victor. Anna accepts Leo. Claire alerts Travis. Dave supports June. Liz trains Peggy. Claire alerts,14,Travis
Jack fights Victoria. Steve saves Sally. Kurt challenges Johnny. Jean protects Ronald. Dave comforts Rachel. Alice adopts Natalie. Justin boosts Melissa. Kyle joins Sara. Henry backs Roger. Tim answers Adrian. Jane proposes Norman. Bob finds Teresa. Scott serves Angela. Ian welcomes Terry. George cares Shawn. Liz parks Martin. Ian welcomes,14,Terry
Ian scores Monica. Pat feeds Paula. Joseph commands Louis. Grace builds Todd. Lucy needs Joseph. Joy accompanies Victoria. Edward seeks Renee. Kay consoles Martin. Helen hires Violet. Michael inspires Ruby. Susan reads Stephanie. Tim sends Stan. Marc invites Isabel. Robert assists Ken. Ruth comforts Sylvia. Maggie claims Ronald. Robert assists,14,Ken
Emma guides Rita. Will grows Keith. Grace teaches Victoria. Scott invites Sheila. Mary reminds Nicholas. Jordan fights Monica. Chris likes Renee. Arthur parks Paula. Alex sends Natalie. Matt backs Peggy. Julia calls Julian. Austin reads Patrick. Joe wants Sally. Margaret sees Teresa. Jill checks Rob. Maggie shows Amelia. Margaret sees,14,Teresa
Ellen misses Howard. Blake hates Kirk. Lucy hires Joseph. Ruth comforts Richard. Claire needs Kelly. Keith knows Rita. Chris challenges Nancy. Charles visits Stephanie. Julia keeps Lori. Carol commands Tracy. Susan urges Kara. Tim opens Shirley. Diana captures Martha. Joy draws Pam. Helen stays Ronald. Sarah cares Louis. Joy draws,14,Pam
Alice checks April. Mike catches Roger. Rick assists Paula. Karen trains Teresa. Matt keeps Irene. Faith attacks Michelle. Ben comforts Pamela. Joe parks Philip. Marc hides Aiden. Lucy questions Albert. Daniel denies Vanessa. Howard adopts Judy. Kyle praises Victoria. Sarah sends Robin. Jean captures Sally. Blake defeats Zach. Sarah sends,14,Robin
Ellen challenges Melanie. Sam lifts Stephanie. Max parks Joan. Lily teaches Todd. Dennis denies Amber. Josh needs Paula. Daniel affects Judy. Thomas catches Howard. Melissa risks Pamela. Steve fears Jenny. Charles cleans Peggy. Carol challenges Roger. Anne hugs Ruby. Karen chooses Victoria. Megan likes Alicia. Jerry backs Sara. Karen chooses,14,Victoria
Jane delivers Leon. Blake changes Sheila. Jack meets Natalie. Katie feeds Robin. Kate rewards Sean. Jordan wants Roy. Nick draws Louis. Leon faces Norman. Eric visits Kay. Gary protects Olga. George scores Pam. Emma backs Howard. Henry hates Sally. Daniel buys Kirk. Joy sees Michael. Margaret hides Wayne. Daniel buys,14,Kirk
Andrew buys Ashley. Kate approves Teresa. Mike leads Oscar. Ian guides William. Anna helps Ray. Juan inspires Leo. Sarah leaves Leon. Lisa supports Tyler. Will follows Wayne. Jerry visits Russell. David adopts Nicholas. Joseph brings Liz. Mark invites Shawn. Henry guards Stan. Jill alerts Amber. Joy catches Kirk. Henry guards,14,Stan
Rose meets Kirk. Lauren feeds Howard. Blake faces Juan. Alan serves Lori. Margaret heals Aiden. Brian supports Kara. Susan cares Joan. Nick avoids Martha. Jean trains Amelia. Bill guides Valerie. Craig defeats Nicole. Katie cooks Ken. Amy checks Michelle. Rick seeks Ralph. Lucy parks Ian. Max stops Nathan. Rick seeks,14,Ralph
Alan urges Roger. Scott closes Kara. Sarah fights Louis. Brian fixes Tracy. Kay hides Julian. Bob cheers Shirley. Edward comforts Richard. Mary rewards Todd. Carol leaves Alicia. Daniel hugs Nancy. Rick alerts Juan. Julia warns Kathy. Jason lifts Kim. Joseph trusts Walter. Dennis feels Marc.  Rad proposes Rob. Joseph trusts,14,Walter
Dean meets Irene. Charles assists Nancy. Susan demands Andrea. Steve praises Kay. Harry holds Kyle. Jenny cooks Kurt. Brian teaches Kim. Anne parks Margaret. Jerry finds Ronald. Kathy cares Logan. Mark claims Oscar. Robert adopts Lori. Jake defeats Ian. Bob denies Valerie. John guides Lydia. Grace trusts Adrian. Bob denies,14,Valerie
Faith commands Victoria. Anne wakes Violet. Carl visits Kelly. Bill moves Kathy. Michael asks Melanie. Kevin accompanies Ruby. Craig answers Kyle. Lucy blocks Renee. Henry invites Stan. David protects Neil. Lauren scores Todd. Mark hires Ray. Maggie bothers Nicholas. Louis advises Sara. Joseph knows Lauren. Helen stays Pam. Louis advises,14,Sara
Josh follows Howard. Liz saves Sally. Alan calls Louis. Leo explains Adrian. Paul sends Ashley. Steve answers Sara. Adam alerts Martin. Donna sees Valerie. Joy hears Sheila. Amy writes Sandra. Linda inspires Teresa. Carol warns Vincent. Andrew chooses Phil. Harry attracts Nancy. Laura trains Patrick. Mark bothers Zach. Harry attracts,14,Nancy
June commands Oscar. Melissa knows Michael. Joe leaves April. Frank fears Patrick. Anna delivers Natalie. Thomas risks Sandra. Jill builds Judy. Mark hugs Liz. Ryan stops Philip. Emily visits Juan. Matt catches Phil. Marie reminds Kirk. Julia affects Kurt. Justin rewards Nancy. Faith serves Joy. Alan cares Melanie. Justin rewards,14,Nancy
Dave allows Martin. Eric questions Monica. Josh approves Louis. Jack asks Kelly. Martin trusts Joan. Peter wants Ted. Nick hides Sandra. David meets Anthony. Louis avoids Kyle. Andrew brings Marc. Lisa awards Ruby. Tom reads Paula. Ruth visits Vincent. Steve feeds Alicia. Steven rewards Jordan. Karen cleans Martha. Steve feeds,14,Alicia
Harry backs Ronald. Liz heals Amber. Laura feels Jenny. Matt opens Sylvia. Kim meets Kim. Nick proposes Janet. Leon hires Alexa. Ken likes Todd. Ryan challenges Justin. Luke commands Kelly. Peter stops Irene. Emma captures Joy. Thomas chooses Angela. Ian challenges Joan. Kurt boosts Vincent. Lauren advises Russell. Ian challenges,14,Joan
Karen chooses Martha. Amy feeds Jenny. Bob approaches Zach. Alice inspires Keith. Will blocks Melissa. Eric assists Jill. Ryan reminds Rita. Joe needs Roger. Rose stops Howard. Emma opens Ronald. Steve brings Ken. Harry draws Lauren. Luke accompanies Russell. Kevin fights Kay. John follows Isabel. Sarah hates Margaret. Kevin fights,14,Kay
Liz consoles Sean. Carol claims Robin. Jake moves Sandra. Kathy treats Melanie. Tony misses Leon. Kevin defeats Wayne. Kate guides Richard. Lisa changes Zach. Anne awards Sheila. Max tells Juan. Lily feeds Phil. Lauren follows Isaac. Grace visits Aiden. Jason meets Stan. Andrew approves Melissa. Faith cooks Alicia. Jason meets,14,Stan
Ellen bothers Natalie. Eric knows Kara. Jordan makes Todd. Juan inspires Noah. Kelly guards Isaac. Johnny leaves Philip. John fears Rita. Lauren writes Jean. Jason assists Violet. Marie cheers Janet. Ryan feels Louis. Amy reminds Juan. Bob drives Kurt. Hope hates Wanda. Leo wakes Ralph. Howard boosts Russell. Hope hates,14,Wanda
Rad attracts Irene. Melissa holds Ray. Peter affects Rob. Jerry scores Maggie. Diana lifts Adrian. Lauren approves Martha. Anna trusts Joan. Paul cooks Olga. Ken wants Kathy. Martin demands Jean. Jane challenges Monica. Aaron visits Alicia. Donna trains Juan. Helen urges Isaac. Steve serves Ruby. Mark teaches Lydia. Helen urges,14,Isaac
Dave thanks Olga. Robert backs Joseph. Harry seeks Irene. Charles hears Louis. Amy builds Isabel. Karen hides Jenny. Jason respects Oscar. Jill praises Marc. Tony buys Nicholas. Tom questions Robin. Carl insists Phil. Ben shows Monica. Jordan tells Amelia. Ryan guards Russell. Bill scores Michelle.  Rad protects Johnny. Ryan guards,14,Russell
Dean offers Angela. Nick explains Lydia. Katie urges Oscar. Greg judges Logan. Thomas welcomes Richard. Alan likes Valerie. Maria visits Marc. Jake needs Louis. Leon comforts Michael. Lauren inspires Tyler. Lucy feels Sylvia. Aaron prohibits Kurt. Mark risks Amber. Steven stops Ian. Susan accompanies Vanessa. Jack backs Maggie. Steven stops,14,Ian
Katie guides Martin. Peter invites Patrick. Karen writes Kara. Thomas drives Pam. Jeff needs June. Leo challenges Roy. Alex chooses Jerry. Jerry commands Oscar. Jack likes Sylvia. Marie catches William. Michael avoids Kim. Ruth adopts Valerie. Hannah knows Lydia. Louis allows Michael. Claire pays Justin. Austin builds Rachel. Louis allows,14,Michael
Mary likes Ted. June thanks Nicole. Howard stays Nancy. Robert holds Justin. Eric hates Alison. Helen draws Rebecca. Hannah feeds Leo. Michael guards Ray. Maria avoids Alexa. Karen captures Kara. Justin changes Neil. Susan feels Maggie. Joe challenges Rachel. Carol burns Zach. James cooks Melanie. Johnny brings Terry. Carol burns,14,Zach
Jerry judges Travis. Joe insists Andrea. Henry grabs Norman. Maria serves Nicole. Mike wakes Martha. Chris trains Troy. Karen meets Juan. Dean accepts Richard. Alan welcomes Jenny. Greg approves Ray. Jane backs June. Adam guides Todd. Kelly trusts Valerie. Tim cheers Anthony. Juan knows Rebecca. Louis sends Melissa. Tim cheers,14,Anthony
Lauren reminds Tyler. Kay rewards Russell. Keith scores Leon. Jane buys Justin. Megan makes Andrea. Kate protects Roy. Hope treats Alison.  Ellen changes Vanessa. Laura joins Jerry. Julia knows Pam. Pat accompanies Travis. Peter reads Jill. Grace opens Amelia. Marie backs Sara. Hannah welcomes Rita. Karen loves Roger. Marie backs,14,Sara
Katie tells Patrick. Julia treats Tyler. Linda assists Louis. Juan faces Ken. Joy rewards Kara. Emily accompanies Pam. Alan helps Irene. Jean grabs Terry. Brian needs Ian. Dean denies Monica. Marc knows Vanessa. Lucy buys Jordan. Tony builds Rebecca. Diana guides Nicholas. James catches Ted. Rose scores Travis. Diana guides,14,Nicholas
Jack saves Leah. Michael makes Nancy. Tony moves Kathy. Emily accompanies Wayne. David respects Aiden. Carol fights Logan. Dennis finds Ronald. Bill wants Johnny. Emma stops Nathan. Rose commands Margaret. John blocks Tracy. Sarah serves Ruby. Jerry trains Shirley. Aaron captures Natalie. James tells Amelia. Gary cooks Sara. Aaron captures,14,Natalie
George takes Alexa. Mark avoids Martha. Greg closes Ray. Andrew cares Louis. Blake stays Russell. Jenny brings Stephen.  Rad trains Philip. Carl chooses Valerie. Dennis demands Violet. Johnny calls Amber. Lauren makes Ashley. Donna helps Kara. Justin meets Kirk. Arthur awards Sylvia. Paul praises Liz. Anne hugs Zach. Arthur awards,14,Sylvia
Eric cares Sara. Anne protects Peggy. Kelly asks Judy. Charles challenges Johnny. Mary misses Roger. Amy likes Tracy. Gary attacks Noah. Melissa lifts Neil. Matt alerts Lydia. Ruth leads Kurt. Jean delivers Melanie. Jenny sends Isaac. Howard avoids Victoria. Edward seeks Olga. Daniel stays Natalie. Kate helps Aiden. Edward seeks,14,Olga
Kelly trusts Patrick. Anne trains April. Daniel invites Oscar. Joy gives Victoria. Helen buys Martha. Marc feeds Ray. Lucy hides Leo. James hears Shirley. Mike hugs Sally. Charles defeats Nicholas. Sarah delivers Richard. Rose needs Sharon. Adam warns Jill. Carl lifts Teresa. Marie treats Robin. Will grabs Melissa. Carl lifts,14,Teresa
Charles comforts Victor. Anna treats Judy. Linda comforts Monica. Maria commands Kyle. Austin changes Paula. Laura catches Robin. Lauren insists Norman. Joseph holds Michelle. June wakes Natalie. Alex guards Marie. Faith cooks Alicia. Blake stops Rachel. Jordan heals Ian. Dean demands Ted. Martin stays Isaac. Sam approaches Vanessa. Dean demands,14,Ted
Grace answers Ruby. Karen hugs Rebecca. Julia respects Justin. Steve shows Marc.  Ellen builds Judy. Craig leads Alicia. Alice backs Maggie. Eric loves Pam. Kurt sends Rachel. Maria allows Sharon. Anne follows Kim. Kathy tells Sandra. Greg saves Melanie. Dennis approaches Russell. Dean opens Lauren. Ryan brings Martha. Dennis approaches,14,Russell
Johnny needs Ronald. Tony leaves Robin. Kelly thanks Tyler. Maria shares Aiden. Jane accepts Terry. Hope checks Nicole. Justin writes Ralph. Ben keeps Isabel. Ryan inspires Ken. Dave praises Olga. David guides Adrian. Alan leads Keith. Ruth warns Sharon. June hides Alicia. Pat approaches Sue. Eric burns Kyle. June hides,14,Alicia
Dennis pays Andrea. Anne reads Ron. Tony changes Violet. Gary writes Maggie. Margaret meets Wanda. Louis consoles Victoria. Kim thanks Ronald. Bob affects Leah. Susan hugs Sandra. Joe asks Renee. Sarah bothers Sean. Bill leaves Melanie. Chris drives Todd. Daniel builds Juan. Steve draws Kyle.  Rad buys Amber. Daniel builds,14,Juan
Kathy serves Joan. Chris meets Sylvia.  Rad hears Robin. Susan supports Russell. Michael hides Vanessa. Jake blocks Melanie. Mike invites Janet. Rose heals Sean. Joseph commands Kirk. Margaret tells Kay. Lauren feels Ted. Arthur warns Adrian. Alice judges Richard. Jeff respects Amber. Anne wakes Nicholas. Donna shows Martha. Jeff respects,14,Amber
Alex boosts Joy. Tim attacks Phil.  Ellen wakes Janet. Megan consoles Nancy. Karen leaves Martha. Jill draws Oscar. Diana scores Maggie. Blake permits Nicholas. Harry asks Vincent. Kyle buys Keith. Peter checks Leo. Robert warns Alison. Anna praises Peggy. Michael treats Sue. Amy shows Zach. Sam advises Stan. Michael treats,14,Sue
Kelly attacks Robin. Jill trains Pam. Liz wakes Lauren. Kyle holds Walter. Julia risks Amber. Austin sees Ray. Jeff stays Teresa. Marie adopts Louis. Martin fights Stan. Chris hides Michelle. Megan offers Joan. Anna cares Stephanie. Robert avoids Noah. Keith denies Ronald. Daniel approves Nancy. Rick supports Melissa. Keith denies,14,Ronald
Helen chooses Alison. Jake claims Ashley. Austin explains Neil. Ben joins Aiden. Max demands Leon. Greg knows Michelle. Andrew permits Liz. Carl denies Lauren. Kim offers Lori. Craig draws Richard. Maria sends Anthony. Emily seeks Sheila. Julia closes Alicia. Linda prohibits Stan. Kyle respects Johnny. Scott alerts Joan. Linda prohibits,14,Stan
Rose consoles Rita. Max needs Melanie. Hannah advises Tyler. Peter attacks Ron. Maria closes Troy. Matt urges Rachel. Joseph draws Neil. Eric reminds Joseph. Jason texts Liam. Melissa rewards Lori. Ben permits Kyle. Marie approves Monica. Kurt fights Liz. Joe demands Russell. Harry claims Juan. Will makes Johnny. Joe demands,14,Russell
Kathy opens Vincent. Tom parks Sheila. Louis reads Kelly. Kelly draws Stan. Thomas wakes Ted. Emily leads Keith. Susan affects Ronald. Gary sees Victoria. Will avoids Liam. Dave likes Kirk.  Ellen makes Johnny. Luke feeds Marc. Jack blocks Marie. Howard leaves Renee. Joseph defeats Terry. Dean changes Ron. Howard leaves,14,Renee
June challenges Tracy. Amy prohibits Renee. Dean drives Vincent. Anne risks Ruby. Alex buys Nicole. Edward alerts Nathan. Claire grabs Rob. Jerry consoles Joseph. Greg takes Johnny.  Rad teaches Ken. Sarah explains Leo. Rick attacks Janet. Paul hugs Nancy. Joy avoids Ted. Steven feels Pam. Bill inspires Martin. Joy avoids,14,Ted
Steven inspires Melissa. Jake catches Melanie. Charles calls Rob. Joy texts Vanessa. Mark pays Marie. Adam fights Jenny. Bill challenges Rita. Howard allows Neil. Max blocks June. Paul keeps Robin. Megan challenges Patrick. Kyle heals Amber. Helen saves Stephanie. Fred stops Renee. Tom attacks Philip. Alan delivers Maggie. Fred stops,14,Renee
Thomas pays Noah. Chris avoids Ken. Sarah approves Wayne. Jane heals Martin. Adam answers Johnny. Helen burns Roy. Martin commands Joan. Bob demands Jacob. Lily sees Justin. Howard allows Margaret. Tony cheers April. John hides Leon. Dave comforts Ashley. Johnny shares Olga. Craig loves Marie. Kyle denies Kirk. Johnny shares,14,Olga
Maggie cheers Isabel. Julia alerts Roy. Sarah tells Stephen.  Rad cleans Aiden. Marie hides Shirley. Chris guards Kara. Nick fights Janet. Jordan insists Juan. Matt pays Liz. Justin wakes Marie. Jerry finds Natalie. Kyle judges Andrea. Andrew invites Ken. Rose cooks Kelly. Katie challenges Kay. Peter takes Patrick. Rose cooks,14,Kelly
Tim trusts Walter. Joy leads Keith. Susan writes Sylvia. Kelly teaches Albert. Melissa meets Louis. Kurt cares Terry. Laura hates Michael. Fred boosts Richard. Alex texts Melissa. Jason opens Peggy. Jenny offers Andrea. Kay proposes Kim. Eric parks Angela. Helen hears Ted. Frank faces Leah. Juan thanks Valerie. Helen hears,14,Ted
Louis thanks Isabel. Justin boosts Angela. Tony comforts Pam. Josh respects Jacob. Robert fears Shirley. Jill invites Ralph. Dean hears Marie. Claire insists Teresa. Katie seeks Oscar.  Ellen stays Philip. Leo moves Pamela. Greg accompanies Liam. Fred leads Ian. Alex feeds Roger. Keith holds Michelle. Helen shows Stephanie. Keith holds,15,Michelle
Aaron prohibits Ron. Kay gives Liz. Jordan insists Howard. Marc saves Kay. Jill challenges Rob. Claire advises Monica. Steve guides Leo. Chris feels Stan. Edward thanks Keith. Alice questions Liam. Jack needs Lauren. Kyle parks Michael. Justin leads Sean. Henry brings Shawn. Bob judges Marie. Harry fights Sue. Bob judges,15,Marie
Pat cooks Joan. Chris teaches Renee. Brian closes Teresa. Jill comforts Andrea. Hope changes Leon. Eric helps Monica. Sarah cares Paula. Peter thanks Ronald. Dennis treats Anthony. Nick leaves Isaac. Emily approaches Sheila. Liz takes Joy. Marc proposes Walter. Matt visits Sylvia. Bill shows Rita. Kathy knows Terry. Bill shows,15,Rita
Melissa permits Amelia. Helen parks Troy. Jenny challenges Sue. Daniel approves Aiden. Luke consoles Maggie. Johnny proposes Leah. Liz meets Michelle. Lucy moves Sally. Alex thanks Margaret. Edward shares Teresa. Margaret adopts Robin. Kay takes Louis. Justin explains Marc. Donna writes Amber. Keith blocks Jordan. Martin answers Rita. Keith blocks,15,Jordan
Matt commands Shirley. Frank invites Kim. Kyle leaves Alicia. Julia inspires Joan. Keith challenges Tracy. Leon holds Keith. James visits Paula. Jason serves Monica. Chris thanks Vanessa.  Rad advises Nancy. Rick brings Jacob. Sarah draws Jerry. Jill claims Todd. Henry blocks Juan. Max lifts Leon. Emily questions Sheila. Max lifts,15,Leon
Tom changes Melissa. Eric alerts Sandra. Howard cooks Peggy. Leon judges Norman. Anne risks Melanie. Alex heals Aiden. Juan inspires Anthony. Ryan approves Joseph. Bob offers Terry. Kay explains Vincent. Kurt hides Nathan. Bill makes Alicia. Lauren grows Louis. Anna rewards Robin. Sam stops Michelle. Thomas avoids Sheila. Sam stops,15,Michelle
Adam faces Jean. Alan joins Rebecca. Charles reads Michelle. Luke allows Jenny. Lauren wakes Oscar. Thomas praises Violet. Donna consoles Aiden. Kate captures Kara. Hannah bothers Liam. Pat visits Lydia. Nick judges Wanda. James grabs Martin. Linda accompanies Lauren. Hope knows June. Justin affects Teresa. Scott helps Travis. Justin affects,15,Teresa
Grace demands William. Margaret shares Ashley. Helen challenges Neil. Rick shows Noah. Jill praises Stephanie. Nick changes Kathy. Michael advises Zach. Mike fears Amelia. Joe takes Alexa. Karen sees Rob. Leo joins Kyle. Craig heals Kim. Kelly trains Walter. Lisa asks Sharon. Jake urges Louis. Anne closes Angela. Jake urges,15,Louis
Andrew risks Lydia. Kyle rewards Teresa. Kathy writes Kathy. Jill approves Ashley. Arthur answers Kara. Lauren pays Ray. Tom sees Tyler. Carl boosts Kyle. Howard defeats Lori. Lucy captures Lauren. June asks Sheila. Jenny meets Roy. Kevin changes Jacob. George challenges June. Mark faces Alison. James hates Victor. Mark faces,15,Alison
Daniel holds Rachel. Margaret thanks Maggie. Julia claims Tracy. Dave feeds Rebecca. Tony sees Martin. Kathy hires Victor. Alice grows Anthony. Jean trains Natalie. Michael boosts Johnny. Steve brings Jill. Carl grabs Ron.  Rad assists Isaac. Jason adopts Patrick. Amy catches Kelly. Steven feels Ruby. Jenny hides William. Steven feels,15,Ruby
Jordan cares Norman. June boosts Ted. Kelly answers Amber. Joy texts Stephanie. Ian stays Michael. Joseph reminds Kathy. Lucy saves Ruby. Thomas finds Kay. Rose gives Ken. Frank warns Anthony. Dean fears Nicole. Ken knows Kim. Sarah pays Pamela. Tim meets Richard. Margaret fixes Judy. Jane attacks Shawn. Margaret fixes,15,Judy
Paul parks Michael. Katie stays Philip. Tom guards Jerry. Henry leads Victor. Susan sends Joy. Ken keeps Kurt. James wakes Ralph. Austin drives Logan. Laura treats Angela.  Rad comforts Sylvia. Karen buys Michelle. Ben loves Alison. George hates Lydia. Lisa judges Lauren. Lauren prohibits Oscar. David scores April. Lauren prohibits,15,Oscar
Kevin writes Joan. Bill draws Valerie. Steven burns Margaret.  Rad approaches Neil. Arthur avoids Wanda. Eric allows Kara. Will answers Patrick. Susan denies Ralph. Jenny trains Shirley. Helen cleans Leo. Tony parks Lydia. Grace fixes Stephen. Dave approves Nancy. Diana moves Leah. Thomas asks Sally. Joseph keeps Violet. Thomas asks,15,Sally
Helen misses Kay. Steve assists Jordan. Claire stops Tyler. Maggie attracts Vincent. Jack questions Kirk. Eric seeks William. Lisa chooses Judy. Katie asks Ken. Dave sends Olga. Hannah finds Alison. Alan teaches Leo. Austin draws Joseph. Tony approves Ron. Jake allows Russell. Grace hides Kara. Rick buys Amelia. Grace hides,15,Kara
Susan saves Sylvia. Kathy changes Victoria. Jill fixes Juan. Maria accepts Stephen. Scott drives Leon. Jerry feeds Liz. Ryan builds Anthony. Amy knows Nicholas. Ruth inspires Margaret. Anna closes Vincent. Chris hugs Renee. Kevin leaves Alicia. Jacob denies Louis. Faith serves Walter. Maggie shows Sheila. Thomas seeks Lori. Maggie shows,15,Sheila
Carol wakes Joy. Anna inspires Leo. Frank supports Peggy. Johnny asks Jean. Hannah visits June. Adam leads Rob. Linda rewards Valerie. Ian awards Amelia. Karen questions Rachel. Sarah explains Ron. Hope thanks Roger. Lily follows Ted. Blake tells Russell. Kelly guards Louis. Mary likes Kirk. Juan avoids Tyler. Mary likes,15,Kirk
Howard asks Louis. Kevin follows Joan. Peter misses Rebecca. Brian rewards Pamela. Lily wants Patrick. Karen knows Melissa. Jeff thanks Isaac. John keeps Valerie. Daniel lifts Nicole. Steve allows Rita. Liz answers Sheila. Grace trains Martha. Austin heals Kurt. Gary treats Nathan. Marie alerts Andrea. Paul loves Shirley. Marie alerts,15,Andrea
Sam leaves Liz. Ryan writes Peggy. Juan delivers Kyle. Craig wakes Ian. Emma backs Leah. Mark builds Shawn. Rick loves Walter. Louis helps Terry. Liz accepts Nancy. Carl assists Roger. Jason denies Oscar. Melissa boosts Teresa. Alex proposes Kara. Lisa wants Paula. Emily sends Shirley. Ken reads Andrea. Emily sends,15,Shirley
Tom sees April. John faces Sylvia. Hope fears Juan. Kyle respects Keith. Ryan teaches Adrian. Mary likes Teresa. Alex checks Violet. Daniel chooses Martha. Kate comforts Ashley. Lauren advises Jacob. Kay cheers Shirley. Chris urges Ronald. Hannah stops Margaret. Rose catches Stephen. Matt backs Johnny. Dennis loves Rita. Matt backs,15,Johnny
Adam closes Leah. Linda delivers Wanda. Kathy gives Lauren. Fred stays Sara. Johnny lifts Troy. Daniel defeats Sean. Henry checks Amber. Eric hugs Stephanie. Louis keeps Paula.  Rad writes Joy. Kevin feels Walter. Peter accepts Norman. Claire hears Victoria. Lily advises Ralph. Amy sees Neil. Will thanks Justin. Amy sees,15,Neil
Marc advises Teresa. Mike assists Vincent. Anna bothers Joy. Tony burns Victor. Matt hears Violet. Diana invites Alison. Thomas sends April. Jean guides Noah. Dave wakes Ted.  Rad cleans Rob. Martin takes Jean. Blake needs Shawn. Josh commands Marie. Mary grabs Ian. Gary affects Joan. Grace draws Kara. Gary affects,15,Joan
Claire accompanies Alexa. Ryan cooks Valerie. Robert welcomes Sheila. Susan moves Keith. Nick calls Kay. Emma rewards Paula. Howard makes Ron. Austin attracts Louis. Fred reminds Kurt. Karen reads Oscar. Andrew parks Martin. Grace changes Nancy. Steven trains Joseph. Sam boosts Roy. Helen approves Adrian. John inspires Tracy. Helen approves,15,Adrian
Lily approaches Joan. Nick cooks Jerry. James holds Joy. Susan defeats April. Josh calls Travis. Maria trains Tyler. Max checks Ronald. Leo scores Ken. Ken stays Kelly. Johnny misses Wayne. Andrew warns Ian. Rick hires Logan. Jack writes Lori. Joseph avoids Liam. Joy trusts June. Marc closes Stephanie. Joy trusts,15,June
Kate demands Shirley. Austin teaches Joy. Amy needs Jean. Linda accompanies Neil. Carl thanks Ron. Kim loves Alexa. Joe pays Phil. Justin wants Irene. Louis reminds June. Sarah avoids Tracy. Anne hates Alison. Kathy hears Zach. Alice defeats Johnny. Jeff boosts Ralph. Juan permits Kyle. Steven joins Todd. Juan permits,15,Kyle
Lauren pays Joan. Harry faces Noah. Carol follows Tracy. Jill challenges Wanda. Gary stops Howard. Alex blocks Alison. Megan accepts Angela. Ryan sends Aiden. Rose cares Victor. Lily guards Kara. Fred treats Ashley. Jerry affects Sean. Henry fights Alexa. Leon approves Neil. Lucy alerts Todd. Pat hates Natalie. Lucy alerts,15,Todd
Linda buys Ashley. Sarah shows Andrea. Daniel hears Tracy. Mark invites Liam. Helen follows Stan. Harry leads Ian. Jenny judges Aiden. Liz questions Jean. Sam pays Jacob. Ben challenges Valerie. John answers Sara. Jake praises Irene. Thomas sees Juan. James defeats Nathan. David wants Roger. Kurt cheers Anthony. David wants,15,Roger
Donna writes Shirley. Rick finds Alicia. Juan shows Ray. Adam urges Pam. Lisa insists Kathy. Joseph warns Margaret. Alice challenges Natalie. Kay drives Norman. Steven chooses Rita. Lucy hides Aiden. Greg approves Sharon.  Ellen likes Ashley.  Rad demands Sara. Steve delivers Leah. Maria brings Melissa. Jason faces Leo. Maria brings,15,Melissa
Julia changes Lydia. Marie urges Howard. Henry closes Robin. Jeff consoles Peggy. Jason demands Lori. Lucy questions Rebecca. Emily hides April. Amy hates Jenny. Liz finds Shirley. June shows Todd. Louis parks Joy. Joseph attracts Violet. Paul pays Joseph. Scott trains Stan. Emma misses Sue. Arthur cooks Jerry. Emma misses,15,Sue
Julia thanks Roger.  Rad denies Robin. Amy joins Logan. Juan risks Ted. Marie grows Jacob. Sarah accepts Stan. Lily challenges Melanie. Emma grabs Shawn. Austin asks Johnny. James moves Amelia. Pat cleans Stephen. Ken allows Jerry. Kurt trains Natalie. Henry approves Nathan. Lucy misses Joy. Paul adopts Rita. Lucy misses,15,Joy
Susan takes Alison. Lauren calls Adrian. Martin advises Patrick. Diana shows Monica. Jordan supports Roger. Sam assists William. Harry draws Robin. Kathy comforts Melissa. Laura wants Joy. Faith misses Jenny. Bob grabs Sara. Megan insists Jill. Liz asks Alexa. Emily alerts Howard. Katie claims June. Carl brings Shawn. Katie claims,15,June
Alex hates Stephanie. Jason likes Sean. Peter affects Marc. John proposes Alicia. Faith urges Teresa. Blake claims Howard. Jack misses Isaac. Kay inspires Kay. Joe stays Kathy. Alan teaches Andrea. Anne reminds Rachel. Martin comforts Melanie. Bill grabs Alison. Jeff protects Noah. Lucy needs Sheila. Bob takes Jenny. Lucy needs,15,Sheila
Martin texts Vanessa. Kate captures Louis. Ryan attacks Teresa. Melissa cares Todd. Donna misses Valerie. Susan reminds Amber. Lily builds Jill. Jacob adopts Alison. Chris sends Sean. Daniel helps Rob. Nick reads Isaac. Henry avoids Neil. Adam heals Johnny. Craig denies Pam. Steve affects Leon. Max makes Lydia. Steve affects,15,Leon
Peter accepts Rob. Harry pays Angela. Charles supports Kirk. Austin warns Sean. Gary trusts Aiden. Aaron hires Melissa. Leon explains Sue. Arthur comforts Stan. Justin hugs Maggie. George lifts Andrea. Jason thanks Zach. Frank avoids Albert. Daniel burns Lori. Greg affects Vincent. Ian prohibits Neil. Lucy hears Patrick. Ian prohibits,15,Neil
Melissa backs Pam. Aaron protects Louis. Robert pays Lori. Luke praises Ronald. Sarah cleans Ruby. Ryan accompanies Pamela. Alan opens Wayne. Grace reads Sara. Jean moves Alicia. Katie needs Oscar. Charles closes Melissa. Bob permits Vanessa. Megan saves Todd. Michael insists Shawn. Rick claims Robin. Max comforts Irene. Rick claims,15,Robin
Bill awards Kurt. Luke trains Martin. Bob makes Ian. Lauren loves Johnny. Alex reminds Howard. Eric risks Stephen. Leo sees Ray. Katie protects Rebecca. David follows Nicholas. Leon drives Melanie. Brian welcomes Vanessa. Kay insists Wayne. Sam misses Amelia. Johnny wakes Rachel.  Ellen reads Juan. Jake helps Nathan. Ellen reads,15,Juan
Jason approves Jacob. Johnny writes Roger. Jenny texts Pamela. Harry feeds Sharon. Steven catches Noah. Edward draws Isaac. Thomas faces Sue. Jerry proposes Sara. Leon accompanies Renee. Kevin grows Walter. Diana meets Liam. Anne buys Jerry. Rick reminds Maggie. Maggie invites Melanie. James burns Michelle. Emily reads Howard. James burns,15,Michelle
Daniel answers Lori. Tim affects Jean. John likes Amber. Liz approaches Albert. Jerry draws Rob. Kay accompanies Victor. Laura commands Margaret. Kathy burns Natalie. David cheers Jenny. Melissa shows Sara. Katie moves Ralph. Peter sends Teresa. Margaret makes Maggie. Justin trusts Wanda. Blake accepts Michelle. Charles tells Peggy. Blake accepts,15,Michelle
Scott urges Leah. Bill allows Monica. Dennis heals Tracy. Andrew wakes Irene. Tom loves Ray. Jerry joins Liz. Rose fights Julian. Jack trains Michael. Pat alerts Leo. Ruth meets Kathy. Robert respects Rebecca. Alan changes Joy. Emma brings Leon. Jenny explains Wanda. Jane hates Margaret. Craig saves Ronald. Jane hates,15,Margaret
Karen alerts June. Helen faces Adrian. Kurt inspires Howard. Ryan adopts Jenny. Melissa blocks Aiden. Austin closes Nicholas. Sam serves Kyle. Kathy brings Michelle. Frank joins Natalie. Alan judges Ruby. Margaret heals Liam. Charles asks Ted. Grace advises Louis. Johnny challenges Patrick. Mike pays Stephanie. Jack rewards Philip. Mike pays,15,Stephanie
Pat bothers Lori. Luke sends Richard. Mary saves Michelle. Carl treats Logan. Melissa chooses Sally. Kelly affects Paula.  Ellen prohibits Irene. Johnny insists Pamela. Tom faces Johnny. Sam supports Juan. Ken stays Zach. Matt urges Kay. Liz makes April. Anna hears Stan. Bob hires Kirk. Joy parks Kathy. Bob hires,15,Kirk
Martin scores Phil. Keith checks Alexa. Rose delivers Todd. Carol leaves Melanie. Katie reads Louis. Liz moves Stephen. Tony keeps Marie. Harry drives Victor. Dean calls Anthony. Edward risks Ralph. Leon adopts Shirley. Ken invites Tyler. Tom fixes Isaac. Eric opens Liam. Josh brings Margaret. Kathy holds Kara. Josh brings,15,Margaret
Martin fights Kelly. Amy faces Russell. Gary explains Adrian. Nick reads Jordan. Jane answers Margaret. Mark accepts Wanda. Claire urges Vanessa. Louis stops Ted. Jean saves Roger. Ken permits Michael. Will needs Kim. Tom scores Rebecca. Anna changes Stan. Karen denies Shirley. Leo insists Jenny. Bob commands Leon. Leo insists,15,Jenny
Charles makes Rita. Anna attracts Juan. Diana approaches Todd. Tim moves Troy. Rick heals Nicole. Gary protects Stephen. Jerry comforts Aiden. Nick reminds Leo. June fixes Alexa. Joseph challenges Leon. Marie guides Amber. Sam inspires Shawn. Emily hates June. Faith permits Rob. Bob adopts Lori. Lisa insists Logan. Bob adopts,15,Lori
Lauren faces Olga. Maggie hides Howard. Claire catches Andrea. Pat wakes Ronald. Helen draws Wayne. Rick denies Terry. Matt holds Monica. Daniel shares Zach. Marc visits Judy. Charles assists Natalie.  Rad trusts Neil. Scott trains Victor. Lisa needs Kirk. Carl guides Johnny. Melissa insists Aiden. Howard questions Stan. Melissa insists,15,Aiden
June avoids Nicholas. Steven feeds Vanessa. Dave sees Philip. Kevin approves Neil. Hannah accompanies Rachel. Chris hates Alexa. Paul likes Alison. Eric shows Kay. Ken shares Irene. Sam permits Sylvia. Rick questions Phil. Leo holds Maggie. Lauren burns Marc. John writes Jordan. Jean parks Leo. Charles leads Pam. Jean parks,15,Leo
Ryan needs Irene. Hope sees Albert. Matt calls Alexa. Howard cleans Lauren. Emily cheers Sharon. Robert fights Kara. Gary respects Renee. Jacob heals Stephanie. Jack shares Peggy. Harry hides Norman. Jason leads Roy. Liz likes Alison. Maria welcomes Tracy. Frank meets Jacob. Jenny claims Roger. Linda chooses Teresa. Jenny claims,15,Roger
Kate fixes Isabel. Frank grabs Philip. Kelly commands Troy. Michael inspires Travis. Mike hates Stephanie. Jordan judges Alexa. Lily misses Patrick. Leo stays Howard. Adam advises Alicia. Kathy welcomes Tyler. Carl takes Ray. Grace calls Martha. Emma approves Victoria. Mary scores Johnny. Steve affects Shawn. Julia brings Jenny. Steve affects,15,Shawn
Ruth alerts Norman. Steve denies Logan. Frank makes Tyler. Mike approaches Robin. Johnny affects Amber. Fred boosts Joseph. Ben burns Victoria. Lucy warns Liam. Diana leads Leo. Brian draws Victor. Sarah cares Adrian. Michael tells Justin. Emily stays Valerie. Margaret trains Oscar. Kelly sees Kara. Jacob trusts Sheila. Kelly sees,15,Kara
Carol changes Jerry. Joy rewards Kelly. Robert sends Julian. Edward grows Aiden. Mary burns Sara. Maria tells Vincent. Megan captures Sheila. Dean chooses Ted. Joe adopts Victoria. Mike keeps Jacob. Harry advises Keith. Brian invites Joy. Nick challenges Stephen. Anne stops Jean. Kevin trusts Janet. Jake sees Liz. Kevin trusts,15,Janet
Megan draws Justin. Rick holds Phil. Will hates Joy. Lucy loves Wanda. Craig captures Sheila. Frank drives Kirk. Gary awards Valerie. Louis thanks Kim. Melissa respects William. Kurt cooks Melissa. Jean leaves Alison. Mike catches Kay. Johnny trusts Judy. Donna fixes Paula. Dennis treats Robin. Anne prohibits Wayne. Dennis treats,15,Robin
Paul attracts Kelly. Jeff avoids Roy. Claire cleans Robin. Jason hides Monica. Robert accompanies Liam. Tony judges Rachel. Luke demands Ray. Leo grows Irene. Alan claims Sylvia. Susan hears Norman. Charles catches Terry. Carol supports Lori. Donna cheers Michael. June fears Tyler. Brian adopts Marie. Julia meets Martha. Julia meets,16,Martha
Susan knows Tracy. Anna answers Michael. Kim demands Marc. Henry praises Michelle. James fixes Maggie. Michael challenges Isabel. Kevin judges Richard. Eric avoids Sheila. Thomas proposes Nicholas. Ian cleans Kathy. Chris supports Joseph. Howard invites Louis.  Rad treats Martha. Tom writes Terry. Fred misses Kelly. Leon texts Howard. Leon texts,16,Howard
Kate assists Tracy. Jane warns Tyler. Eric respects Victor. Johnny insists Patrick. Emily supports Robin. Kathy fears Liz. Sam gives Sean. Daniel treats Ralph. Kim accepts Sue. Josh likes Jenny. Kevin sends Nicole. Sarah takes Judy. Maria misses Janet. Megan inspires Stan. Maggie holds Amelia. Henry heals Alexa. Henry heals,16,Alexa
Steve avoids Melanie. Ben likes Terry. Kevin lifts Melissa. George fears Stan. Craig backs Victor. Claire hides Sandra. Grace blocks Ruby. John shows June. Ruth burns Philip. Laura comforts Monica. Fred needs Amelia. Chris hugs Ron. Donna scores Nathan. Justin challenges Ian. Michael meets Kurt. Margaret answers Johnny. Margaret answers,16,Johnny
Claire adopts Violet. Jacob claims Valerie. Diana hugs Phil. Kate drives Angela. Joseph saves Joan. Jerry closes Michael. Gary assists Sara. Henry checks Martin. Carl boosts Martha. Chris likes Ron. John knows Neil. Jake catches Adrian. Kelly blocks Terry. Greg grabs Ted. Alice hires Todd. Charles thanks Janet. Charles thanks,16,Janet
Austin consoles Irene. Jill bothers Valerie. Ben scores Amelia. Rick fixes Richard. Kelly attracts Violet. Jeff allows Noah. Mike shares Lydia. Maria trusts Zach. Hannah grabs Victor. Dean answers Philip. Daniel cleans Jordan. Greg parks Teresa. Jean serves Ian. Will blocks Ken. Thomas offers Alison. Joy texts Louis. Joy texts,16,Louis
Lauren stays Judy. Henry follows Sheila. Julia rewards Joy. Scott sends Pamela. Laura awards Oscar. Alan saves Isaac. Austin likes Lori. Bob approaches Ken. Karen sees Liz. Fred serves Melanie. Tom finds Lauren. Aaron makes Troy. Dennis challenges Leah. Daniel bothers Pam. Anne checks Andrea. Peter hears Marc. Peter hears,16,Marc
Greg visits Melanie. Jordan sends Lydia. Joy guards Sean. Frank guides Melissa. Jean teaches Judy. Rose consoles Julian. Leo inspires Jean. Amy buys Stan. Louis fights Neil. Alex advises Noah. Emma comforts Tyler. Diana fixes Norman. Sam judges Patrick. Mike backs Jerry. Jane trains Leah. Lisa needs Ron. Lisa needs,16,Ron
Kevin feels Pam. Edward comforts Ray. Ben joins Sara. Steve makes Nathan. Liz hides Tyler. Dean consoles Alison. Scott welcomes Ron. Justin judges Juan. Eric follows Natalie. Margaret catches Sheila. James captures Tracy. Juan bothers Johnny. Luke helps Sue. Austin wants Louis. Tom knows Justin. Julia likes Keith. Julia likes,16,Keith
Bob welcomes Sharon. Craig likes Patrick. Kyle burns Jerry. Jean guides Noah. Johnny grows Jill. Adam offers Rebecca. James awards Lauren. Faith allows Johnny. Harry meets Troy. Edward avoids Valerie.  Rad hides Martin. Maggie fights Jean. Ben challenges Ruby. Ryan demands Oscar. Peter risks Ted. Aaron grabs Jacob. Aaron grabs,16,Jacob
Andrew faces Paula. Julia pays Teresa. Eric rewards Martin. Margaret avoids Victor. James lifts William. Joe cheers Sally. Liz challenges Juan. Brian catches Ruby. Alan blocks Russell. Jean tells Alexa. Bob cares Kay. Diana draws Norman. Anne follows Lydia. Ryan guides Joy. Megan hears Renee. Craig stops Michelle. Craig stops,16,Michelle
Aaron challenges Logan. Katie brings Marie. Edward serves Nancy. Dennis advises Jordan. Justin lifts Vanessa. Margaret grows Liz. Faith sees Ron. Melissa bothers Teresa. Steven likes Sheila. Kelly accompanies Tyler. Lucy approaches Martin. Harry parks Stan. Kim allows Ray. Anne hides Valerie. Kay captures Roy. Maria comforts Louis. Maria comforts,16,Louis
Justin shares Lori. Kim likes Adrian. Grace gives Marc. Alice wants Kim. Jake consoles Ray. Aaron changes Vanessa. Jack welcomes Isabel.  Rad delivers Jenny. Steve tells Walter. James wakes Liam. Juan invites Michael. Brian makes Robin. Luke serves Roger. Steven burns Sylvia. Mark approves Alicia. Michael visits Juan. Michael visits,16,Juan
Austin cleans Rebecca. Leo takes Kim. Sarah stays Phil. Edward hates Sara.  Rad sends Russell. Faith changes Sylvia. Ian holds Martha. Joy warns Melanie. Dennis consoles Sharon. Donna blocks Jean. Michael checks Ron. Juan guards Wanda. Marc accompanies Pamela. Anne risks Renee. Adam knows Irene. Steven denies Alicia. Steven denies,16,Alicia
Liz changes Liam. Emma fixes Aiden. Daniel stops Norman. Aaron boosts Jacob. Arthur affects Paula. Jerry blocks Amber. Pat finds Michelle. Ruth leads Violet. Jordan holds Angela. Mike feels Wayne. Austin consoles Phil. Lauren cleans Anthony. Jacob sends Maggie. Blake explains Vanessa. Bob denies Ruby. Karen comforts Ralph. Karen comforts,16,Ralph
Daniel bothers Tracy. Fred accepts Walter. Ken asks Robin. Andrew approves Ray. Mike feels Judy. Lauren joins Jenny. Jake builds Angela. Margaret blocks Marc. George fears Martin. Jerry stops Renee. Kim makes Juan. Justin guards Sharon. Rose judges Roy. Scott leads Kirk. Tony affects Patrick. Dean calls Louis. Dean calls,16,Louis
Thomas attracts Martin. John cheers Ralph. Robert captures Nathan. Amy answers Russell. Jenny follows Liam. Andrew guides Joan. Jordan affects Amber. Alan judges Kelly. Joseph leads Terry. Lisa builds Marc. Mary moves Joseph. Paul fights Sandra. Marc draws Sally. Henry stops Robin. Kurt delivers Alexa. Leo wakes Leon. Leo wakes,16,Leon
Ryan delivers Ian. Sarah cooks Jacob. Nick writes Juan. Daniel leads Nicholas. Paul misses Jean. Lauren treats Michelle. Maria sees Martin. Scott cares Michael. Alan attacks Isaac. Kate opens Terry. Dave sends Lauren. Leon backs Pam. Luke advises William. Alice stays Adrian. Chris consoles Marie. Eric teaches Judy. Eric teaches,16,Judy
Will buys Jenny. John leaves Michael. Justin fights Ralph. Joe sends Johnny. Leo guides Michelle. Craig comforts Alicia. Kevin welcomes Vincent. Alice allows Ted. Austin cleans Martha. Mark wakes Stephen. Frank changes Amelia. Nick moves Jill. Pat feels Martin. Amy calls Richard. George visits Jean. Harry offers Terry. Harry offers,16,Terry
Louis inspires Irene. Edward offers Rebecca. Austin insists Sharon. Mark judges Liz. Tom stays Liam. Peter proposes Terry. Ben loves Ted. Gary sends Joan. Julia takes Jordan. Henry builds Shawn. June feels Victoria. Jenny fixes Albert. Kathy lifts April. Ruth trusts Kyle. Jeff boosts Olga. Kate fights William. Kate fights,16,William
June guards Leo. Johnny tells Ruby. Steven stops Andrea. Alex permits Liam. Hope cleans Tracy. Helen moves Norman. Mike advises Julian. Kevin trains Sharon. Kay approves Sara. Lauren finds Isabel. Louis offers Wanda. Linda misses Neil. Emily comforts Kirk. Jason affects Pamela. Paul boosts Violet. Grace brings Stephanie. Grace brings,16,Stephanie
Kate rewards Victoria. Pat captures Kathy.  Rad loves Pam. Diana chooses Vanessa. Alice guards April. Helen keeps Angela. Rose delivers Michael. Charles respects Sara. Hannah joins Kay. Marie praises Kim. Tim fights Anthony. Henry hires June. Jordan comforts Patrick. Greg stays Stephen. Lauren tells Richard. Sarah demands Jordan. Sarah demands,16,Jordan
Maria helps Aiden. Mike likes Margaret. Jenny writes Michael. Alan boosts Liz.  Ellen parks Sean. Grace fights Norman. Lisa guards Nicole. Howard captures Jerry. Sam approves Melissa. Carl backs Jacob. Katie delivers Louis. Peter calls Juan. Jordan proposes Victor. Anne fears Russell. Paul denies Ruby. John misses Sara. John misses,16,Sara
Jordan chooses Walter. Keith grabs Jill. Pat gives Rob. Kyle avoids Jacob. Max guides Ron. Jenny checks Alicia. Michael questions Ian. Tony sees Wanda. Ian catches Sylvia. Thomas shares Nathan. June blocks Kurt. Kim reminds Anthony. Harry attracts Julian. David buys Alison. Jerry insists Michelle. Grace misses Neil. Grace misses,16,Neil
Lauren denies Jordan. Craig makes Stan. David accepts Joan. Maria serves Monica. Rick cheers Natalie. Jordan feeds Amber. Alex treats Alexa. Emily approaches Ron. Jake hugs Sylvia. Jacob fixes Liam. Emma asks Patrick. Austin judges Alison. Leo permits Troy. Kay needs Johnny. Mary visits Sandra. Matt saves Oscar. Matt saves,16,Oscar
Melissa cares Kathy. Sam challenges Ray. Linda checks Martin. John invites Todd. Karen permits Liz. Carol buys Tracy. Jill avoids Philip. Harry bothers April. Ruth keeps Shirley. Henry shows Rachel. Aaron judges Valerie. Alice saves Melissa. Alex questions Vanessa. Max demands Amber. Carl chooses Jean. Kathy wakes Jacob. Kathy wakes,16,Jacob
Diana fears Todd. Eric treats Jill. Paul questions Kyle. Melissa burns Ruby. Alan moves Tracy. Laura avoids Sara. Gary cooks Roger. Susan brings Ken. Jerry heals William. Dennis affects Pam. Karen visits Isaac. Emma attacks Jenny. George grabs Ashley. Rick calls Wanda. Andrew claims Logan. Hope shares Rita. Hope shares,16,Rita
Josh proposes Rebecca.  Ellen welcomes Maggie. Sarah sends Rob. Mike approaches Irene. Liz backs Liz. Margaret finds Paula. Alex takes Aiden. Jordan builds Jill. Rose delivers Todd. Howard judges Kelly. Alice praises Noah. Amy advises Alison. Emily grows Sean. Faith cares Melissa. Blake comforts Martha. Mark inspires Victor. Mark inspires,16,Victor
Karen questions Albert. Dave meets Roy. Henry respects Philip. Maria hugs Adrian. Linda misses Joseph. David leaves Leah. Megan hides Wayne. Alex awards Monica. Carol shares Travis. Jean leads Nicole. Kelly inspires Rebecca. Martin texts Pamela. Margaret helps Keith. Ben attracts Nancy. Jane risks Logan. Brian approaches Vincent. Brian approaches,16,Vincent
Kelly faces Vincent. Blake approaches Russell. Leo warns Jenny. Faith cheers Ted. Diana helps Kay. Johnny hugs Tyler. Jason claims Martha. Carl reminds Johnny. Laura sees Liam. Kate hides Renee. Marie allows Ron. Steven closes Sheila. Luke attacks Marc. Julia denies Melissa. Edward needs Sean. Fred proposes Stephanie. Fred proposes,16,Stephanie
Howard bothers Lydia. Marc adopts Peggy. Jake needs Maggie. Tim comforts Jenny. Melissa hates Pamela. Bill calls Victoria. Michael challenges Alexa. Kelly allows Marie. Adam cleans Jacob. Leo fixes Jill. Lisa hires Nathan. Rick gives Wayne. Blake meets Stephanie. Jacob guards Walter. Jill grows Rebecca. Claire texts Patrick. Claire texts,16,Patrick
Donna stops Noah. Hannah joins Ashley. Ryan defeats Rita. Tim hugs Michael. Kyle offers Irene. Will cooks Roger. Adam wakes Vincent. Lauren hires Wayne. Henry saves Teresa. Mark calls Melanie. Susan lifts Leon. Laura sees Alison. Alex challenges Lauren. Margaret treats Jerry. Michael urges Judy. Linda pays Travis. Linda pays,16,Travis
Scott visits Louis. Grace captures Shirley. Thomas hides Joan. Ruth seeks Liam. Charles misses Norman. Jack takes Sharon. Hannah bothers Leon. Karen blocks Maggie. Nick likes Oscar.  Rad praises Kurt. John fixes Sheila. Edward comforts Peggy. Lisa buys Shawn. Jerry guides Michael. Jill scores Troy. Robert treats Angela. Robert treats,16,Angela
Jack denies June. Kurt defeats Marie. Carl checks Monica. Anna challenges Nathan. Scott needs Paula. Robert allows Juan. Joseph knows Keith. Martin hires Travis. John calls Sean. George affects Jean. Ruth alerts Amelia. Katie delivers Justin. Emma burns Olga. Kevin awards Isaac. Joy grabs Ron. Hope joins Ralph. Hope joins,16,Ralph
Leo comforts Liz. Robert builds Rita. Maggie attracts Teresa. Frank visits Alison. Jenny affects Nicole. Anna reads Ray. Johnny captures Marc. Will feeds Victor. Ben wants Nancy. Josh makes Marie. Hannah delivers Howard. Kevin saves Sheila. Jack fears Keith. Craig follows Nathan. Rose backs Sharon. Lauren writes Sean. Lauren writes,16,Sean
Sam alerts Philip. Gary approves Norman. Justin grabs Ted. Kurt blocks Kay. Will leaves Kathy. Jean guards Kyle. Karen cooks Tracy. Mark opens Marie. Dean treats Sharon. Daniel affects Oscar. Keith grows Nathan. Ben trains Robin. Steven defeats Michael. Jordan invites Jerry. Liz serves Renee. Emma approaches Wanda. Emma approaches,16,Wanda
Leon comforts Isaac. Jack catches Rebecca. Megan changes Teresa. Michael praises Alicia. John closes Sandra. Rick trains Justin. Mary backs Louis. Claire bothers Aiden. Melissa thanks Isabel. Ben risks Kirk. Greg serves Joseph. Pat shows Alison. Bill urges Victor. Jenny builds Victoria. Max prohibits Irene. Hope follows Ted. Hope follows,16,Ted
Max claims Michelle. Dean proposes Philip. Kate reads Amelia. Brian saves Isaac. Susan denies Sharon. Leo respects Wanda. Chris heals Leah. Austin answers Sara. Kevin misses Vincent. Johnny blocks Sandra. Mike grabs Martin. Frank trusts Sylvia. Sarah approves Judy. Tim lifts Phil. Keith fears Jean. Jerry calls Noah. Jerry calls,16,Noah
Karen catches Rob. Paul accompanies Judy. Howard delivers Noah. Harry hires Travis. Hannah proposes Victor. Steve challenges Sheila. Tim respects Melissa. Josh chooses Aiden. Kevin awards Tyler. June backs Stephen. Max grabs Todd. Kim reminds Ted. Marc questions Rachel. Joseph knows Philip. Ken wakes Martin. Will saves Troy. Will saves,16,Troy
Alan meets William. Frank saves Peggy. Jordan alerts Olga. Jenny hides Rita. Joy guides Jordan. Kevin likes Amelia. James moves Kirk. Josh asks Vincent. Grace bothers Jerry. Emily accompanies Jenny. Marc offers Jill. Anna avoids Martin. June inspires Walter. Hope protects Isabel. David hugs Johnny. Chris misses Maggie. Chris misses,16,Maggie
Alex accepts Jordan. David claims Troy. Emily prohibits Martha. Jordan drives Leo. Susan captures Lori. Lisa heals Nancy. Kurt boosts Noah. Bob tells Kirk. Greg rewards Rebecca. Kevin warns Ron. Jack joins Jean. Lily sends Anthony. Louis hides Walter. Jill adopts Vincent. Henry commands Sharon. Mary thanks Isaac. Mary thanks,16,Isaac
Jacob tells Noah. Jill helps Irene.  Ellen claims Wayne.  Rad parks Howard. Kay accepts Kelly. Linda advises Russell. Carl follows Jenny. Maggie hates Olga. Kevin urges Michael. Chris joins Nicholas. Jean comforts Pam. John moves Jordan. Emily supports Troy. Marc seeks Ruby. Grace consoles Justin. Bob holds Nancy. Bob holds,16,Nancy
George trains Ronald. Kelly inspires Leo. Alice challenges William. Will assists Ralph. Helen approaches Pamela. Martin defeats Alicia. Henry accompanies Keith. Chris writes Lydia. Hannah shares Maggie. Louis comforts Philip. Carol makes Roger. Katie treats Jill. Max reminds Teresa. Kim lifts Ruby. Jason saves Ted. Arthur tells Stan. Arthur tells,16,Stan
Kevin draws Amelia. Anne drives Kim. Maggie helps Marc. Frank hires Howard. Daniel saves Ruby.  Ellen wants Liz. Ryan loves Irene. George brings Lydia. Harry offers Kay. John blocks Shawn. Katie likes Adrian. Faith respects Kara. Scott protects Nicholas. Jason commands Ron. Andrew faces Ted. Ben fixes Victor. Ben fixes,16,Victor
Emily cleans Sally. Juan permits Norman. June grows Vanessa. David questions Jordan. Mike fears Jacob. Edward welcomes Troy. Susan denies Lauren. Marie opens Travis. Martin asks Justin. Karen guides Adrian. Louis awards Olga. Jake offers Patrick. Hope lifts Howard. Gary draws Natalie. Joseph respects Vincent. Joe challenges Stan. Joe challenges,16,Stan
Sam fixes Stephanie. Leo insists Joy. Dean cares Peggy. Joe shows Juan. Jean gives Maggie. Ken changes Stan. Aaron respects Jill. Hannah pays Natalie. Thomas answers Vanessa. Carol boosts Kyle. Austin finds Janet. George guards Judy. David hires Walter. Harry approaches Isabel. Faith asks Isaac. Howard bothers Liam. Howard bothers,16,Liam
Harry reads Wanda. Mark needs Leon. Greg builds Keith. Ben hears Isabel. Bill accepts Nicole. June makes Ted. Sarah insists Victor. Leo scores Stephanie. Margaret follows Lauren. Sam challenges Zach. Jane backs Ray. Bob hugs Liam. Charles grabs Michael. Andrew answers Oscar. Maria blocks Michelle. Hannah offers Louis. Hannah offers,16,Louis
Fred thanks Albert. Sarah builds Troy. Jane hates Kara. Jake allows Joy. Kay helps Martin. Anne captures Lydia. Ruth permits Keith. Howard drives Sean. Jack cares Russell. John keeps Roy. Rick needs Andrea. Eric leads Noah. Amy hires Ian. Megan challenges Ralph. Steven welcomes Vincent. Tom bothers Kay. Tom bothers,16,Kay
Ellen tells Angela. Kelly guides Sara. Juan challenges Neil. Matt sees Isabel. Bob commands Renee. Steve opens Sharon. Brian approaches Rebecca. Kate changes Lori. Gary saves Tracy. Donna stops Oscar. Mark stays Louis. Mike alerts Margaret. Joy reads Violet. Joseph questions Ralph. Lauren lifts Philip. Jenny judges Kyle. Jenny judges,16,Kyle
Louis questions Isaac. Jacob boosts Monica. Lauren reminds Leah. David teaches Ashley. Justin attracts Violet. Alex buys Margaret. Dennis drives Tracy. Jane treats Aiden. Chris draws Rob. Luke welcomes Norman. Lisa likes Kim. Jill consoles Jordan. Jack warns Julian. Tim parks Neil. Mark hugs Sue. Marie gives Nicholas. Marie gives,16,Nicholas
