input,target_position,completion
Mike cooks Todd. Henry cooks Victor. Jordan cooks Amber. Austin cooks Sheila. Tim cooks Richard. Chris cooks Teresa. Luke cooks Paula. Joseph cooks Ron. Joy cooks Maggie. Dean cooks Julian. Jack cooks Phil. Emily cooks Sue. Jane cooks Lydia. Leon cooks Ted. Linda cooks Sean. Rose cooks Shawn. Mike cooks,1,Todd
Austin fights Paula. Jake fights Noah. Lily fights Anthony. Charles fights Leon. Emma fights Richard. Lauren fights Lydia. Blake fights Andrea. Jenny fights Ralph. Thomas fights Johnny. Jean fights Sean. George fights Louis. Lisa fights Jean. Susan fights April. Kate fights Albert. Andrew fights Angela. Kyle fights Liam. Austin fights,1,Paula
Brian affects Isaac. Amy affects Ron. Megan affects Patrick. George affects Alison. Henry affects William. Rose affects Sally. Liz affects Marie. Pat affects Shawn. Emma affects Stephanie. Margaret affects Isabel. Tom affects Russell. Sam affects Peggy. Ian affects Howard. Alex affects Robin. Blake affects Andrea. Julia affects Ruby. Brian affects,1,Isaac
Max hates Violet. Juan hates Irene. James hates Tyler. Hope hates Sally. Robert hates Paula. Leon hates Vanessa. Keith hates Jean. Alex hates Roy. Dennis hates Robin. Thomas hates Rebecca. June hates Vincent. Daniel hates Margaret. Lauren hates Sandra. Frank hates Olga. Carl hates Julian. Ken hates Isabel. Max hates,1,Violet
John tells Howard. Kelly tells Violet. Arthur tells Sally. Katie tells Kathy. Sam tells Liz. James tells Wayne. Harry tells Irene. Grace tells Shirley. Michael tells Pam. Jordan tells Stephen. Marie tells Ray. Diana tells Angela. Steven tells Ron. Bill tells Ruby. Ben tells Melissa. Joseph tells Todd. John tells,1,Howard
Claire serves Jacob. Faith serves Michelle. Rose serves Rachel. Helen serves Victoria. Linda serves Logan. Jeff serves Marie. Megan serves Ruby. Kathy serves Russell. Dave serves Irene. David serves Ian. Jack serves Leo. Keith serves Janet. Juan serves Wanda. Daniel serves Teresa. Margaret serves Troy. Emily serves Marc. Claire serves,1,Jacob
Joseph feels Angela. Blake feels Nathan. Carol feels Amelia. Kate feels Pam. Tony feels Maggie. Jeff feels Ted. Faith feels Rachel. Max feels Noah. Dennis feels Oscar. Carl feels Roger. Susan feels Margaret. Harry feels Roy. Craig feels June. Eric feels Keith. Arthur feels Stan. Liz feels Jill. Joseph feels,1,Angela
Ken offers Wanda. Kim offers Pam. Louis offers Norman. Matt offers Isabel. Peter offers Terry. Andrew offers Keith. Faith offers Ralph. Linda offers Ken. Blake offers Zach. Austin offers Sharon. Ben offers Joseph. Dave offers Peggy. Tim offers Ray. Liz offers Margaret. Claire offers Joy. Sarah offers Shirley. Ken offers,1,Wanda
Rad proposes Ralph. Jane proposes Stan. Susan proposes Joseph. Chris proposes Leo. Max proposes Pam. Jason proposes Shawn. Kim proposes Robin. Jacob proposes Jean. Helen proposes Oscar. Claire proposes Sharon. Joseph proposes Angela. Lauren proposes Wayne. Paul proposes Jenny. Jean proposes Kim. Michael proposes Adrian. Carol proposes Andrea. Rad proposes,1,Ralph
Harry finds Michelle. David finds Robin. Gary finds Jenny. Maria finds Teresa. Jordan finds Judy. Faith finds Tracy. Thomas finds Johnny. Emily finds Violet. Mary finds Pam. Luke finds Albert. Jane finds Nicholas. Bob finds Rob. Anna finds Neil. Liz finds Martha. Dennis finds Lori. Arthur finds Melanie. Harry finds,1,Michelle
Bill alerts Lori. Marc alerts Rebecca. Jason alerts Norman. Austin alerts Kim. Jenny alerts Logan. Emma alerts Troy. June alerts Keith. Fred alerts Marc. Leon alerts Stephen. Blake alerts Valerie. Jacob alerts Melanie. Kay alerts Martha. Helen alerts Walter. Brian alerts Jacob. George alerts Vincent. Jane alerts Kirk. Bill alerts,1,Lori
Greg judges Ralph. Linda judges Rachel. Alex judges Marie. Ken judges Judy. Claire judges Troy. Melissa judges Norman. Lisa judges Janet. Joseph judges Margaret. Jerry judges Neil. George judges Roger. Harry judges Jill. Kelly judges Oscar. Rick judges Shawn. Jean judges Isabel. Fred judges Richard. Jeff judges Ruby. Greg judges,1,Ralph
Amy changes Ashley. Dave changes Peggy. Dennis changes Teresa. Tim changes Roy. Howard changes Leon. Katie changes Robin. Joe changes Joy. Ellen changes Pamela. Michael changes Sharon. Sam changes Stephen. Robert changes Andrea. Kyle changes Marc. Jean changes Shirley. Ben changes Alison. Alan changes Sandra. Steve changes Natalie. Amy changes,1,Ashley
George hates Todd. Josh hates Julian. Lauren hates Walter. Dave hates Jacob. Linda hates Kay. Pat hates Ted. Emma hates Rebecca. Henry hates Neil. Lisa hates Jean. Rick hates Sean. Fred hates Leo. Aaron hates Stan. Emily hates Leah. Hope hates Rachel. Mike hates Jordan. Brian hates Valerie. George hates,1,Todd
Nick protects Joy. Hope protects Ruby. Edward protects Pam. Claire protects Roger. Ben protects Sue. Jill protects Ron. Kelly protects Wayne. Anna protects Roy. Henry protects Tracy. Lauren protects Julian. Andrew protects Vincent. Ian protects Jordan. Dave protects Travis. Jake protects Peggy. Amy protects Sandra. David protects Jacob. Nick protects,1,Joy
Kurt wakes Sheila. Rose wakes Janet. Margaret wakes Nicholas. Carol wakes Martha. Lauren wakes Nicole. Katie wakes William. Brian wakes Valerie. Jason wakes Ted. Arthur wakes Melanie. Jill wakes Nathan. Alex wakes Stephen. Marie wakes Ray. Alan wakes Margaret. Thomas wakes Terry. George wakes Phil. Bob wakes Joy. Kurt wakes,1,Sheila
Emma asks Kara. Kate asks Martha. John asks Shirley. Edward asks Nancy. Joe asks Nicholas. Luke asks Alison. Johnny asks Walter. Adam asks Richard. Kathy asks Wanda. Tim asks Irene. Anne asks Sheila. Harry asks Jacob. Kevin asks Stephanie. Maggie asks Roger. Justin asks Johnny. Frank asks Stan. Emma asks,1,Kara
Leo welcomes Olga. Emma welcomes Peggy. Sam welcomes Alison. Ian welcomes Sally. Jean welcomes Irene. Aaron welcomes Isaac. Daniel welcomes Lauren. Andrew welcomes Melanie. Maggie welcomes Walter. Helen welcomes Victor. Greg welcomes Pamela. Arthur welcomes Keith. Bob welcomes Albert. Tony welcomes Philip. Nick welcomes Richard. Juan welcomes Todd. Leo welcomes,1,Olga
Melissa attacks Shirley. Kelly attacks Jenny. Pat attacks Martin. Justin attacks Ted. Bill attacks Pamela. Steve attacks Ron. Kate attacks Jean. Rick attacks Todd. Blake attacks Leo. Scott attacks Victor. Helen attacks Wanda. Laura attacks Norman. Jill attacks Robin. Sarah attacks Marc. Marie attacks Nathan. Katie attacks Kyle. Melissa attacks,1,Shirley
Alice finds Jill. Mike finds Marie. Eric finds Teresa. Ian finds Nicole. Henry finds Angela. Melissa finds Jerry. Scott finds Melanie. Lily finds Alexa. Jordan finds Stan. Keith finds Stephen. Linda finds Victoria. Tim finds Jordan. Kelly finds Ralph. Ken finds William. Adam finds Shirley. Johnny finds Tyler. Alice finds,1,Jill
June pays Howard. Lisa pays Sean. Marie pays Lydia. Jason pays Stan. Dean pays Pamela. Howard pays Zach. Melissa pays Michael. Maggie pays Aiden. Dennis pays Margaret. Diana pays Noah. Joe pays Russell. David pays Travis. Fred pays Leah. Nick pays Marie. Martin pays Patrick. Amy pays Ken. June pays,1,Howard
Katie needs Jordan. Dave needs Tracy. Max needs Sharon. Aaron needs Russell. Laura needs Keith. Chris needs Judy. Justin needs Monica. Robert needs Martin. Jason needs Leo. George needs Angela. Diana needs Terry. Josh needs Margaret. Mike needs Oscar. Tim needs Jill. Jordan needs Norman. Kate needs Logan. Katie needs,1,Jordan
Jake builds Jenny. Megan builds Nancy. John builds Pam. Anne builds Jordan. Frank builds Stan. Steven builds Richard. Alex builds Rebecca. Adam builds Kurt. Karen builds Alicia. Jordan builds Lydia. Will builds Kara. Lucy builds Marie. Mary builds Noah. Dave builds Sue. Dennis builds Margaret. Joseph builds Todd. Jake builds,1,Jenny
Kim chooses Peggy. Howard chooses Kay. Josh chooses Adrian. Megan chooses Kim. Melissa chooses Keith. Edward chooses Liam. Jake chooses Kelly. Bill chooses Ken. Rad chooses Tyler. Greg chooses Paula. Sam chooses William. Daniel chooses Amber. Lisa chooses Phil. Ruth chooses Judy. Linda chooses Irene. Faith chooses Angela. Kim chooses,1,Peggy
Amy leaves Sheila. Bill leaves Shirley. Mike leaves Pam. Fred leaves Tracy. Margaret leaves Jacob. Dennis leaves Monica. Michael leaves Roy. Carol leaves Nathan. Will leaves Ronald. Craig leaves Roger. Robert leaves Logan. Steve leaves Travis. Alex leaves Liz. Edward leaves Sandra. Thomas leaves Leo. John leaves Robin. Amy leaves,1,Sheila
Pat tells Kurt. Grace tells Martha. Tom tells Kyle. Dean tells Alison. Emily tells Liz. Luke tells Michael. Kevin tells Phil. Chris tells Shawn. Ellen tells Margaret. Mark tells William. Steven tells Patrick. Maria tells Melanie. June tells Olga. Joy tells Zach. Craig tells Terry. Fred tells Renee. Pat tells,1,Kurt
Will respects Michael. Rick respects Nicole. Andrew respects Isabel. Linda respects Ray. Liz respects Peggy. Alice respects Rachel. James respects Aiden. Carl respects Troy. Lisa respects Marc. Bill respects Logan. Craig respects Jordan. Eric respects April. Nick respects Ian. Marc respects Travis. Julia respects Kim. Jordan respects Russell. Will respects,1,Michael
Dean grabs Ted. Jack grabs Anthony. Adam grabs Russell. Helen grabs Sue. Margaret grabs Jacob. John grabs Ray. Keith grabs Ralph. Andrew grabs Violet. Alan grabs Tyler. Kay grabs Nicholas. Joseph grabs Kyle. Julia grabs Leah. Alice grabs Victor. Jeff grabs Travis. Gary grabs Louis. Karen grabs Liz. Dean grabs,1,Ted
Will backs Andrea. Nick backs Lori. Robert backs Jenny. Juan backs Alicia. Henry backs Oscar. Bill backs Joy. Kyle backs Walter. Peter backs Richard. Ryan backs Pamela. Blake backs Phil. Andrew backs Rita. Mike backs Isaac. Jake backs Philip. Ruth backs Stephen. James backs Marie. Kay backs Margaret. Will backs,1,Andrea
Tim guards Oscar. Tony guards Russell. Jack guards Michelle. Mary guards Howard. Dennis guards Leon. Harry guards Logan. Paul guards Joseph. Alex guards Irene. Lily guards Jill. Peter guards Stephen. Margaret guards Kathy. Emily guards Isaac. Anne guards Rita. Pat guards Martha. Ruth guards Ian. Michael guards Kurt. Tim guards,1,Oscar
Carol grows Juan. Scott grows Noah. Henry grows Kay. Jill grows Kirk. Steven grows Vanessa. Matt grows Michael. Mary grows Irene. Megan grows Ian. Andrew grows Joseph. Thomas grows Pam. Jane grows Wanda. Frank grows Paula. Johnny grows Sharon. Lisa grows Marc. Kyle grows Janet. Greg grows Ashley. Carol grows,1,Juan
Alan buys Shawn. Julia buys Ken. Kevin buys Jean. Mark buys Wanda. Faith buys Ronald. Bob buys Olga. Lucy buys Kim. Thomas buys Nicole. Martin buys Russell. Ruth buys Michael. Sarah buys Pam. Katie buys Johnny. Maggie buys Lauren. Ben buys Roy. Lisa buys Marie. Marie buys Joy. Alan buys,1,Shawn
Grace feeds Shirley. Faith feeds Anthony. James feeds Robin. Andrew feeds Adrian. Rick feeds Stephanie. Lucy feeds Sally. Jill feeds Kay. Margaret feeds Lauren. Jeff feeds Martha. Brian feeds Nathan. Jenny feeds Todd. Claire feeds Kim. Joe feeds Judy. Leon feeds Isabel. Chris feeds Norman. Rose feeds Albert. Grace feeds,1,Shirley
Ruth trains Albert. Alice trains Angela. Amy trains Sharon. Jeff trains Adrian. Tony trains Kyle. Daniel trains Victor. Emma trains Joseph. Edward trains Vanessa. Austin trains Ralph. George trains Renee. Eric trains Alicia. Kelly trains Ian. Katie trains Kathy. Thomas trains Howard. Leo trains Janet. Gary trains Melanie. Ruth trains,1,Albert
Ben questions Russell. Ian questions Richard. Juan questions Marc. Margaret questions Vincent. Josh questions Louis. Tom questions Zach. Charles questions Ian. Rose questions Joy. Carol questions Rachel. Emma questions Leo. Laura questions Alison. Arthur questions Travis. Joe questions Pam. Keith questions Ashley. Rad questions Teresa. Faith questions Ron. Ben questions,1,Russell
Carl respects Stan. Donna respects Tyler. Dennis respects Nicole. Hannah respects Isabel. Juan respects Michael. Lily respects Amelia. Bob respects Joseph. Megan respects Michelle. Alex respects Wanda. Carol respects Rachel. Jenny respects Liam. Steve respects Zach. Andrew respects Valerie. Ken respects Ted. Lucy respects Vanessa. Rose respects Alicia. Carl respects,1,Stan
Michael alerts Jenny. Kurt alerts Wayne. Lucy alerts Joy. David alerts Sean. Louis alerts Howard. Leo alerts Martha. Carol alerts Sandra. Megan alerts Kyle. Nick alerts Olga. Margaret alerts Shawn. Martin alerts Sara. Dennis alerts Ruby. Ken alerts Ashley. Will alerts Renee. James alerts Ronald. Leon alerts Aiden. Michael alerts,1,Jenny
Rose permits Ken. Adam permits Albert. Blake permits Rachel. Thomas permits Maggie. Ben permits Jenny. Mary permits Zach. Fred permits Tyler. Alan permits Stan. Frank permits Oscar. Grace permits Judy. Eric permits Sean. John permits Angela. Jake permits Adrian. Juan permits Teresa. Marc permits Aiden. Jean permits Natalie. Rose permits,1,Ken
Aaron trains Jacob. Craig trains Amber. Jill trains Neil. Johnny trains Rebecca. Kevin trains Nathan. Edward trains Sandra. Thomas trains Judy. Leon trains Sue. Robert trains Travis. Maggie trains Natalie. June trains Alicia. Jake trains Ashley. David trains Janet. Rose trains Jill. Ryan trains Zach. Rad trains Tyler. Aaron trains,1,Jacob
Robert avoids Rebecca. Ruth avoids Sandra. Harry avoids Leah. Jason avoids Oscar. Lucy avoids Nathan. Helen avoids Teresa. Jerry avoids Kyle. Keith avoids Victoria. Chris avoids Kelly. Rick avoids Tracy. Henry avoids Sheila. Brian avoids Ruby. Jordan avoids Russell. Gary avoids Neil. Aaron avoids Sue. Dean avoids Zach. Robert avoids,1,Rebecca
Nick blocks Melanie. Louis blocks Aiden. Max blocks Nathan. George blocks Patrick. Ian blocks Lori. Lucy blocks Jenny. June blocks Victoria. Bob blocks Leo. Blake blocks Sara. Alice blocks Ken. Kim blocks Ron. Steve blocks Ted. Ken blocks Sally. Mark blocks Olga. Greg blocks Stephen. Luke blocks Zach. Nick blocks,1,Melanie
Hope invites Victor. Kathy invites Marie. Alex invites Russell. Ellen invites William. Austin invites Sally. Dennis invites Aiden. Rad invites Liam. Frank invites Martha. Adam invites Sean. Kyle invites Rob. Megan invites Ray. Karen invites Olga. Tom invites Leon. Nick invites April. Fred invites Peggy. Margaret invites Logan. Hope invites,1,Victor
Katie insists Kelly. Megan insists Michelle. Hannah insists Monica. Leo insists Andrea. Donna insists Leah. Lucy insists Amber. Keith insists Renee. Lauren insists June. Lily insists Maggie. Andrew insists Neil. Sarah insists Rita. Karen insists Nicole. Michael insists Nathan. Howard insists Patrick. Margaret insists Alison. Grace insists Nancy. Katie insists,1,Kelly
Lisa seeks Wayne. Marie seeks Marc. Lucy seeks Stephanie. Mark seeks Jenny. Joy seeks Sara. Greg seeks Peggy. Jill seeks Oscar. Grace seeks Andrea. Matt seeks Kara. Hope seeks Leo. June seeks Ruby. Fred seeks Judy. Martin seeks Joy. Bill seeks Ron. Faith seeks Julian. Leo seeks April. Lisa seeks,1,Wayne
Tony captures Joy. Will captures Andrea. Marc captures Tracy. John captures Melissa. Alex captures Isaac. Anna captures Kay. Alan captures Monica. Dave captures Nicole. Jenny captures Anthony. Martin captures Leo. Jane captures Sally. Marie captures Ashley. June captures Sue. Leon captures Kathy. Amy captures Keith. Louis captures Juan. Tony captures,1,Joy
Kurt reminds April. Hope reminds Patrick. Linda reminds Oscar. Hannah reminds Margaret. Gary reminds Stephen. Kate reminds Nathan. Tom reminds Joseph. Liz reminds Amber. Dave reminds Teresa. Henry reminds Melissa. Johnny reminds Adrian. Adam reminds Leah. Susan reminds Julian. Leon reminds Rebecca. Josh reminds Kathy. Jake reminds Johnny. Kurt reminds,1,April
David sends Tracy. Tim sends Violet. Ruth sends Jacob. Alice sends Marie. Howard sends Maggie. Edward sends Sheila. Paul sends Anthony. Juan sends Sandra. Kate sends Richard. Jack sends Rebecca. Thomas sends Wanda. Maggie sends Ron. Charles sends Monica. Craig sends Liz. Justin sends Martin. Emily sends Michelle. David sends,1,Tracy
Alex parks Leon. Ben parks Todd. Kyle parks Irene. Anna parks Louis. Steve parks Ashley. Alice parks Ralph. Mike parks Philip. Jordan parks Isaac. Leo parks Jenny. Will parks Shawn. Lauren parks Albert. Gary parks Kurt. Ruth parks Martin. Liz parks Tracy. Paul parks Melissa. Jenny parks Monica. Alex parks,1,Leon
Helen shares Teresa. Scott shares Ruby. Jenny shares Jenny. Justin shares Irene. Ken shares Stephanie. Leon shares Violet. Marc shares Louis. Laura shares Rob. Bob shares Leo. Brian shares Isabel. Jacob shares Olga. Arthur shares Lori. Joe shares Victor. Donna shares Nancy. Keith shares Richard. Karen shares Juan. Helen shares,1,Teresa
Kyle stops Nancy. Gary stops June. David stops Kara. Henry stops April. Alex stops Ian. Greg stops Roy. Nick stops Lydia. Dennis stops Ronald. Pat stops Nathan. Mark stops Kirk. Eric stops Melissa. Emma stops Howard. Ian stops Olga. Mary stops Patrick. Rad stops Richard. Luke stops Noah. Kyle stops,1,Nancy
Jenny trains Alicia. Diana trains Sharon. Kelly trains Maggie. Martin trains Roy. Jeff trains Rita. Leo trains Roger. Henry trains Ronald. Jean trains Sandra. Juan trains Keith. Jack trains Ray. Steve trains Lori. Nick trains Liam. Michael trains Nathan. Greg trains Wayne. Joseph trains Russell. Melissa trains Noah. Diana trains,2,Sharon
Bill writes Joan. Lucy writes Stephanie. George writes Zach. Anna writes Rachel. Brian writes Leo. Leon writes Lauren. Ian writes Howard. Jill writes Olga. Linda writes Lori. Amy writes Norman. Tom writes Justin. Jean writes Jacob. Peter writes Noah. Howard writes Roy. Jake writes Renee. Karen writes Violet. Lucy writes,2,Stephanie
Hope faces Tracy. Liz faces Stephanie. Sam faces Lauren. Adam faces Liz. Andrew faces Rachel. Ryan faces Louis. Faith faces Justin. Robert faces Sheila. Blake faces Maggie. Kevin faces Michael. Austin faces Liam. Diana faces Kim. Joy faces Natalie. Greg faces Jenny. Joe faces Ralph. Marie faces Andrea. Liz faces,2,Stephanie
Claire buys Rita. Megan buys Sandra. Maria buys Ronald. Ryan buys Pamela. Ken buys Roger. Andrew buys Sheila. Bill buys Jacob. Charles buys Victor. Amy buys Howard. Michael buys Ian. Craig buys Oscar. Adam buys Monica. John buys Peggy. Kevin buys Amelia. Emily buys Natalie. Karen buys Nicholas. Megan buys,2,Sandra
Jack likes Kathy. Liz likes Ted. James likes Juan. David likes Lori. Sam likes Stephen. Blake likes Sara. Lily likes Isabel. John likes Tyler. Frank likes Martin. Emily likes Jacob. Kyle likes Liam. Melissa likes Anthony. Arthur likes William. Keith likes Leah. Lauren likes Valerie. Chris likes Pam. Liz likes,2,Ted
Jake permits Maggie. Kathy permits Ted. Jason permits Kirk. Jeff permits Johnny. Emma permits Justin. Jordan permits Angela. Margaret permits Andrea. James permits Peggy. Dean permits Sean. Sarah permits Jenny. Leon permits Liz. Kurt permits Tracy. Frank permits Norman. Anna permits Ronald. Louis permits Julian. Lucy permits Phil. Kathy permits,2,Ted
John protects Martha. Hannah protects Sara. Dean protects Louis. Bill protects Phil. Blake protects Lauren. Carol protects Ray. Thomas protects Shawn. Greg protects Sandra. Justin protects Johnny. Susan protects Joy. Aaron protects Kathy. Emma protects Shirley. Julia protects April. Martin protects Richard. Hope protects Angela. Tom protects Amber. Hannah protects,2,Sara
Kevin rewards Sue. Rick rewards Peggy. Hope rewards Renee. Jacob rewards Stephen. Ryan rewards Paula. Thomas rewards Marc. Grace rewards Kay. Jean rewards Nancy. Bill rewards Violet. Lily rewards Wanda. Sarah rewards Ashley. Rad rewards Martin. Pat rewards Melanie. Jerry rewards Isabel. Andrew rewards Ralph. Steve rewards Jill. Rick rewards,2,Peggy
Kate adopts Patrick. Faith adopts Todd. Maria adopts Joan. Jenny adopts Kirk. Tony adopts Vanessa. Anne adopts Neil. Aaron adopts Alicia. Mary adopts Wanda. Kelly adopts Terry. Joe adopts Justin. Bob adopts Renee. Ryan adopts Leon. Max adopts Michelle. Lisa adopts Walter. Sam adopts Ian. Robert adopts Ken. Faith adopts,2,Todd
Thomas allows Teresa. Louis allows Shawn. Margaret allows William. Ellen allows Victor. Megan allows Valerie. Blake allows Jordan. Pat allows Leah. Karen allows Margaret. Kathy allows Wanda. Justin allows Zach. John allows Marc. Bob allows Paula. Donna allows Sylvia. Charles allows Michelle. Lily allows Olga. Mark allows Kelly. Louis allows,2,Shawn
Alex finds Adrian. Kate finds Natalie. Eric finds Paula. Margaret finds Wayne. Robert finds Sharon. Liz finds Justin. Matt finds Louis. Lucy finds Michelle. Kelly finds Rachel. Jane finds Jordan. Rick finds Shirley. Daniel finds Richard. Austin finds Amber. Luke finds Johnny. Joe finds Kim. Faith finds Melissa. Kate finds,2,Natalie
Tim grows Kim. Jean grows Justin. Ken grows Neil. Anna grows Kay. Michael grows Alicia. Austin grows Oscar. David grows Russell. Claire grows Ted. Juan grows Tracy. Justin grows Keith. Tom grows Ken. Peter grows Howard. Mike grows Violet. Maria grows William. Eric grows Aiden. Scott grows Alexa. Jean grows,2,Justin
Joe fixes Nicole. Hope fixes Stephanie. Joy fixes Ashley. Diana fixes Lydia. Lucy fixes Logan. Maggie fixes Liz. Ryan fixes Shirley. Adam fixes Vanessa. Kelly fixes Philip. Carol fixes Ray. Daniel fixes Kathy. Robert fixes Noah. Josh fixes Isabel. Mike fixes Troy. Johnny fixes Ted. Faith fixes Angela. Hope fixes,2,Stephanie
Diana supports Martha. Howard supports Jerry. Sarah supports Marc. Ruth supports Patrick. Luke supports Michelle. Ryan supports Roy. Craig supports Lauren. Donna supports Adrian. Harry supports Logan. Faith supports Anthony. Anne supports Andrea. Rose supports Rebecca. Katie supports Monica. Kim supports Tracy. Nick supports Jacob. Bill supports Shawn. Howard supports,2,Jerry
Nick cleans Irene. Jill cleans Vincent. Ruth cleans Louis. Blake cleans Kirk. Daniel cleans Isabel. Marc cleans Zach. Karen cleans Anthony. Faith cleans Andrea. Grace cleans Sylvia. Diana cleans Natalie. Gary cleans Tracy. Joe cleans Adrian. Dave cleans Leo. Marie cleans Joy. Amy cleans Keith. Ken cleans Richard. Jill cleans,2,Vincent
Martin needs Kelly. Anne needs Melanie. Liz needs Albert. Thomas needs Amelia. Lisa needs Sean. Mark needs Ralph. June needs Marie. Kurt needs Juan. Ian needs Valerie. Paul needs Nancy. Tim needs Kara. Johnny needs Irene. Mary needs Shawn. Lucy needs Nicole. Katie needs Tyler. Jacob needs Liz. Anne needs,2,Melanie
Dean advises Monica. Gary advises Tracy. Scott advises Margaret. Jacob advises Philip. Alex advises Wanda. Susan advises Ronald. Bob advises Kara. Michael advises Rob. Ruth advises Alexa. Megan advises Vincent. Donna advises Kelly. Peter advises Vanessa. Jean advises Lydia. Josh advises Kurt. Amy advises Ruby. Carl advises Norman. Gary advises,2,Tracy
Ruth finds Vincent. Michael finds Melanie. Faith finds Terry. James finds Leo. Lucy finds Wanda. Helen finds Rita. Dave finds Juan. Jacob finds Tracy. Bob finds Maggie. Carl finds Rachel. Mike finds Zach. Steven finds Angela. Craig finds Alexa. Megan finds Alicia. Joe finds Victoria. Susan finds Amber. Michael finds,2,Melanie
Sam prohibits Alexa. Aaron prohibits Amelia. Henry prohibits Logan. Blake prohibits Maggie. Susan prohibits Ruby. James prohibits Janet. Thomas prohibits Valerie. Leon prohibits Kirk. Hope prohibits Ray. Liz prohibits Walter. Kevin prohibits Ashley. Ben prohibits Roger. Jill prohibits Pam. Harry prohibits Aiden. Steve prohibits Joseph. Marie prohibits Sara. Aaron prohibits,2,Amelia
Ken prohibits Walter. Ellen prohibits Kelly. Megan prohibits Joy. Sam prohibits Rachel. Craig prohibits Nicholas. Dean prohibits Patrick. Susan prohibits Sue. Bill prohibits Stephen. Matt prohibits Wayne. Keith prohibits Zach. Emily prohibits Violet. Rad prohibits June. Jake prohibits Liam. Jordan prohibits Natalie. Austin prohibits Sean. Marie prohibits Lydia. Ellen prohibits,2,Kelly
Keith invites June. Mary invites Alison. Tom invites Patrick. Juan invites Ray. Henry invites Sharon. Lucy invites Sally. Emma invites Jordan. Kathy invites Melanie. John invites Valerie. Karen invites Sylvia. Mark invites Louis. George invites Keith. Thomas invites Irene. Blake invites Oscar. Chris invites Joseph. Gary invites Neil. Mary invites,2,Alison
Lauren brings Justin. Dean brings Leon. Kyle brings Sean. Alex brings Jill. Dennis brings Rebecca. Jake brings Violet. Leon brings Rachel. Henry brings Juan. Sarah brings Ken. Austin brings Angela. Rose brings Jean. Julia brings Johnny. Lisa brings Wanda. Justin brings Sandra. Howard brings Andrea. Max brings Ralph. Dean brings,2,Leon
Scott demands Lauren. Grace demands Patrick. Melissa demands Stephanie. Eric demands Alicia. Maggie demands Kathy. Ken demands Kelly. Alice demands Margaret. Rad demands Terry. Craig demands Victor. Edward demands Stephen. Johnny demands Isabel. Liz demands Jerry. Carl demands Ted. Martin demands Marie. Faith demands Joan. Jerry demands June. Grace demands,2,Patrick
Laura burns Stephanie. Amy burns Vincent. Luke burns Monica. Justin burns Renee. Alan burns Rachel. Leo burns Valerie. Sarah burns Peggy. Charles burns Marie. Hannah burns Kay. Joy burns Ralph. Kathy burns Troy. Sam burns Maggie. Jack burns Sharon. Austin burns Johnny. Henry burns Shawn. Rose burns Joy. Amy burns,2,Vincent
Hannah feels Michelle. Ben feels Lydia. Emma feels Ian. Anne feels Valerie. James feels Nicole. Julia feels Sue. Katie feels Logan. Alice feels Sean. Josh feels Joseph. Jake feels Alicia. Mary feels Richard. Steve feels Sheila. Lily feels Stan. Dean feels Sandra. Howard feels Rob. Fred feels Ronald. Ben feels,2,Lydia
Jeff fights Jacob. Leo fights Olga. Josh fights Liz. Anne fights Noah. Jake fights Alexa. Mark fights Albert. Helen fights Sean. Martin fights Rebecca. Laura fights Lori. Linda fights Ralph. Pat fights Stephen. Dennis fights Natalie. Steven fights Zach. Blake fights Jerry. Kay fights Richard. James fights Jenny. Leo fights,2,Olga
Carol approaches June. Emma approaches William. Linda approaches Shirley. Tim approaches Sally. Jane approaches Nathan. Kevin approaches Kyle. Dennis approaches Sheila. Martin approaches Ashley. Thomas approaches Amelia. Ben approaches Wanda. Helen approaches Stan. Eric approaches Sara. Lily approaches Wayne. Tony approaches Jordan. Kelly approaches Jean. Will approaches Keith. Emma approaches,2,William
Arthur makes Lori. Mark makes Jacob. Dennis makes Nicole. Rick makes William. Lucy makes Juan. Matt makes Richard. Luke makes Sean. Emma makes Isabel. Edward makes Amber. Melissa makes Rita. Fred makes Pamela. Ryan makes Marc. Tom makes Renee. Juan makes Sheila. Max makes Stephen. Martin makes Rachel. Mark makes,2,Jacob
Maggie risks Adrian. Jacob risks Kay. Jeff risks Leah. Sarah risks Jerry. Josh risks Travis. Robert risks Tyler. Arthur risks Anthony. Juan risks Kyle. Melissa risks Oscar. Chris risks Angela. Jerry risks Shawn. Keith risks Natalie. Luke risks Wayne. Lauren risks Howard. Kurt risks Alexa. Marc risks Ian. Jacob risks,2,Kay
George shares Irene. Julia shares Sally. Joseph shares Paula. Josh shares Sharon. Jason shares Albert. Ben shares Julian. Peter shares Patrick. Sarah shares Rob. Ryan shares Leon. Aaron shares Sheila. Jack shares Teresa. Tony shares Kyle. Bob shares Jerry. Henry shares Sylvia. Margaret shares William. Tim shares Ruby. Julia shares,2,Sally
Diana proposes Sean. June proposes Lauren. Rick proposes Amber. Maria proposes Paula. Julia proposes Jean. Max proposes Teresa. Margaret proposes Joseph. Andrew proposes Philip. Laura proposes Roger. Kevin proposes Tyler. Lisa proposes Ralph. Anna proposes Patrick. Arthur proposes Tracy. Charles proposes Kyle. Martin proposes Jacob. Pat proposes Nathan. June proposes,2,Lauren
Maria texts Norman. Adam texts Kim. Katie texts Janet. Alice texts Ruby. Lucy texts Lauren. Luke texts Leo. Leo texts Sheila. Hannah texts Valerie. Jordan texts Michael. Thomas texts Joan. Lauren texts Teresa. Sam texts Vincent. Susan texts Isaac. Bill texts Amber. Henry texts Judy. Ruth texts Rachel. Adam texts,2,Kim
Austin chooses Ted. Hope chooses Sally. Henry chooses Leah. Harry chooses Kara. Jason chooses Johnny. Charles chooses Ken. Kyle chooses Troy. Scott chooses Adrian. Craig chooses Louis. Frank chooses Philip. Joy chooses Zach. Lisa chooses April. Helen chooses Kay. Edward chooses Sean. Howard chooses Jerry. Fred chooses Juan. Hope chooses,2,Sally
David permits June. Charles permits Maggie. Jason permits Judy. Rose permits Julian. Emily permits Ian. Jake permits Shirley. Austin permits Sheila. Kurt permits Andrea. Justin permits Albert. Thomas permits Sue. Kevin permits Isabel. Louis permits William. Andrew permits Peggy. Joe permits Martin. Jerry permits Renee. Steven permits Robin. Charles permits,2,Maggie
Bob needs Nancy. Scott needs Andrea. Jerry needs William. Edward needs Lori. Donna needs Isabel. Jane needs Joan. Anna needs Stephanie. Dave needs Nathan. Amy needs Rob. Matt needs Lydia. Linda needs Sally. James needs Walter. Emily needs Martin. Gary needs Leah. Susan needs Kirk. Ryan needs Pam. Scott needs,2,Andrea
Hannah asks Sandra. John asks Sheila. Michael asks Adrian. Maria asks Roger. Tom asks Nathan. Arthur asks Nancy. Alan asks Norman. Joy asks Joy. Emily asks Jordan. Charles asks Victor. Jenny asks Ronald. Grace asks Sharon. Aaron asks Leo. Claire asks Vincent. Jean asks Wayne. Will asks Michael. John asks,2,Sheila
Megan saves Teresa. Steven saves Janet. Tim saves Liam. Howard saves Angela. Greg saves Ashley. Anne saves Sylvia. David saves Stan. Jake saves Michael. Kelly saves Jill. Hope saves Peggy. Jenny saves Stephen. Grace saves Louis. Pat saves Julian. Mike saves Norman. Lucy saves Alexa. Dennis saves Alicia. Steven saves,2,Janet
Andrew hugs Irene. Amy hugs Liam. Rick hugs Sheila. Johnny hugs Ralph. Marie hugs Sharon. Justin hugs Robin. Tom hugs Russell. Joe hugs Kurt. Lauren hugs Howard. Martin hugs Ronald. Kyle hugs Terry. Kay hugs Victor. Diana hugs Andrea. Charles hugs Troy. Carol hugs Judy. Jeff hugs Rebecca. Amy hugs,2,Liam
Chris drives Stephen. Claire drives Kay. Will drives Joy. Scott drives Monica. Louis drives Jerry. Aaron drives Amelia. Kim drives Sheila. Anne drives Margaret. Luke drives Terry. Greg drives Nicole. Kate drives Maggie. Robert drives Tracy. Paul drives Martin. Matt drives Michelle. Emma drives Logan. Brian drives June. Claire drives,2,Kay
Lauren buys Martha. Jordan buys Vincent. Maria buys Leon. Bill buys Phil. Jack buys Maggie. Margaret buys Adrian. Helen buys Russell. Diana buys Anthony. Lisa buys Joseph. Joseph buys Olga. Anna buys Kelly. Kurt buys Albert. Chris buys Ron. Leo buys Keith. Maggie buys Jean. Adam buys Kirk. Jordan buys,2,Vincent
Peter affects Jerry. Adam affects Ian. Claire affects Julian. Luke affects Shirley. Frank affects Juan. Kim affects Nicholas. Rad affects Walter. Jason affects Rita. Hope affects Liz. Josh affects Isaac. Fred affects Isabel. Jenny affects Ted. Helen affects Martha. Grace affects Ron. Jordan affects Angela. Diana affects Kara. Adam affects,2,Ian
Tim visits Wayne. Steve visits Liz. Claire visits Stan. Howard visits Sandra. Lauren visits Terry. Lisa visits Kim. Anne visits Irene. Joy visits Lydia. Scott visits Isaac. Jeff visits Vincent. Blake visits Angela. Jerry visits Rita. Brian visits Ruby. Kurt visits Jacob. Megan visits Nathan. June visits Kathy. Steve visits,2,Liz
Alan attacks Logan. Ellen attacks Ian. Emma attacks Justin. Ruth attacks Sean. Daniel attacks April. Hannah attacks Pam. Peter attacks Sandra. Katie attacks Wanda. Jerry attacks Olga. Howard attacks Kim. Leo attacks Amber. George attacks Isabel. Marie attacks Albert. Susan attacks Rob. Grace attacks Vanessa. Kevin attacks Alexa. Ellen attacks,2,Ian
Sarah assists Peggy. Mary assists Adrian. Nick assists Amber. Austin assists Kim. Rad assists Stephen. Thomas assists Travis. Alex assists Walter. Leon assists Marc. Alice assists Monica. Claire assists Roger. Kay assists Janet. Jill assists Sylvia. Alan assists Rebecca. Rick assists Alicia. Faith assists Joseph. Steve assists Paula. Mary assists,2,Adrian
Rad avoids Kay. Joseph avoids Irene. Marie avoids Kirk. Mark avoids Norman. Ben avoids Stan. Faith avoids Jordan. Liz avoids Noah. Maria avoids Jenny. Austin avoids Marc. Lily avoids Paula. Jeff avoids Joseph. Thomas avoids Isaac. Adam avoids Kyle. Arthur avoids Rebecca. Dean avoids Logan. Hannah avoids Juan. Joseph avoids,2,Irene
Joy likes Kara. Kate likes Travis. Jeff likes Stephen. Adam likes Vincent. Faith likes Nathan. Maria likes Neil. Henry likes Kathy. Luke likes Lauren. Tony likes Nicole. Joseph likes Russell. Ben likes Juan. Austin likes Terry. Nick likes Violet. Peter likes Albert. Kevin likes Liam. Kurt likes Lori. Kate likes,2,Travis
Grace denies Tyler. Rose denies Kurt. Greg denies Jacob. Alex denies Monica. Ruth denies Albert. Marc denies Sean. Edward denies Maggie. Melissa denies Adrian. Margaret denies Shawn. Harry denies Lori. Jerry denies Margaret. Austin denies Sheila. Amy denies Marie. Bob denies Kelly. June denies Kyle. Robert denies Pam. Rose denies,2,Kurt
Mike questions Ken. Marie questions Valerie. Austin questions Kim. Michael questions Rita. Claire questions Vanessa. Greg questions Neil. Matt questions Troy. Kelly questions Russell. Nick questions Sylvia. Johnny questions Pamela. Fred questions Vincent. Jason questions Roy. Bob questions Amelia. George questions Sally. Alex questions Albert. Leo questions Ruby. Marie questions,2,Valerie
Amy comforts Stephanie. Jill comforts Tracy. George comforts Liam. Liz comforts Monica. Karen comforts June. Jason comforts William. Leo comforts Norman. Mary comforts Renee. Ben comforts Stephen. Tim comforts Marie. Ian comforts Walter. Henry comforts Liz. Blake comforts Joy. Bill comforts Patrick. Bob comforts Stan. Carol comforts Wanda. Jill comforts,2,Tracy
Marie proposes Tracy. Kelly proposes Sandra. Aaron proposes Jacob. Alice proposes Monica. Laura proposes William. Emma proposes Vincent. Dennis proposes Isaac. Carol proposes Sally. Ryan proposes Ronald. Gary proposes Stan. Ben proposes Sue. Craig proposes Tyler. Keith proposes Kay. Louis proposes Ashley. Nick proposes Sylvia. Jill proposes Kurt. Kelly proposes,2,Sandra
Adam fights Joan. Jordan fights Ronald. Matt fights Pamela. Jerry fights Kathy. Henry fights William. Max fights Noah. Hannah fights Kara. Linda fights Rachel. Mark fights Ted. Greg fights Renee. Lisa fights Joseph. Blake fights Ruby. Jack fights Johnny. Jason fights Jacob. Howard fights Leon. David fights Aiden. Matt fights,3,Pamela
Claire draws April. Dennis draws Michelle. Daniel draws Kara. Leo draws Kathy. Joy draws Anthony. Jeff draws Victoria. George draws Sheila. Jean draws Travis. Ken draws Roy. Eric draws Shawn. Lily draws Nicole. Michael draws Martin. Amy draws Norman. Charles draws Sharon. Anna draws Philip. Ian draws Patrick. Daniel draws,3,Kara
Aaron leads Janet. Justin leads Victoria. Jacob leads Kara. Greg leads Alexa. Pat leads Ian. Thomas leads Lauren. Rad leads Sean. James leads Stephen. Juan leads Nancy. Adam leads Kirk. Lucy leads Albert. Susan leads Norman. Jerry leads Ron. Josh leads Julian. Jeff leads Isaac. Alex leads Nicole. Jacob leads,3,Kara
Emma adopts Todd. Margaret adopts Sheila. Tony adopts Sue. Jeff adopts Russell. Juan adopts Neil. Austin adopts Monica. Craig adopts Liz. Kathy adopts Margaret. Kate adopts Anthony. Susan adopts Troy. Max adopts Judy. Gary adopts Violet. Mike adopts Louis. Hannah adopts Pamela. Edward adopts Sean. Johnny adopts Nicole. Tony adopts,3,Sue
Mary answers Shirley. Dave answers Sylvia. Maria answers Jenny. Liz answers Jean. Faith answers Liz. Max answers Maggie. Kay answers Sharon. Hannah answers Anthony. Chris answers Natalie. Ruth answers Kirk. Julia answers April. Rick answers Sheila. Daniel answers Wanda. Harry answers Vincent. Peter answers Melanie. Jason answers Leah. Maria answers,3,Jenny
Charles holds Maggie. Max holds Wayne. Hope holds Lydia. Dean holds Victoria. Will holds Sylvia. Anne holds Isaac. Luke holds Amelia. Austin holds Leah. Karen holds Amber. Pat holds Vincent. Daniel holds Rebecca. Rick holds Justin. Maria holds Todd. Kyle holds Andrea. Ellen holds Sheila. Liz holds Victor. Hope holds,3,Lydia
Lucy wakes Kurt. Jane wakes April. Adam wakes Vincent. Marie wakes Roy. Kate wakes Monica. Melissa wakes Oscar. Bob wakes Lori. Ryan wakes Kim. Carl wakes Nicholas. Ben wakes Roger. Faith wakes Teresa. Mike wakes Juan. Amy wakes Margaret. Anne wakes Joseph. Susan wakes Martin. Steve wakes Sally. Adam wakes,3,Vincent
Andrew respects Sandra. Robert respects Victoria. Blake respects Louis. Maria respects Philip. Joy respects Aiden. Melissa respects Nathan. Ruth respects Leo. Kurt respects Richard. Emma respects Ronald. Alice respects Sally. Grace respects Stephen. Helen respects Martha. Dave respects Phil. Kate respects Troy. Susan respects Melissa. Megan respects Tracy. Blake respects,3,Louis
Ellen hires Shawn. Grace hires Sharon. Frank hires Renee. Jacob hires Louis. Kelly hires Anthony. Steve hires Johnny. Mark hires Liam. George hires Zach. Nick hires Sara. Rick hires Travis. Josh hires Shirley. Steven hires Marie. June hires Ashley. Fred hires Ian. Louis hires Vincent. Matt hires Paula. Frank hires,3,Renee
Craig misses Nicholas. Bob misses Liam. Aaron misses Anthony. Tom misses Janet. Charles misses Alicia. John misses Neil. Lisa misses Ralph. Dean misses Isabel. Edward misses Kyle. Hannah misses Violet. Eric misses Jean. Ruth misses Jerry. Amy misses Wanda. Mark misses Sean. Kim misses Shawn. Melissa misses Tracy. Aaron misses,3,Anthony
Jason stays Kyle. Jacob stays Kelly. Donna stays Todd. Hannah stays Alexa. Aaron stays Leon. Kurt stays Leah. Mike stays Keith. Hope stays Liz. Juan stays Shawn. Frank stays Isabel. Kay stays Ted. Jenny stays Peggy. Tony stays Stephen. Karen stays Amber. Gary stays Paula. Scott stays Margaret. Donna stays,3,Todd
Jean bothers Jill. Mike bothers Victor. Max bothers Louis. Ruth bothers Teresa. John bothers Pam. Kate bothers Lori. Dennis bothers Zach. Emma bothers Pamela. Austin bothers Jacob. Johnny bothers Valerie. Kay bothers Travis. Helen bothers Phil. Peter bothers Janet. Pat bothers Sharon. June bothers Leon. Jerry bothers Kim. Max bothers,3,Louis
Liz comforts Irene. Fred comforts Tyler. Nick comforts Jenny. Joseph comforts Olga. Diana comforts Nicholas. Maria comforts Shawn. Greg comforts Joseph. Martin comforts Zach. Jason comforts Michael. Kim comforts Isabel. June comforts Melanie. Rose comforts Ian. Marie comforts Marc. Louis comforts Howard. Marc comforts Louis. Michael comforts Robin. Nick comforts,3,Jenny
Kevin draws Margaret. Claire draws Sylvia. Greg draws Walter. Carol draws Andrea. Laura draws Sally. Emily draws Louis. Jerry draws Stephen. Brian draws Todd. Jenny draws Michelle. Justin draws Leah. Kelly draws Shirley. Marc draws Travis. Kyle draws June. Dave draws Kelly. Max draws Liam. Alex draws Peggy. Greg draws,3,Walter
Dennis bothers Liam. Kevin bothers Sylvia. Carol bothers Isaac. Frank bothers Tracy. Fred bothers Kurt. Jake bothers Jordan. Mary bothers Wayne. Lucy bothers Isabel. Edward bothers Joy. Juan bothers Alison. Julia bothers Lauren. Melissa bothers Leo. Ryan bothers Kay. Paul bothers June. Jean bothers Zach. John bothers Shawn. Carol bothers,3,Isaac
Tim supports Howard. George supports Jill. Karen supports Logan. Alex supports Ashley. Louis supports Kurt. Blake supports Walter. Aaron supports Ralph. Liz supports Joan. Howard supports Wayne. Jake supports Jerry. Austin supports Kirk. Dennis supports Roy. Daniel supports Oscar. Leo supports Kathy. Anna supports Natalie. Julia supports Isaac. Karen supports,3,Logan
Steven wakes Justin. Michael wakes Albert. Dennis wakes Alexa. Jeff wakes Howard. Brian wakes Sue. Kurt wakes Sylvia. Mary wakes Sheila. Jean wakes Tyler. Mark wakes Sally. Rick wakes Isabel. Scott wakes Nathan. Jake wakes Jerry. Jordan wakes Nicole. Joseph wakes Marie. Robert wakes Lauren. Emily wakes Tracy. Dennis wakes,3,Alexa
Max welcomes Lydia. Laura welcomes William. Kay welcomes Sue. Alice welcomes Shirley. Jordan welcomes Paula. Kate welcomes Rob. Keith welcomes Violet. Jean welcomes Marc. Sam welcomes Victoria. Rick welcomes Zach. Megan welcomes Ralph. Lucy welcomes Stan. Jane welcomes Julian. Steven welcomes Martha. Alex welcomes Vincent. Josh welcomes Jean. Kay welcomes,3,Sue
George leads Sue. Ellen leads Margaret. Will leads Vanessa. Diana leads Zach. Charles leads Neil. Keith leads Phil. Daniel leads Nicole. Ryan leads Norman. Bill leads Noah. Dean leads Nathan. Rad leads Melissa. Jenny leads Joan. Liz leads Isaac. Kelly leads Stan. Frank leads Renee. Margaret leads Peggy. Will leads,3,Vanessa
Kathy grabs Terry. Justin grabs Juan. Ben grabs Howard. Kay grabs Sue. Alex grabs Rebecca. Henry grabs Ron. Rick grabs Ralph. Lauren grabs Lauren. Sarah grabs Teresa. Steve grabs Sally. Tom grabs Joseph. Liz grabs Tyler. Rad grabs Joan. James grabs Phil. Max grabs Richard. Ryan grabs Noah. Ben grabs,3,Howard
Laura praises Kay. Greg praises June. Paul praises Amber. Emma praises Philip. John praises Roy. Jenny praises Amelia. Marie praises Olga. Frank praises Ronald. Ben praises Julian. Kathy praises Rita. Kevin praises Adrian. Emily praises Jacob. Josh praises Zach. Lucy praises Kathy. Helen praises Joan. Dave praises Travis. Paul praises,3,Amber
Leon alerts Ray. Martin alerts Lydia. Jean alerts Victor. Frank alerts Martin. Luke alerts Roger. Adam alerts Ron. Jake alerts Ken. Sarah alerts Teresa. Pat alerts Logan. Kurt alerts Janet. Grace alerts Wayne. Howard alerts Victoria. Nick alerts Albert. Jordan alerts Philip. David alerts Jordan. Jill alerts Adrian. Jean alerts,3,Victor
Jean pays Jerry. Fred pays Russell. Hannah pays Walter. Ken pays Liz. Max pays Judy. Kate pays Tyler. Katie pays Victor. Emma pays Stan. Ellen pays Irene. Anna pays Lydia. Kelly pays Vanessa. Joy pays Aiden. John pays Justin. Lily pays Sean. Linda pays Louis. Ruth pays Andrea. Hannah pays,3,Walter
Jack buys Kelly. Nick buys Natalie. Tom buys Alexa. Helen buys Justin. Mary buys Tracy. Leo buys Sean. Maria buys Adrian. Arthur buys Pamela. Joseph buys Michael. Amy buys Violet. Tim buys Roger. Emily buys Rebecca. Lily buys Wanda. Louis buys Shawn. George buys Julian. Brian buys Shirley. Tom buys,3,Alexa
Matt leaves Pam. Ellen leaves Amber. Ruth leaves Patrick. Kay leaves Michael. Fred leaves Joan. Alice leaves Stephen. Mike leaves Ted. Jake leaves Stephanie. Thomas leaves Ralph. Rick leaves Melissa. Claire leaves Adrian. Joseph leaves Ashley. Scott leaves Judy. Keith leaves Maggie. Carl leaves Noah. Jane leaves Howard. Ruth leaves,3,Patrick
Dennis drives Michelle. Mark drives Richard. Bob drives Angela. Greg drives Marie. Louis drives Vincent. George drives Jerry. Aaron drives Wanda. Leo drives Johnny. Andrew drives Logan. Frank drives Martin. Robert drives Stan. Thomas drives Jordan. Joseph drives Peggy. Keith drives Joan. Julia drives Victor. Mary drives Vanessa. Bob drives,3,Angela
Jordan calls Michelle. Lauren calls Louis. Daniel calls Logan. Eric calls Nicholas. Amy calls Melissa. Luke calls Kara. Kevin calls Tyler. Marie calls Wanda. Carl calls Olga. Jean calls Peggy. Aaron calls Albert. Justin calls Joseph. Nick calls Joy. Arthur calls Isaac. Susan calls Amber. Edward calls Ruby. Daniel calls,3,Logan
Bill urges Wanda. Thomas urges Renee. Jason urges Ronald. Rick urges Melanie. Jenny urges Isaac. Austin urges Leon. Katie urges Teresa. Jane urges Andrea. Jeff urges Martin. Donna urges Kyle. Mary urges Leo. Claire urges Sally. Hannah urges Victor. Alex urges Maggie. Julia urges Patrick. Kathy urges Lauren. Jason urges,3,Ronald
Maria joins Vanessa. Rose joins Troy. Margaret joins Adrian. Steven joins Martha. Rad joins Kay. Eric joins Jill. Justin joins Ronald. Grace joins Jordan. Linda joins Marc. Melissa joins Renee. Jane joins Sally. Michael joins Judy. Adam joins Rita. Bill joins Patrick. Kurt joins Logan. Jenny joins Margaret. Margaret joins,3,Adrian
Harry challenges Sheila. Kate challenges Leon. Lauren challenges Kathy. Faith challenges Jerry. Melissa challenges Melissa. Lucy challenges Juan. Will challenges Leah. Greg challenges Violet. Joy challenges Martin. Mary challenges William. Jean challenges Natalie. Ken challenges Victoria. John challenges Jill. Anne challenges Sylvia. Kim challenges Stephen. Thomas challenges Norman. Lauren challenges,3,Kathy
Ben approves Martha. Carol approves Ronald. Emma approves Terry. Jane approves Kim. Kay approves Neil. Louis approves Isaac. Robert approves Renee. Keith approves Janet. Joe approves Stephen. Josh approves Noah. Dennis approves Adrian. Maggie approves Pamela. Ken approves April. Kathy approves Liz. Jeff approves Isabel. Nick approves Alison. Emma approves,3,Terry
Joy prohibits Melissa. Greg prohibits Jill. Kathy prohibits Pamela. Mary prohibits Roy. Kelly prohibits Liz. Edward prohibits Julian. Steve prohibits Rebecca. Frank prohibits Roger. Max prohibits Andrea. Johnny prohibits Noah. Adam prohibits Alicia. Rose prohibits Natalie. George prohibits Angela. Aaron prohibits Joy. Emily prohibits Juan. Ryan prohibits Martha. Kathy prohibits,3,Pamela
Kathy praises June. Marc praises Neil. Laura praises Ted. Jenny praises Violet. Mark praises Jacob. Rick praises Johnny. Adam praises Sharon. Leo praises Nancy. Edward praises Sylvia. Megan praises Jordan. Helen praises Richard. Martin praises Kelly. Kyle praises Jill. Rose praises Shirley. Dean praises Kay. Kim praises Sean. Laura praises,3,Ted
Alex approves Alexa. Tom approves Joan. Marie approves Violet. Thomas approves Kara. Keith approves Nicholas. Dennis approves Rachel. Adam approves Sheila. Brian approves Louis. Mike approves Lauren. Will approves Wayne. Lauren approves Martha. Diana approves Alicia. Maria approves Valerie. Rose approves Shirley. Austin approves Melanie. Jerry approves Sara. Marie approves,3,Violet
Anne chooses Anthony. Kate chooses Maggie. Martin chooses Kirk. Jane chooses Victoria. Alan chooses Kim. Jenny chooses Martha. Daniel chooses Kay. Grace chooses Sue. Hope chooses Oscar. Keith chooses Leah. Kelly chooses Ronald. Jeff chooses Martin. Emily chooses Noah. Edward chooses Margaret. Joy chooses Isaac. Kathy chooses Ralph. Martin chooses,3,Kirk
Kyle sees Kurt. Blake sees Teresa. Ken sees Roy. Hannah sees Albert. Bob sees Stephen. Mike sees Howard. Megan sees Nicole. Marie sees Kay. Johnny sees Justin. Anne sees Nancy. Juan sees Jerry. Austin sees Kyle. Donna sees Melanie. Jerry sees Richard. Kay sees Leah. Tim sees Vincent. Ken sees,3,Roy
Charles checks Nicole. Ryan checks Sally. Kevin checks Walter. Jason checks Stephanie. Keith checks Shawn. Thomas checks Kara. Linda checks Zach. Justin checks Liam. Melissa checks Keith. Scott checks Wayne. Donna checks Lydia. Margaret checks Joseph. Mike checks Roger. Amy checks Sheila. Josh checks Victoria. Hope checks Teresa. Kevin checks,3,Walter
Daniel reads Terry. Charles reads Stephanie. Aaron reads Natalie. Max reads Nicholas. Jack reads Rebecca. Linda reads Nancy. Mary reads Tyler. Katie reads Zach. Edward reads Vanessa. Rick reads Lori. Craig reads Philip. Robert reads Shirley. Ken reads Monica. Kim reads Rita. Mike reads Stan. Ellen reads Travis. Aaron reads,3,Natalie
Kevin lifts Michelle. Liz lifts Peggy. Pat lifts Noah. Leon lifts Martha. Craig lifts Aiden. Joe lifts Alicia. Eric lifts Marc. John lifts Valerie. Laura lifts Rachel. Jason lifts Joseph. Bill lifts Wayne. Kelly lifts Lauren. Hannah lifts Nancy. Dennis lifts Logan. George lifts Victor. Diana lifts William. Pat lifts,3,Noah
Craig reads Natalie. Grace reads Roger. June reads Ted. Johnny reads Kelly. Ruth reads Ken. Dave reads Margaret. Lauren reads Jenny. Tony reads Judy. Martin reads Shawn. Kathy reads Alicia. Karen reads Alison. Jerry reads Lauren. Will reads Vincent. Gary reads Victoria. Charles reads Shirley. Lily reads Renee. June reads,3,Ted
Peter guards Robin. Rick guards Kirk. Gary guards Aiden. Maria guards Jacob. Joseph guards Wanda. Henry guards Logan. Leon guards Kathy. Dennis guards Ralph. Marie guards Terry. Kurt guards Alexa. Melissa guards Jerry. Eric guards Ken. Jordan guards Albert. Fred guards Leo. Max guards Rebecca. Lily guards Ted. Gary guards,3,Aiden
Tony accompanies Sylvia. Kim accompanies Jean. Lisa accompanies Margaret. George accompanies Ken. Charles accompanies Alison. Mark accompanies Ronald. Gary accompanies Kim. Joseph accompanies Martha. June accompanies Rebecca. Emily accompanies Kathy. Daniel accompanies William. Jerry accompanies Jacob. Helen accompanies Zach. Scott accompanies Nancy. Emma accompanies Roger. Andrew accompanies Travis. Lisa accompanies,3,Margaret
Jeff attacks Leon. Dave attacks Irene. Henry attacks Kirk. Kay attacks Jean. Emily attacks Louis. Matt attacks Peggy. Jack attacks Kim. Johnny attacks Maggie. Tony attacks Amber. Grace attacks Paula. Charles attacks Joy. Anna attacks Pam. Marc attacks Sally. Jane attacks Janet. Pat attacks Leah. Scott attacks Philip. Henry attacks,3,Kirk
Kim challenges Louis. Kyle challenges Kathy. Kevin challenges Nathan. Joy challenges Neil. Louis challenges Phil. Bob challenges Tyler. Brian challenges Kyle. Harry challenges Ken. Josh challenges Ian. Marie challenges Sally. Juan challenges Juan. Karen challenges Violet. David challenges Shawn. Margaret challenges Michael. Gary challenges Olga. Nick challenges Janet. Kevin challenges,3,Nathan
Adam sends Monica. Ben sends Kurt. Frank sends Ruby. Jenny sends Paula. Andrew sends Marc. Daniel sends Shirley. George sends Isaac. Katie sends Norman. Mary sends Amelia. Marie sends Sylvia. Kim sends Alicia. Matt sends Leah. Maggie sends Marie. Johnny sends Sue. Josh sends Michelle. Tom sends Margaret. Frank sends,3,Ruby
Carol scores Amber. Rad scores Kelly. Tim scores Monica. Leo scores Ron. Dean scores Leo. Linda scores Kirk. Pat scores Richard. Arthur scores Sylvia. Michael scores Sharon. Claire scores Jill. Marc scores Peggy. Rick scores Melanie. Mary scores Shirley. Katie scores Judy. Henry scores Ted. George scores Marie. Tim scores,3,Monica
Keith fights Victoria. Laura fights Lori. Kathy fights Shawn. Jacob fights Andrea. Jordan fights Alexa. Josh fights Vincent. Arthur fights Sharon. Hannah fights Sara. Linda fights Ronald. Ken fights Russell. Juan fights Pamela. Steven fights Logan. Karen fights Oscar. Dave fights Sally. Carl fights Roger. George fights Neil. Kathy fights,3,Shawn
Faith supports Rob. Alice supports Ray. Bill supports Todd. Thomas supports Vincent. Jerry supports Monica. Ben supports Adrian. Jenny supports June. Helen supports Ian. Rad supports Logan. Linda supports Lydia. Claire supports Richard. Luke supports Tracy. David supports Joan. Juan supports Rachel. Tim supports Peggy. Jack supports Sheila. Bill supports,3,Todd
Lucy praises Violet. Eric praises Monica. Edward praises Terry. Ellen praises Zach. Michael praises Vincent. Diana praises Liam. Carol praises Lydia. Joe praises Ian. Liz praises Logan. Jacob praises Stephen. Jason praises Ron. Linda praises Jerry. John praises Roy. Carl praises Sandra. Jake praises Janet. Faith praises Aiden. Edward praises,3,Terry
Sarah advises Irene. Diana advises Kara. Kim advises Leo. Susan advises Rebecca. Daniel advises Natalie. Juan advises Liz. Michael advises Alison. Austin advises Lauren. Harry advises Nicholas. Jordan advises Lydia. Jerry advises Tracy. Faith advises Keith. Charles advises Sylvia. Thomas advises Robin. Emma advises Jenny. Claire advises Kathy. Kim advises,3,Leo
Margaret guards April. Thomas guards Sue. Tim guards Roy. Aaron guards Leon. Jeff guards Russell. Robert guards Jordan. Amy guards Justin. Jerry guards Liz. Craig guards Alison. Grace guards Sean. Greg guards Anthony. Donna guards Kurt. Alice guards Kyle. Julia guards Wanda. Tom guards Leo. Megan guards Kelly. Aaron guards,4,Leon
Nick consoles Nancy. Paul consoles Joseph. Kay consoles Leon. Lauren consoles Jacob. Arthur consoles Roger. David consoles Louis. Margaret consoles Victoria. Grace consoles Michelle. Jill consoles Stan. Rad consoles Todd. Eric consoles Natalie. Hannah consoles Ruby. Jenny consoles Marc. Justin consoles Joy. Melissa consoles Vanessa. Maria consoles Amber. Lauren consoles,4,Jacob
Bob adopts Martin. Tim adopts Shirley. Craig adopts Kara. Daniel adopts Sean. Tony adopts Ted. Jordan adopts Rachel. Linda adopts Roy. James adopts Melanie. Paul adopts Amber. Thomas adopts Sally. Jeff adopts Marie. Mark adopts Tyler. Steven adopts Irene. Harry adopts Noah. Joseph adopts Andrea. Emma adopts Isaac. Daniel adopts,4,Sean
Brian holds Pamela. Johnny holds Michael. John holds Howard. Tim holds Ray. Jane holds Stephen. Anne holds Kelly. Faith holds Keith. Mike holds Ron. Gary holds William. Karen holds Janet. Maria holds Melissa. Mark holds Melanie. Leo holds Sylvia. Joy holds Irene. Megan holds Jill. Ruth holds April. Tim holds,4,Ray
Julia moves Phil. Marc moves Leon. Ruth moves Stan. Howard moves Jill. Diana moves Ray. Eric moves Alexa. Thomas moves Roger. Leo moves Michelle. Jason moves Rob. Anne moves Amber. Margaret moves Melanie. Edward moves Norman. Lucy moves Tyler. Greg moves Tracy. Jill moves Lydia. Matt moves Zach. Howard moves,4,Jill
Hannah comforts Isaac. Tim comforts Kim. Charles comforts Nancy. Jane comforts Sylvia. Maggie comforts Rob. Pat comforts Alexa. Jack comforts Walter. Jenny comforts Tracy. Carol comforts April. Ben comforts Ian. Juan comforts William. Bill comforts Michael. Claire comforts Richard. Arthur comforts Zach. Carl comforts Liz. Tony comforts Angela. Jane comforts,4,Sylvia
Kurt teaches Kyle. Tim teaches Ruby. Bob teaches Rachel. Michael teaches Kelly. Gary teaches Ron. Tony teaches Olga. Joe teaches Vincent. Will teaches Rita. Ian teaches April. Jerry teaches Michael. Dean teaches Terry. Pat teaches Ronald. Lisa teaches Maggie. John teaches Stephanie. Susan teaches Joan. Robert teaches Ken. Michael teaches,4,Kelly
Keith builds Judy. Lucy builds Michelle. Kate builds Howard. Carl builds Kathy. Ellen builds Ken. Ruth builds Victoria. Henry builds Marie. Susan builds Lydia. Kurt builds Sally. Greg builds Michael. Edward builds Ruby. David builds Violet. Will builds Leo. Hope builds Andrea. Claire builds Stephen. Marc builds Pamela. Carl builds,4,Kathy
Juan texts Joseph. Andrew texts Richard. Jenny texts Rob. Robert texts Stan. Bob texts Liam. Greg texts Ray. Melissa texts Nicole. Lily texts Amelia. Mary texts Jacob. Adam texts Kurt. Jake texts Ted. Dave texts Violet. Tony texts Leon. Johnny texts Stephen. Kevin texts Louis. Helen texts Pamela. Robert texts,4,Stan
Peter seeks Melissa. June seeks Norman. Karen seeks Todd. Jean seeks Isabel. Aaron seeks Troy. Adam seeks Victoria. Gary seeks Michael. Mary seeks Tyler. Laura seeks Albert. Kevin seeks Maggie. Kurt seeks Philip. Daniel seeks Shawn. Ruth seeks Liz. Diana seeks Pamela. Jacob seeks Walter. Greg seeks Shirley. Jean seeks,4,Isabel
Lauren accompanies Robin. Leon accompanies Liam. Mike accompanies Troy. Blake accompanies Vanessa. Pat accompanies Stephen. Greg accompanies Alexa. Nick accompanies Olga. Megan accompanies Pam. Grace accompanies Peggy. Faith accompanies Walter. Linda accompanies Monica. Sam accompanies Andrea. Rad accompanies Stan. Jill accompanies Isaac. Donna accompanies Ralph. Lily accompanies Leah. Blake accompanies,4,Vanessa
Marc leaves Leo. Lauren leaves Vincent. Arthur leaves Nicole. Linda leaves Leon. Luke leaves Olga. Jerry leaves Kathy. Joseph leaves Amber. Kathy leaves Russell. Jean leaves Melanie. Dennis leaves Logan. Susan leaves Lauren. Kurt leaves Justin. Frank leaves Leah. Kevin leaves Rob. Rose leaves Joan. Melissa leaves Jill. Linda leaves,4,Leon
George explains Ken. Joseph explains Jenny. Edward explains Monica. Rad explains Rachel. Mike explains Liz. Louis explains Pam. Karen explains Marc. Leon explains Michelle. Katie explains Janet. Melissa explains Kelly. James explains Martha. Lauren explains Justin. John explains Nicole. Kay explains Amber. Josh explains Joan. Ian explains Sheila. Rad explains,4,Rachel
Rose closes Sara. Kevin closes Isaac. Jack closes Rebecca. Anne closes Leah. Tom closes Kyle. Faith closes Melanie. Brian closes Stan. Robert closes Margaret. Susan closes Joan. Alice closes Aiden. Mike closes Adrian. Jeff closes Pamela. Ellen closes Liz. Liz closes Jill. Julia closes Kara. Austin closes Roy. Anne closes,4,Leah
Julia brings Melanie. Ruth brings Judy. George brings Marc. Greg brings Jill. Steven brings Walter. Kim brings Janet. Leon brings Howard. Jean brings Ralph. Mary brings Joseph. Robert brings Amelia. Melissa brings Johnny. Bill brings Ruby. Steve brings Jean. Anna brings Kara. Austin brings Leon. Frank brings Sandra. Greg brings,4,Jill
Will brings Albert. Susan brings Stan. Tony brings Valerie. Hope brings Roger. Melissa brings Nancy. Juan brings Aiden. Brian brings Ted. Chris brings Phil. Kurt brings Joy. Howard brings Sandra. David brings Stephanie. Henry brings Marie. Kelly brings Jerry. Ellen brings Andrea. Lisa brings Alicia. Lily brings Tyler. Hope brings,4,Roger
Kurt feeds Julian. Ken feeds Judy. Daniel feeds Richard. Sarah feeds Leo. Ryan feeds Joseph. Tom feeds Ronald. Jacob feeds Johnny. Will feeds Joan. Lisa feeds Jacob. Kevin feeds June. Jake feeds Maggie. Joe feeds Olga. Aaron feeds Russell. Marie feeds Louis. Julia feeds Ray. Dennis feeds Keith. Sarah feeds,4,Leo
Greg insists Oscar. Craig insists Nancy. David insists Nicholas. Joy insists Vincent. Chris insists Olga. Donna insists Rita. Emily insists Kirk. Diana insists Jordan. Jill insists Andrea. Katie insists Judy. Dean insists Leo. Kate insists Leon. Lisa insists Patrick. Ken insists Todd. Hannah insists Ron. Edward insists Sheila. Joy insists,4,Vincent
Megan rewards Natalie. Laura rewards Jean. John rewards Neil. Fred rewards Jerry. Kathy rewards Sara. Pat rewards Zach. Robert rewards Sandra. Sarah rewards Kay. David rewards Johnny. George rewards Janet. Amy rewards Roger. Brian rewards Ron. Jacob rewards Richard. Harry rewards Paula. Rose rewards Robin. Kay rewards Anthony. Fred rewards,4,Jerry
Mike hides Stephen. Jill hides Tracy. Hope hides Kay. Steve hides Isabel. Harry hides Norman. Carol hides Sean. Jordan hides Martha. Henry hides Kathy. Lily hides Marie. Paul hides Alicia. Susan hides June. Rad hides Melanie. Scott hides Juan. Louis hides Ken. Alan hides Leo. Leo hides Jordan. Steve hides,4,Isabel
Karen drives Zach. Kathy drives Roger. Lisa drives Kara. Lauren drives Nicholas. Maggie drives Aiden. Grace drives William. Justin drives Philip. Alan drives Angela. Kay drives Leah. Anna drives Irene. Diana drives Jerry. Ian drives Peggy. Anne drives Stephanie. Howard drives Andrea. Juan drives Isabel. Craig drives Nicole. Lauren drives,4,Nicholas
Leo avoids Travis. Frank avoids Wayne. Alan avoids Alexa. Julia avoids Leon. Eric avoids Walter. Joy avoids Kay. Jason avoids Alison. Maggie avoids Kirk. Jeff avoids Alicia. Marie avoids Liam. Chris avoids Neil. Henry avoids Noah. Jenny avoids Andrea. Linda avoids April. Arthur avoids Richard. Aaron avoids Sean. Julia avoids,4,Leon
Lily boosts Amelia. Leo boosts Kay. Jeff boosts Norman. Melissa boosts Patrick. Charles boosts Leah. Rad boosts Isabel. Mary boosts Ashley. Thomas boosts Melissa. Anna boosts Troy. Max boosts Jean. Ellen boosts Sylvia. Carl boosts Lauren. Adam boosts Sheila. Diana boosts Joy. Aaron boosts Liz. Margaret boosts Jill. Melissa boosts,4,Patrick
Alice fixes Olga. Kate fixes Jenny. Grace fixes Melanie. Andrew fixes Kara. Bob fixes Joseph. Fred fixes Norman. Martin fixes William. Carl fixes Pamela. Susan fixes Sara. Alan fixes Noah. Margaret fixes Isabel. Amy fixes Rob. Howard fixes Jean. Faith fixes Martha. Daniel fixes Kay. Marie fixes Tyler. Andrew fixes,4,Kara
Nick approaches Nancy. Harry approaches Michelle. Julia approaches Ian. Kay approaches Louis. Tom approaches Joy. Will approaches Kelly. Lauren approaches Kay. Robert approaches Rob. Laura approaches Pam. Arthur approaches Joan. Jordan approaches Russell. Sarah approaches Stephen. Austin approaches Lori. Carol approaches Peggy. Rose approaches Jenny. Anne approaches Joseph. Kay approaches,4,Louis
Joe misses Amelia. James misses Walter. Justin misses Ron. Joseph misses Stephanie. Maria misses Isaac. Henry misses Philip. Daniel misses Sandra. June misses Sylvia. Grace misses Lori. Jake misses Kay. Bill misses Kara. Rose misses William. Marie misses Jerry. Blake misses Victor. Lily misses Joan. Hope misses Victoria. Joseph misses,4,Stephanie
Jane visits Janet. Laura visits Todd. Luke visits Kelly. Martin visits Jordan. Jack visits Walter. Mary visits Leah. Andrew visits Kurt. Alan visits Robin. Justin visits Stephanie. Bob visits Nancy. Sam visits Phil. Carol visits Jean. Jake visits Ken. Emily visits Liz. Grace visits Patrick. Blake visits Lori. Martin visits,4,Jordan
Howard trains Kyle. Kevin trains Joy. Melissa trains Justin. Dave trains Ian. Megan trains Janet. Jake trains Margaret. Greg trains Stephanie. Carl trains Leah. Jacob trains Valerie. Scott trains Johnny. Leon trains Renee. Luke trains Kurt. Harry trains Jean. Daniel trains Jerry. Henry trains William. June trains Kim. Dave trains,4,Ian
Ellen welcomes Victor. Thomas welcomes Wayne. Kathy welcomes Albert. Sarah welcomes Anthony. John welcomes Alexa. Bob welcomes Valerie. James welcomes Rebecca. Louis welcomes Amber. Brian welcomes Janet. Tom welcomes Jenny. Joseph welcomes Martin. Claire welcomes Sally. Kelly welcomes William. Alice welcomes Leah. Kate welcomes Shawn. Alan welcomes Howard. Sarah welcomes,4,Anthony
Daniel prohibits Lauren. Rose prohibits Philip. Mark prohibits Juan. Sam prohibits Noah. Tom prohibits Kirk. Melissa prohibits Todd. Sarah prohibits Nicole. Lauren prohibits Sharon. Alan prohibits June. Gary prohibits Sylvia. Scott prohibits Martha. Louis prohibits Kelly. Anne prohibits Violet. Chris prohibits Rita. Michael prohibits Travis. Fred prohibits Jill. Sam prohibits,4,Noah
Brian writes Tracy. Daniel writes Michelle. Charles writes Troy. Adam writes Andrea. Marc writes Paula. Alice writes Teresa. Bill writes Juan. Carol writes Sharon. Frank writes Peggy. Ruth writes Kim. Kate writes Alison. Leon writes Monica. Nick writes Justin. Harry writes Richard. Gary writes Sylvia. Liz writes Noah. Adam writes,4,Andrea
Liz respects Wanda. Katie respects Jacob. Paul respects Shawn. Eric respects Rebecca. Jordan respects Ronald. Rose respects Alicia. James respects Sandra. Matt respects Louis. Josh respects Stephanie. Dave respects Natalie. Justin respects Johnny. Kay respects Martha. Jacob respects Michelle. Emma respects Walter. June respects Juan. Ian respects Terry. Eric respects,4,Rebecca
Luke attracts Nicole. Alex attracts Marc. Rad attracts Ray. Jill attracts Rita. Jean attracts Sue. Sarah attracts Robin. Joseph attracts Sylvia. Fred attracts Julian. Hope attracts Leon. Ian attracts Keith. Lisa attracts Ashley. Aaron attracts Alicia. Karen attracts Logan. Linda attracts Nancy. Maria attracts Judy. Rose attracts Lauren. Jill attracts,4,Rita
Lily builds Julian. Jenny builds Johnny. Jerry builds Kara. Louis builds Keith. Jacob builds Wanda. Keith builds Sheila. Dennis builds Amelia. James builds Richard. Laura builds Adrian. Anne builds Michelle. Emma builds Vincent. Michael builds Sally. David builds Phil. Joe builds Janet. Ken builds Travis. Dave builds Zach. Louis builds,4,Keith
Anne cheers Terry. Lauren cheers Irene. Tony cheers Rita. Paul cheers Johnny. Sarah cheers Angela. Carol cheers Kathy. Louis cheers Judy. Katie cheers Lauren. Helen cheers Liz. Juan cheers Natalie. Ben cheers Stephanie. Lucy cheers Amelia. Arthur cheers Pamela. Ruth cheers Renee. Martin cheers Anthony. Hannah cheers Albert. Paul cheers,4,Johnny
Ben accepts Juan. Dave accepts Kara. Jill accepts Jerry. Kathy accepts Wayne. Blake accepts Howard. Bill accepts Sandra. Fred accepts Troy. Joseph accepts Kurt. John accepts Jordan. Bob accepts Noah. Arthur accepts Martha. Jane accepts Jenny. Justin accepts Joseph. Frank accepts Norman. Donna accepts Kelly. Mike accepts Isabel. Kathy accepts,4,Wayne
Dave trains Travis. Ruth trains Kay. Tim trains Troy. Gary trains Noah. Adam trains Jordan. Rick trains Oscar. Matt trains Shawn. Lily trains Peggy. Helen trains Wanda. Hope trains Jill. Arthur trains Stan. Leon trains Alexa. Paul trains Terry. Thomas trains Nicole. Jason trains Justin. Dean trains April. Gary trains,4,Noah
Jake brings Kyle. Mark brings Patrick. Leo brings Louis. Jenny brings Logan. Paul brings Liam. Grace brings Tracy. Louis brings Nathan. Diana brings Leah. Sarah brings Travis. Charles brings William. Jacob brings Joy. Maggie brings Vincent. Katie brings Noah. Jason brings Victor. Gary brings Shawn. Kim brings Jerry. Jenny brings,4,Logan
Jean guides Leah. Tom guides Leo. John guides Renee. Thomas guides Pam. Leon guides Shirley. Steve guides Melanie. Scott guides Maggie. Sam guides Peggy. Jason guides Valerie. Maria guides Leon. Austin guides Stephen. Rose guides Sue. Tim guides Lydia. Juan guides Jean. Craig guides Kyle. Carl guides Ted. Thomas guides,4,Pam
Hannah prohibits Julian. Sarah prohibits Joseph. Laura prohibits Ruby. Helen prohibits Andrea. Claire prohibits Nathan. Kathy prohibits Tracy. Joy prohibits Ian. Keith prohibits Jacob. Kyle prohibits Irene. Edward prohibits Michelle. Donna prohibits June. Sam prohibits Sylvia. Lily prohibits Violet. Justin prohibits Nicholas. Arthur prohibits Norman. Leon prohibits Angela. Helen prohibits,4,Andrea
Jenny shares Sandra. Dean shares Liz. Alex shares Ray. Marie shares Pam. Louis shares Ron. Tom shares Marie. Katie shares Leo. Steven shares Maggie. Maria shares Ian. Joe shares Michelle. Frank shares Tyler. Kim shares Rob. Henry shares Amelia. Leon shares Nathan. Ben shares Ronald. Mary shares Teresa. Marie shares,4,Pam
Kyle grabs Olga. Jake grabs Jordan. Faith grabs Rachel. Harry grabs Patrick. Joe grabs Shirley. Lucy grabs Roy. Alan grabs Philip. Alice grabs Lori. Margaret grabs Jill. Liz grabs Vincent. Rad grabs Neil. Craig grabs Renee. Marie grabs Juan. Julia grabs Tracy. Marc grabs Robin. Juan grabs Norman. Harry grabs,4,Patrick
Jack saves Peggy. Helen saves Patrick. David saves Violet. Bob saves Stan. Mark saves Logan. Amy saves June. Jerry saves Pamela. Harry saves Pam. Steve saves Jean. Jason saves Kim. Jenny saves Leo. Faith saves Kyle. Howard saves Ian. Anna saves Tyler. Donna saves Jill. Steven saves Victoria. Bob saves,4,Stan
Maggie leaves Stephen. Alex leaves Melanie. Donna leaves Aiden. Faith leaves Sheila. Peter leaves Judy. Joe leaves Lydia. Craig leaves Kim. Pat leaves Wanda. Josh leaves Ray. Joy leaves Sandra. John leaves Kelly. Daniel leaves Kyle. June leaves Troy. Carol leaves Adrian. Helen leaves Sharon. Michael leaves Monica. Faith leaves,4,Sheila
Katie asks Jacob. Harry asks Roy. Anne asks Kurt. George asks Shawn. Will asks Sandra. Anna asks Michelle. Edward asks Lori. Aaron asks Kara. Rick asks Vanessa. Peter asks Zach. Keith asks Walter. Jenny asks Howard. Ken asks Rachel. Maggie asks Teresa. Lauren asks Rita. Rose asks Joseph. George asks,4,Shawn
Karen boosts Logan. Jenny boosts Norman. Margaret boosts Roy. Carol boosts Sandra. Matt boosts Shirley. Mark boosts Joy. Dean boosts Lydia. Frank boosts Kurt. Diana boosts Leon. Kelly boosts Victor. Thomas boosts Richard. Peter boosts Louis. Ellen boosts Rebecca. Mike boosts Rob. Alice boosts Kay. Donna boosts Peggy. Carol boosts,4,Sandra
Jane changes Walter. Joe changes Sharon. Sarah changes Maggie. Tom changes Ken. Lily changes Andrea. Pat changes Sara. Helen changes Rob. Mary changes Zach. Fred changes Sally. Kevin changes Wanda. Ian changes Neil. Justin changes Victoria. Brian changes Liam. Mike changes Sue. Ruth changes Natalie. Grace changes Lydia. Tom changes,4,Ken
Louis closes Troy. Maria closes Travis. Dave closes Liz. Helen closes Martha. Marc closes Marc. Jacob closes Tyler. Michael closes Johnny. Mary closes Renee. Keith closes Isaac. Ellen closes Natalie. Kim closes Kyle. Leo closes Robin. Karen closes Margaret. Megan closes Kurt. Sarah closes Logan. Adam closes Melanie. Helen closes,4,Martha
Julia saves Victor. George saves Albert. Lauren saves Nicole. Kim saves Zach. Alan saves Michelle. Ellen saves Leon. Amy saves Kirk. Lucy saves Michael. Kate saves Teresa. Susan saves Rob. Gary saves Vincent. Melissa saves Martha. Edward saves Roy. Hannah saves Roger. Kay saves Phil. June saves Ron. Kim saves,4,Zach
Melissa misses Amber. Hannah misses Kirk. Tim misses Stephen. Thomas misses Jenny. Faith misses Amelia. Diana misses Andrea. Tom misses Jerry. Julia misses Terry. Kate misses Rachel. Justin misses Sandra. Alice misses Janet. Frank misses Sharon. Steve misses Maggie. Jill misses Ashley. James misses Joy. Keith misses Pamela. Thomas misses,4,Jenny
Emily pays Ashley. Melissa pays Lydia. Maria pays Kim. Juan pays Phil. Kelly pays Alison. Dennis pays Marc. Kyle pays Jean. Lucy pays Wayne. Rose pays Sean. Katie pays Louis. James pays Maggie. Bill pays Walter. Sam pays Joy. George pays Victor. Ben pays Sylvia. Paul pays Liz. Kelly pays,5,Alison
Edward advises Melissa. Chris advises Nicole. Leon advises Troy. Marie advises Howard. June advises Renee. Ian advises Logan. Ben advises Aiden. Lily advises Martha. Claire advises Travis. Sam advises Norman. Emma advises Olga. Tom advises Nathan. Ellen advises Sandra. Howard advises Rob. Donna advises Victoria. Johnny advises Alicia. June advises,5,Renee
Dennis tells Nicole. Johnny tells Stan. Carl tells Jenny. Blake tells Teresa. Kate tells Melanie. Marie tells Richard. Hannah tells Amber. Grace tells Troy. Greg tells Rob. Marc tells Aiden. Lauren tells Joan. Maria tells Andrea. George tells Kim. Rick tells Kyle. Linda tells Rachel. James tells Joy. Kate tells,5,Melanie
Kate pays Lori. Emma pays Violet. Amy pays Maggie. Rose pays Sandra. Charles pays Joan. Hope pays Aiden. Lily pays Leah. Tom pays Julian. Blake pays Sylvia. Emily pays Michael. Maria pays William. Melissa pays Liam. Kurt pays Joseph. Austin pays Melanie. Sam pays Troy. Ellen pays Michelle. Charles pays,5,Joan
Charles urges Nathan. Joseph urges Martha. Ellen urges Rebecca. Steven urges Shirley. Howard urges Melissa. Lauren urges Martin. Jordan urges Ruby. Dean urges Logan. Blake urges Tracy. Paul urges Jerry. Brian urges Stan. Amy urges Alison. Marc urges Rob. Ken urges Ted. Thomas urges Paula. Kate urges Philip. Howard urges,5,Melissa
Mary writes Stephanie. Karen writes Leah. Kurt writes Melanie. Carl writes Marie. Diana writes Keith. Steven writes Kathy. Henry writes April. Kevin writes Todd. Jordan writes Ken. Jacob writes Anthony. Faith writes Wanda. Megan writes Sharon. Blake writes Renee. Rose writes Ron. Sarah writes Albert. Johnny writes Irene. Diana writes,5,Keith
Maria holds Janet. Keith holds Jenny. George holds Ruby. Kelly holds Walter. Sam holds Stephanie. Alex holds Monica. James holds Marie. Joy holds Angela. Sarah holds Pamela. Louis holds Peggy. Edward holds Shawn. Megan holds Travis. Marc holds Lydia. Jerry holds Olga. Aaron holds Natalie. Carol holds Lori. Sam holds,5,Stephanie
Greg explains Ralph. Paul explains Wanda. Daniel explains Lauren. Henry explains Noah. Emily explains Margaret. Dave explains Joy. Rad explains Julian. Edward explains Isabel. Megan explains Ken. Bob explains Kay. Johnny explains Vanessa. Grace explains Roger. Alan explains Pam. Howard explains Juan. Will explains Johnny. Mary explains Stephen. Emily explains,5,Margaret
Gary claims Peggy. Maggie claims June. Pat claims Vincent. Rad claims Nancy. Kim claims Sharon. Blake claims Tracy. Thomas claims Janet. Helen claims Shirley. David claims Melissa. Nick claims Juan. Jordan claims Terry. Emma claims Marie. Andrew claims Justin. John claims Ruby. Laura claims Marc. Diana claims Ron. Kim claims,5,Sharon
Tony heals Howard. Leo heals Nicole. Mark heals Kathy. Lisa heals Rob. Fred heals Victoria. Kyle heals Anthony. Martin heals Wayne. Eric heals Phil. Jason heals Kim. Carol heals Joan. Rick heals Tyler. Claire heals Noah. Thomas heals Stan. Jeff heals Nancy. Jean heals Liz. Linda heals Justin. Fred heals,5,Victoria
Lucy awards Sara. Eric awards Victor. Bill awards Michelle. Jason awards Joan. Susan awards Alison. Katie awards Vanessa. Harry awards Natalie. Aaron awards Paula. Jane awards Liz. Lisa awards Kirk. Robert awards Amelia. Austin awards Andrea. Laura awards Isaac. Kevin awards Sylvia. Dave awards Ralph. Bob awards Ashley. Susan awards,5,Alison
Greg delivers Richard. Alex delivers Jill. Jacob delivers Tracy. Max delivers Lauren. Fred delivers Isabel. Louis delivers Russell. Julia delivers Noah. Maria delivers Lori. Alice delivers Ted. Ben delivers Phil. Maggie delivers Ruby. Margaret delivers Lydia. Tom delivers Wanda. Joe delivers Michael. Leon delivers Adrian. James delivers Melanie. Fred delivers,5,Isabel
Kim thanks Noah. Jordan thanks Sean. Robert thanks Maggie. Thomas thanks Neil. Jerry thanks Rachel. Kevin thanks Ronald. Ian thanks Sue. Helen thanks Kara. Marie thanks Martha. Pat thanks Nicole. Steven thanks Patrick. James thanks Nicholas. Jenny thanks Jenny. Alice thanks Justin. Laura thanks Leo. Kelly thanks Melanie. Jerry thanks,5,Rachel
Jason catches Russell. Tim catches Zach. Hannah catches Valerie. Bob catches Noah. Aaron catches Isaac. Jake catches Liz. George catches Jerry. Donna catches Ralph. Jenny catches Logan. Luke catches Todd. Jacob catches Melissa. Susan catches Monica. Anne catches Rachel. Melissa catches Vanessa. Claire catches Anthony. Ellen catches Wayne. Aaron catches,5,Isaac
Alice parks Olga. Liz parks Tyler. Brian parks Kelly. Rose parks Joy. Craig parks Isaac. Amy parks Keith. Blake parks Violet. Mary parks Rob. Maria parks Kurt. Dave parks Melissa. Mark parks Sara. Susan parks Roy. Chris parks Pam. Adam parks Justin. Edward parks Terry. Leo parks Robin. Craig parks,5,Isaac
James texts June. Blake texts Juan. Karen texts Rita. Arthur texts Anthony. Pat texts Pam. Kelly texts Oscar. Juan texts Travis. Alice texts Wanda. Luke texts Noah. Craig texts Sally. Jerry texts Phil. Nick texts Sean. Lisa texts Jill. Emily texts Roy. Justin texts Russell. Margaret texts Stephanie. Pat texts,5,Pam
Dave changes Amber. Gary changes Richard. Jason changes Stephen. Dennis changes Lauren. Lauren changes Sylvia. Laura changes Ralph. Kurt changes Nicole. Jacob changes Jacob. Kelly changes Jerry. Greg changes Sue. Eric changes Kurt. Jeff changes Rachel. Frank changes Anthony. Joy changes Marc. Hope changes April. Jerry changes Juan. Lauren changes,5,Sylvia
Karen supports Lydia. Ellen supports Stephanie. Anna supports Tyler. June supports Sylvia. Juan supports Vanessa. Marie supports Nathan. Mike supports Olga. George supports Nicole. Donna supports Peggy. Mary supports Pam. Tim supports Albert. Megan supports Martha. Alex supports Julian. Jake supports Leo. Tony supports Sean. Aaron supports Neil. Juan supports,5,Vanessa
Tony challenges Shirley. Steven challenges Stephanie. Rad challenges Liz. Melissa challenges Patrick. Jake challenges Juan. Lily challenges Sean. Ruth challenges April. John challenges Kirk. Louis challenges Angela. June challenges Pam. Emma challenges Neil. Jill challenges Martin. Jane challenges Natalie. Jacob challenges Alicia. Jerry challenges Logan. Claire challenges Margaret. Jake challenges,5,Juan
Mark accepts Kirk. Jordan accepts Marie. Joe accepts Janet. Mary accepts Keith. Josh accepts Ruby. Laura accepts Ronald. Sam accepts Patrick. Andrew accepts Stephen. Blake accepts Rita. David accepts Sally. Diana accepts Roy. Thomas accepts Pamela. Jill accepts Martha. Gary accepts Ron. Dave accepts Jean. Rad accepts Leon. Josh accepts,5,Ruby
Thomas wants Johnny. Steven wants April. Ellen wants Peggy. Ken wants Martin. Steve wants Jean. Megan wants Leon. Howard wants Nathan. Grace wants Sean. Amy wants Rob. Anna wants Terry. Johnny wants Zach. Justin wants Amelia. Luke wants Travis. Joseph wants Kim. Joy wants Michelle. Alan wants Lori. Steve wants,5,Jean
Jane assists Wanda. Thomas assists Richard. Kathy assists Victoria. Anne assists Roy. Justin assists Patrick. Tony assists Lori. Jean assists Rachel. Eric assists Stan. Rose assists Andrea. John assists Howard. Jacob assists Jerry. Joseph assists Paula. Johnny assists Ruby. Will assists Violet. Jake assists Melissa. Grace assists Liam. Justin assists,5,Patrick
Kelly inspires Rob. Lisa inspires Nicholas. Jason inspires Ronald. Faith inspires Amber. Sarah inspires Natalie. Steven inspires Rita. Amy inspires Jerry. Scott inspires Nathan. Jacob inspires Ralph. Robert inspires Albert. Dean inspires Shawn. Will inspires Jordan. Ryan inspires Irene. Justin inspires Judy. Emma inspires Stephen. Kurt inspires Sylvia. Sarah inspires,5,Natalie
Steve challenges Rob. Kate challenges Violet. Josh challenges Ronald. Sarah challenges Rita. Justin challenges Logan. Steven challenges Pamela. Jason challenges Victor. Anne challenges Judy. Margaret challenges Ted. Jack challenges Keith. Julia challenges Maggie. Susan challenges Norman. Bob challenges Wayne. James challenges Stephanie. Liz challenges Louis. Kelly challenges Lydia. Justin challenges,5,Logan
Alice needs Walter. Mike needs Ted. George needs Roy. Charles needs Angela. Joe needs Zach. Gary needs Paula. Brian needs Kurt. Rose needs Renee. Matt needs Sara. Jacob needs Teresa. Kim needs Ian. Daniel needs Pam. Peter needs Martin. Karen needs Michael. Arthur needs Monica. David needs Travis. Joe needs,5,Zach
Johnny challenges Irene. Liz challenges Lauren. Ellen challenges Andrea. Anna challenges Michelle. Edward challenges Justin. Ian challenges Shirley. Bill challenges Jean. Laura challenges Kara. Emily challenges Anthony. Alex challenges William. Tim challenges Julian. Claire challenges Sally. Joy challenges Stephen. Ken challenges Amber. Matt challenges Marc. Martin challenges Travis. Edward challenges,5,Justin
Louis tells Margaret. Dennis tells Sean. Austin tells Travis. Daniel tells Walter. Kelly tells Valerie. Jacob tells Sylvia. Kim tells William. Andrew tells Olga. Alice tells Ray. Linda tells Natalie. Diana tells Justin. Dean tells Norman. Jake tells Lydia. Charles tells Sheila. Nick tells Martin. Claire tells Victor. Kelly tells,5,Valerie
Thomas shares Leon. Jack shares Ken. David shares Julian. Leon shares Leah. Chris shares Louis. James shares Rita. Rick shares Wanda. Kyle shares Jerry. June shares Amber. Mary shares Margaret. Ruth shares Sally. Anne shares Philip. Kay shares Alexa. Rose shares Kirk. Alice shares Vincent. Dean shares Ted. Chris shares,5,Louis
Ken writes Oscar. Linda writes Melissa. Matt writes Ted. Carl writes Johnny. Mary writes Marc. Justin writes Violet. Leon writes Ralph. Tom writes Victor. Kurt writes Andrea. Ruth writes Ken. Jason writes Pamela. Sam writes Jill. Steve writes Leon. Dennis writes Jerry. Adam writes Victoria. Karen writes Phil. Mary writes,5,Marc
Louis allows Renee. Ellen allows Isabel. Joseph allows Martha. Ian allows Ronald. Anna allows Maggie. Michael allows Ashley. Kathy allows Zach. Diana allows Kirk. Megan allows Jill. Marie allows Kathy. Sam allows Johnny. Rad allows Amelia. Craig allows Martin. Pat allows Judy. Tony allows Richard. Edward allows Jacob. Anna allows,5,Maggie
Tim closes Vanessa. Helen closes Terry. Kathy closes Liz. Jacob closes Alexa. Anna closes Victoria. Katie closes Oscar. Kyle closes Johnny. Kate closes Joan. Jerry closes Logan. Mike closes Andrea. Daniel closes Jacob. Austin closes Noah. Brian closes Joseph. Bob closes Zach. Grace closes Wayne. Justin closes Albert. Anna closes,5,Victoria
Jerry visits Jill. Kurt visits Neil. Craig visits Angela. Julia visits Janet. Will visits Ronald. Lisa visits Leo. Lauren visits Jenny. Justin visits Joy. Kay visits Alexa. Matt visits Lauren. Liz visits Aiden. Hope visits Judy. Katie visits Stan. Karen visits Kara. Kyle visits Howard. Howard visits Monica. Will visits,5,Ronald
Daniel boosts Sally. Hannah boosts Isaac. Robert boosts Nancy. Emily boosts Aiden. Helen boosts Leah. Maria boosts Noah. Margaret boosts Liz. Ken boosts Irene. Keith boosts Oscar. Jeff boosts Ashley. Jacob boosts Alexa. Kay boosts June. Emma boosts Marie. Fred boosts Lori. Lily boosts Albert. Juan boosts Sean. Helen boosts,5,Leah
Leon captures Todd. Steven captures Kara. Ruth captures Oscar. Laura captures Judy. Howard captures Rachel. Alex captures Joy. Keith captures Joseph. Ryan captures Sean. Faith captures Ian. Marie captures Jacob. Jordan captures Michelle. Alice captures Kirk. Hope captures Natalie. Kelly captures Troy. Luke captures Vincent. Chris captures Ronald. Howard captures,5,Rachel
Marc cares Phil. Greg cares Vincent. Nick cares Johnny. Leon cares Valerie. Julia cares Renee. Louis cares Kurt. Dave cares Rob. Claire cares Stephanie. Anna cares Richard. Daniel cares Rita. Steven cares Todd. Kim cares Noah. David cares Angela. Robert cares Lori. Luke cares Ronald. Amy cares Paula. Julia cares,5,Renee
Susan cooks Kelly. Kurt cooks Jean. Kathy cooks Albert. Diana cooks Ruby. Hannah cooks Rachel. Adam cooks Johnny. Jack cooks Lauren. Katie cooks June. Paul cooks Lori. Grace cooks Anthony. Jean cooks Liam. Dean cooks Zach. Ian cooks Natalie. Max cooks Joan. Anne cooks Sally. Craig cooks Neil. Hannah cooks,5,Rachel
Daniel comforts Michelle. Will comforts Aiden. Andrew comforts Melissa. Frank comforts Nicole. Ian comforts Adrian. Charles comforts Ron. Jack comforts Alison. Susan comforts Sean. Kevin comforts Sara. Jill comforts Joan. Max comforts Kelly. Maggie comforts Ray. Joe comforts William. Faith comforts Sylvia. Ken comforts Isabel. Martin comforts June. Ian comforts,5,Adrian
Pat wants Sandra. Jill wants Victoria. Hannah wants Valerie. Anne wants Kara. Dennis wants Stephanie. Laura wants Johnny. Rose wants Justin. Steve wants Michael. Max wants Marc. Jason wants Jean. Marc wants Walter. Craig wants Ruby. Ben wants Rebecca. Karen wants June. Joe wants April. Carol wants Alexa. Dennis wants,5,Stephanie
Adam cleans Anthony. Fred cleans Valerie. Tom cleans Kathy. Hannah cleans Alexa. Brian cleans Pam. Ruth cleans Nicole. Ian cleans Margaret. Dennis cleans Oscar. Maria cleans Kay. Liz cleans Marie. Laura cleans Kurt. Kim cleans Russell. Kate cleans Andrea. Nick cleans Rebecca. Jenny cleans Peggy. Tim cleans Alicia. Brian cleans,5,Pam
Rick assists Sean. Harry assists Patrick. Rad assists Jill. Susan assists Philip. Carol assists Lydia. Austin assists Maggie. Margaret assists Liz. Jeff assists Joseph. Linda assists Angela. Bob assists Kyle. Leon assists Terry. Keith assists Rebecca. Johnny assists Julian. Mark assists Tyler. Steve assists Jerry. Tom assists Leo. Carol assists,5,Lydia
Kay pays Justin. Maggie pays Russell. Johnny pays Jill. Karen pays Adrian. Brian pays Teresa. Laura pays Sharon. Luke pays Andrea. Amy pays Rob. Kurt pays Wanda. Hope pays Norman. Gary pays Anthony. Linda pays Natalie. Jeff pays Neil. Justin pays Travis. Max pays Rebecca. Craig pays Judy. Brian pays,5,Teresa
Ryan challenges Violet. Emily challenges Michael. Sarah challenges Vincent. Leon challenges Nathan. Kim challenges Victoria. Edward challenges Richard. Adam challenges Walter. Michael challenges Isabel. Harry challenges Leo. Kate challenges Shirley. June challenges Janet. Scott challenges Albert. Joseph challenges Wanda. Alan challenges Noah. Juan challenges Troy. Chris challenges Kirk. Kim challenges,5,Victoria
Diana cooks Amelia. Megan cooks Ian. Ian cooks Anthony. Kelly cooks Russell. Lauren cooks Adrian. Karen cooks Travis. Gary cooks Alexa. Maria cooks Sue. Alan cooks Phil. Martin cooks Martha. Jordan cooks Joy. Helen cooks Oscar. Leo cooks Ted. Henry cooks Andrea. Emma cooks Liz. Hope cooks Troy. Lauren cooks,5,Adrian
Johnny awards Jill. Jill awards Liz. Henry awards Monica. Kyle awards Lauren. Steve awards Ken. Jenny awards Ralph. George awards Liam. Gary awards Troy. Carol awards Sheila. Ellen awards Maggie. Anna awards Pam. Will awards Vanessa. Rose awards Marie. Robert awards Julian. Austin awards Todd. June awards Martha. Steve awards,5,Ken
Ruth urges Lydia. Austin urges Noah. Anna urges Melissa. Rad urges Ray. Alan urges Angela. Mark urges Richard. Joe urges Liam. Jacob urges Kirk. George urges Sylvia. Arthur urges Jill. Katie urges Stan. Jason urges Nancy. Emily urges Jerry. Mike urges William. Matt urges Margaret. Laura urges Russell. Alan urges,5,Angela
Chris shares Sheila. Melissa shares Jacob. Edward shares Valerie. Maria shares Nicholas. Lily shares Lauren. Kyle shares Victor. Kay shares Jordan. Matt shares Adrian. John shares Oscar. Alan shares Shirley. Thomas shares Angela. Helen shares Wayne. Jane shares Wanda. Lauren shares Norman. Leo shares Renee. Marie shares Stephen. Lily shares,5,Lauren
Jeff warns Sean. Kyle warns Natalie. Jake warns Nicole. Jordan warns Russell. Harry warns Ashley. Justin warns Kim. Jack warns Pamela. Ruth warns Wanda. Charles warns Lydia. Keith warns Ted. John warns Zach. Anne warns Martin. Ryan warns Rob. Donna warns Kathy. Edward warns Irene. Steven warns Ralph. Harry warns,5,Ashley
Emma judges Pamela. Jake judges Liz. Lucy judges Shirley. Leon judges Liam. Edward judges Melanie. Joy judges Maggie. Rick judges Todd. Max judges Nicholas. Andrew judges Alexa. Chris judges Melissa. Keith judges Norman. Dave judges Sara. Josh judges June. Mark judges Angela. Craig judges Sheila. Julia judges Howard. Edward judges,5,Melanie
Kelly adopts Renee. Kurt adopts Liz. Jean adopts Kathy. Justin adopts Juan. Susan adopts Aiden. George adopts Martha. Ryan adopts Shawn. Nick adopts Kay. Matt adopts Johnny. Sarah adopts Nancy. Melissa adopts Jenny. Jake adopts Nicole. Rad adopts Rebecca. Eric adopts Lydia. Mark adopts Troy. Dean adopts Jerry. Susan adopts,5,Aiden
Rad follows Leon. Will follows Leo. Gary follows Sean. Edward follows Jill. Fred follows Rebecca. Hope follows Kay. Max follows Judy. Kelly follows Kurt. Helen follows Tyler. Eric follows Janet. Amy follows Robin. Greg follows Julian. Katie follows Wanda. Jerry follows Philip. Carl follows Michael. June follows Sandra. Fred follows,5,Rebecca
Jeff fights Stephanie. Thomas fights Jill. Julia fights Richard. Karen fights Maggie. Carol fights Tracy. Marc fights Martha. Eric fights Jean. Kate fights Albert. John fights Travis. Steven fights Juan. Frank fights Vincent. Amy fights William. Josh fights Pam. Alan fights Kara. Peter fights Sharon. David fights Adrian. Marc fights,6,Martha
Keith challenges Andrea. Karen challenges Jerry. Megan challenges Alison. June challenges Victor. Grace challenges Vincent. Martin challenges Isabel. Diana challenges Nicole. Jean challenges Patrick. Carol challenges Nancy. Linda challenges Lydia. Scott challenges Irene. Lauren challenges Alexa. Ryan challenges Russell. Marc challenges Troy. John challenges Rita. Jenny challenges Sara. Martin challenges,6,Isabel
Susan helps Justin. Jordan helps Leon. Emma helps Andrea. Rick helps Ronald. Joe helps Martha. Carol helps Wanda. Luke helps Alexa. Anne helps Adrian. Melissa helps Sheila. Kelly helps Janet. Nick helps Marie. Joy helps Joseph. Lisa helps Aiden. Michael helps Melanie. Megan helps Lauren. Jeff helps Vincent. Carol helps,6,Wanda
Tim alerts Kelly. Faith alerts Pam. Grace alerts Teresa. Lily alerts Ronald. Kurt alerts Wanda. Mark alerts Pamela. Max alerts Alison. Steven alerts Stephanie. Emma alerts Ruby. Susan alerts Stan. Matt alerts Wayne. Jake alerts Sara. Ellen alerts Martha. Michael alerts Nicholas. Anna alerts Margaret. Liz alerts Angela. Mark alerts,6,Pamela
Leo boosts Monica. Kyle boosts Wanda. Henry boosts Sean. Justin boosts Joan. Louis boosts Zach. Amy boosts Stan. Tom boosts Natalie. Melissa boosts Aiden. Ellen boosts Pamela. Pat boosts Keith. Ian boosts Tyler. Faith boosts Leo. Luke boosts Marie. Ken boosts Louis. Edward boosts Renee. Scott boosts Andrea. Amy boosts,6,Stan
Anne attacks Liam. Charles attacks Sally. Howard attacks Zach. Rose attacks Sandra. June attacks Ashley. Tony attacks Jill. Emma attacks Nathan. Arthur attacks Wanda. Scott attacks Justin. Dean attacks Joan. Peter attacks Stan. Michael attacks Ron. Jake attacks Nicole. Marie attacks Aiden. Susan attacks Melanie. Hope attacks Andrea. Tony attacks,6,Jill
Paul challenges Richard. John challenges Olga. Eric challenges Aiden. Helen challenges Travis. Alice challenges Nicole. Susan challenges Noah. Mark challenges Sean. Michael challenges Ian. Lily challenges Robin. Louis challenges Teresa. Kim challenges Lydia. Robert challenges Ronald. Jill challenges Kim. Steven challenges Vincent. June challenges Joseph. Carl challenges Nancy. Susan challenges,6,Noah
Michael treats Michelle. Anne treats Kay. Fred treats Ian. Jeff treats Margaret. Sarah treats Martha. Lily treats Lydia. Maggie treats Nicholas. Jordan treats Lori. Carl treats Troy. Dave treats Terry. Blake treats Sue. Tony treats Marie. Marc treats Neil. Joe treats Vincent. Jacob treats Ron. Arthur treats Victor. Lily treats,6,Lydia
Margaret demands Martha. Aaron demands Albert. Dave demands Adrian. Juan demands Ron. Helen demands Amber. Edward demands Ralph. Diana demands Robin. Maria demands Maggie. Emma demands Tracy. Martin demands Kelly. Jordan demands Isabel. Bill demands Angela. Susan demands Nicole. Paul demands Joy. Steve demands Olga. Maggie demands Todd. Edward demands,6,Ralph
Emma bothers Alison. Ryan bothers Pamela. Austin bothers Terry. Lily bothers Violet. Anne bothers Roger. Alan bothers Philip. Will bothers Michelle. Tony bothers Peggy. Thomas bothers Sean. Craig bothers Joseph. Bob bothers Rob. Chris bothers Sara. Marie bothers Sandra. Sarah bothers Richard. Liz bothers Kara. James bothers Noah. Alan bothers,6,Philip
Thomas comforts Norman. Kurt comforts Kurt. Joy comforts Angela. Carol comforts Ken. Diana comforts April. Jerry comforts Louis. Arthur comforts Oscar. Laura comforts Ian. Emma comforts Alicia. Eric comforts Melissa. Rose comforts Wayne. Jason comforts Howard. Frank comforts Logan. Maggie comforts Albert. Marc comforts Russell. Edward comforts Sue. Jerry comforts,6,Louis
June meets Shawn. Joseph meets Travis. Ben meets Oscar. Edward meets Marie. Steve meets Melissa. Kurt meets Joseph. Harry meets Amber. Ryan meets Sheila. Kyle meets April. Jacob meets Sara. Johnny meets Troy. Louis meets Marc. Greg meets Sue. Aaron meets Jill. Ellen meets Joy. Austin meets Anthony. Kurt meets,6,Joseph
Michael knows Margaret. Joseph knows Jill. Thomas knows Valerie. Steve knows Lydia. Ken knows Andrea. Sarah knows Olga. Dennis knows Sue. Ryan knows Vanessa. Mike knows Sharon. Henry knows Julian. Jordan knows Nathan. Kyle knows Tracy. Jeff knows Ruby. Kate knows Walter. John knows Wayne. Ellen knows Alison. Sarah knows,6,Olga
Greg scores Ray. Jerry scores Jacob. Matt scores Nancy. Bill scores Shawn. Dave scores Amber. Edward scores Marc. Aaron scores Troy. Keith scores Teresa. Hope scores Pamela. Craig scores William. Paul scores Joy. Hannah scores Vanessa. Carl scores Jill. Lauren scores Oscar. Emily scores Patrick. Juan scores Irene. Edward scores,6,Marc
Emma backs Tracy. Bob backs Lydia. Rose backs Leon. Juan backs Nathan. Marie backs Kelly. Karen backs Victor. Laura backs Melissa. Johnny backs Nicholas. Julia backs Martin. Eric backs Rachel. David backs Pam. Carl backs Melanie. Alice backs Patrick. Pat backs Peggy. Susan backs Roger. Joseph backs Kim. Karen backs,6,Victor
John demands Janet. Maggie demands Rebecca. Jean demands Phil. Carol demands Liz. Ryan demands Jacob. Faith demands Kara. Tom demands Violet. Jenny demands Russell. Chris demands Oscar. Steve demands Leah. Ellen demands Shirley. Claire demands Ruby. Bill demands April. Kyle demands Alison. Steven demands Neil. Jane demands Alexa. Faith demands,6,Kara
Bill seeks Nathan. Carl seeks Roger. Jane seeks Rob. Kevin seeks Teresa. Scott seeks Howard. Henry seeks Marc. Marie seeks Philip. Mary seeks April. George seeks Michael. Daniel seeks Vanessa. Alan seeks Amber. Ellen seeks Todd. Tim seeks Sheila. Kay seeks Victor. Jenny seeks Logan. Peter seeks Stephanie. Henry seeks,6,Marc
Kurt fights Johnny. Anne fights Sean. Louis fights Lydia. Aaron fights Joy. Charles fights Jerry. Bob fights Ian. John fights Marie. Claire fights Norman. Lily fights Kim. Diana fights Ted. Robert fights Jenny. David fights Michelle. Jerry fights Sue. June fights Vanessa. Kay fights Rita. Marie fights Travis. Bob fights,6,Ian
Charles approves Marie. Brian approves Travis. Lily approves Martha. Rad approves Andrea. Joe approves Rita. Arthur approves Russell. John approves Victor. Josh approves Julian. Susan approves Joan. Keith approves Adrian. Megan approves Jordan. Leo approves Louis. Justin approves Ashley. Marc approves Sara. Alan approves Lydia. Matt approves Sheila. Arthur approves,6,Russell
Jean permits Rob. Ellen permits Walter. Tom permits Roger. Jordan permits Keith. Melissa permits Lauren. Emma permits Ted. Liz permits Roy. Keith permits Valerie. Lauren permits Sara. Mark permits Kelly. Rose permits Isabel. Rick permits Joy. Jeff permits Ronald. Ben permits Zach. Alice permits April. Robert permits Angela. Emma permits,6,Ted
Carl catches Sally. Steve catches Sean. Marc catches Ray. Joseph catches Leon. Justin catches Pamela. Edward catches Lori. Johnny catches Sharon. Kathy catches Amber. Lily catches Angela. Joy catches Ken. Jason catches Kelly. Megan catches Andrea. Alice catches Shawn. Anne catches Alexa. Kim catches Wayne. Lucy catches Melissa. Edward catches,6,Lori
Rick delivers Oscar. Maria delivers April. June delivers Stan. Rad delivers Janet. Lauren delivers Ray. Hannah delivers Peggy. Matt delivers Natalie. Robert delivers Troy. Will delivers Zach. David delivers Sylvia. Bob delivers Marie. Kurt delivers Alicia. Lily delivers Monica. Henry delivers Rachel. Rose delivers Aiden. Lisa delivers Jacob. Hannah delivers,6,Peggy
Alan awards Stephen. Pat awards Kyle. Henry awards Johnny. Jack awards Nancy. Hope awards Renee. John awards Sharon. George awards Joseph. Donna awards Roger. Martin awards Philip. Rose awards Leah. Faith awards Jean. Harry awards Shawn. Ben awards Peggy. Brian awards Howard. Kim awards Andrea. Mike awards Marc. John awards,6,Sharon
Edward shows Neil. Mark shows Stan. Ryan shows Monica. Alex shows Sara. Arthur shows Pam. Peter shows Michael. Brian shows Justin. Thomas shows Albert. Jordan shows Patrick. Claire shows Norman. Maggie shows Johnny. Jenny shows Martin. Marie shows Victoria. Mary shows Paula. Rad shows Ken. Blake shows Andrea. Peter shows,6,Michael
Steve shares Victor. Pat shares Philip. Jack shares Shawn. Laura shares Jordan. Chris shares Kirk. Charles shares Adrian. Austin shares Vanessa. Faith shares Michelle. Margaret shares Norman. Kim shares Albert. Grace shares Ken. Marie shares Zach. Lucy shares Kelly. Sam shares Natalie. Rose shares Troy. Lauren shares Olga. Charles shares,6,Adrian
Ben closes Janet. June closes Lori. Martin closes Logan. Maggie closes Pam. Steven closes Sara. Susan closes Jill. Jack closes Tyler. Lucy closes Peggy. Kathy closes Rita. Howard closes Johnny. Karen closes Ruby. Scott closes Patrick. Keith closes Rob. Amy closes Irene. John closes Joy. Blake closes Kelly. Susan closes,6,Jill
Fred stays Maggie. Maggie stays Stephanie. Bill stays Sheila. Ian stays Ron. Luke stays Violet. Jane stays Ted. Megan stays Keith. Claire stays Nicole. Liz stays Rob. Kay stays Anthony. Dennis stays June. Michael stays Kara. Donna stays Liz. Rose stays Amber. Kelly stays Michael. George stays Sylvia. Jane stays,6,Ted
Steven claims Roger. Dean claims Vanessa. Thomas claims Michelle. Emma claims Sara. Martin claims Robin. Mary claims Teresa. Anna claims Wanda. Kevin claims Travis. Maria claims Noah. Susan claims Keith. Johnny claims Troy. Matt claims Jerry. Ryan claims Monica. Aaron claims Andrea. Jason claims Jill. Kim claims Johnny. Mary claims,6,Teresa
Matt bothers Travis. Susan bothers Wanda. Jacob bothers Leo. Helen bothers Alison. Katie bothers Marie. Steven bothers Russell. Jean bothers Victoria. Michael bothers Stephen. Lily bothers Justin. Ben bothers Valerie. Edward bothers Alexa. Adam bothers Louis. Emma bothers Isaac. Rose bothers Patrick. Juan bothers Logan. Luke bothers Monica. Steven bothers,6,Russell
Leo blocks William. Jason blocks Rebecca. Robert blocks Walter. Will blocks Aiden. Eric blocks Lori. Diana blocks Julian. Daniel blocks Melissa. Adam blocks Joan. Michael blocks Angela. Kim blocks Margaret. Arthur blocks Roger. James blocks Logan. Steve blocks Wayne. Dennis blocks Michelle. Charles blocks Liam. Amy blocks Kelly. Diana blocks,6,Julian
Bob wants Alexa. Chris wants Renee. Charles wants Olga. Ken wants Judy. Faith wants Monica. Susan wants Jerry. Kate wants Kelly. Maria wants Liz. Austin wants Margaret. Jason wants Victor. Dennis wants Ian. George wants Ronald. Thomas wants Louis. Ben wants Noah. Ryan wants Walter. Mike wants Teresa. Susan wants,6,Jerry
Marie blocks Valerie. Diana blocks Justin. Dave blocks Michael. Matt blocks Sara. George blocks Joan. Peter blocks Ashley. Julia blocks Anthony. Maria blocks Neil. David blocks Alexa. Mary blocks Michelle. Craig blocks Violet. Justin blocks Leon. Leo blocks Ray. Joseph blocks Shawn. Rad blocks Stan. Paul blocks Kelly. Peter blocks,6,Ashley
Emily protects Oscar. Ian protects Juan. Emma protects Sally. Joe protects Jerry. Alice protects Wanda. Lucy protects Kelly. Scott protects Jordan. Hope protects June. Arthur protects Michelle. Bill protects Marie. Austin protects Liam. Howard protects Sue. Jane protects Nancy. Ben protects Alicia. Kim protects Keith. Mark protects Melissa. Lucy protects,6,Kelly
Max faces Aiden. Leo faces Nathan. Blake faces Rita. Keith faces Adrian. Eric faces Liz. Jason faces Jerry. Carol faces Stephen. Mike faces Anthony. Arthur faces Keith. Rick faces Margaret. Marc faces Kay. Kate faces Olga. Grace faces Liam. David faces Terry. Joe faces Sally. Helen faces Alexa. Jason faces,6,Jerry
Craig warns Violet. Ben warns Terry. Margaret warns Janet. Joy warns Joan. Dave warns Angela. Ryan warns Monica. Louis warns Nicholas. Leo warns Nathan. Linda warns Margaret. Faith warns Ruby. Susan warns Lori. Claire warns Phil. Johnny warns Alexa. Mark warns Leah. Pat warns Leo. Chris warns Russell. Ryan warns,6,Monica
Jane comforts Nancy. Emma comforts Irene. George comforts Pam. Julia comforts Joan. Tony comforts Natalie. Anne comforts Ian. Jerry comforts June. Diana comforts Michael. James comforts Maggie. Luke comforts Robin. Anna comforts Jean. Joe comforts Paula. Eric comforts April. Lily comforts Todd. Daniel comforts Amelia. Scott comforts Sandra. Anne comforts,6,Ian
Diana stays Ken. Jill stays Joan. Fred stays Stephen. Kelly stays Ian. Marie stays Albert. Jake stays Troy. John stays Amber. Carol stays Pamela. Robert stays Anthony. Ryan stays Sheila. Gary stays Sandra. Luke stays Rob. Eric stays Kathy. Donna stays Martin. Susan stays Olga. David stays Tyler. Jake stays,6,Troy
Adam likes Noah. Carol likes Jean. Anna likes Kara. Linda likes Johnny. Hannah likes William. Dennis likes Jacob. Marc likes Sylvia. Grace likes Rita. Jill likes Liz. Hope likes Roy. Kim likes Ken. Maggie likes Paula. Eric likes Isaac. Faith likes Martha. Kay likes Norman. Luke likes Kurt. Dennis likes,6,Jacob
Bob assists Aiden. David assists Jill. Sam assists Ken. Leon assists Maggie. Juan assists Melissa. Jill assists Stan. Kyle assists Vanessa. Andrew assists Paula. John assists Oscar. Matt assists Sheila. Julia assists Kelly. Jacob assists Kirk. Dennis assists Noah. Anna assists June. Robert assists Shirley. Gary assists Peggy. Jill assists,6,Stan
Jenny fears Howard. Rose fears Nancy. Jill fears Marie. Megan fears Alison. Hannah fears Leon. Gary fears Nicholas. Emma fears Jerry. Robert fears Jill. Bob fears Juan. Eric fears Valerie. Susan fears Leo. Marie fears Norman. Sam fears Pam. Emily fears Julian. Kathy fears Sandra. June fears Logan. Gary fears,6,Nicholas
Bob buys Joan. Tony buys Ronald. Robert buys Alison. Harry buys Peggy. Juan buys Liz. Adam buys Nicole. Kay buys Albert. Nick buys Angela. Martin buys Howard. Ian buys Marc. Lucy buys Pam. Jenny buys Monica. Peter buys Melanie. Sam buys Keith. Hope buys Michelle. Margaret buys Amber. Adam buys,6,Nicole
Steven demands Jordan. Ruth demands Ralph. Jill demands Wanda. Mike demands Shawn. Joe demands Victor. Alan demands Irene. Karen demands Leo. Kim demands Rob. Lucy demands Leon. Laura demands Valerie. June demands Rebecca. Alex demands Judy. Maggie demands Ken. Emma demands Pamela. Jacob demands Robin. Thomas demands Liz. Alan demands,6,Irene
Hope accompanies Sean. Liz accompanies Kurt. Ruth accompanies June. Andrew accompanies Ralph. Kate accompanies Philip. Leon accompanies Justin. Kay accompanies Pam. Luke accompanies Vincent. Jordan accompanies Ray. Josh accompanies Valerie. Juan accompanies Sally. Marc accompanies Isabel. Edward accompanies Renee. Alan accompanies Olga. Jean accompanies Joan. Melissa accompanies Ron. Leon accompanies,6,Justin
Sarah heals Tracy. Kim heals Stephanie. Kelly heals Martin. Jane heals Angela. Maria heals Judy. Tim heals Pam. Jeff heals Ashley. Lily heals Isabel. Robert heals Sheila. Charles heals Sara. Tony heals Nicholas. Eric heals Vanessa. Rick heals Nancy. Matt heals Nathan. Daniel heals Rita. Johnny heals Ronald. Tim heals,6,Pam
Lauren prohibits Ian. Juan prohibits Stan. Mark prohibits Phil. Ian prohibits Rob. Katie prohibits Roy. Gary prohibits Ashley. Edward prohibits Logan. Rick prohibits Richard. Josh prohibits Janet. Susan prohibits Sara. Daniel prohibits Amber. Bill prohibits Jerry. Diana prohibits Lauren. Jeff prohibits Jacob. Austin prohibits Amelia. Robert prohibits Lori. Gary prohibits,6,Ashley
Grace praises Alison. Melissa praises Victor. Jill praises Melanie. Charles praises Louis. Blake praises Olga. Ruth praises Liam. Steven praises Rachel. Karen praises Stephen. Dave praises Michael. Lisa praises Zach. Jenny praises Aiden. Bob praises Sean. Matt praises Melissa. Nick praises Lydia. Andrew praises Violet. Martin praises Shawn. Ruth praises,6,Liam
Ryan draws Valerie. Fred draws Stan. Diana draws Terry. Bob draws Pamela. Joe draws Sean. Lauren draws Philip. Matt draws Wanda. Kyle draws Sara. Austin draws Roy. Tim draws Angela. Juan draws Victor. Kelly draws Jean. Carl draws Ruby. Aaron draws Juan. Andrew draws Jenny. Alex draws Rita. Lauren draws,6,Philip
Johnny brings Lori. Ben brings Kelly. Will brings Neil. Aaron brings Kurt. Brian brings Anthony. Jenny brings Paula. Dave brings Walter. Carl brings Todd. Marie brings Kirk. Marc brings Marie. Steven brings Ken. Martin brings Stan. John brings Rita. Kathy brings Richard. Kurt brings Monica. Kyle brings Howard. Jenny brings,6,Paula
Linda permits Keith. Lily permits Rita. Megan permits Leo. Kay permits Kyle. Kevin permits Monica. Justin permits Zach. Ellen permits Kathy. Michael permits Michelle. Howard permits Natalie. Karen permits Justin. Marc permits Angela. Susan permits Michael. Harry permits Ray. Ken permits Judy. Maggie permits Ian. Anna permits Marie. Justin permits,6,Zach
Kay wants Richard. Martin wants Tyler. Chris wants Nicholas. Kathy wants Joseph. Margaret wants Travis. Carol wants Pam. Jerry wants Sara. Alan wants Jean. Dave wants Walter. Joe wants Maggie. Kevin wants Paula. Faith wants Jordan. Mary wants Vincent. Charles wants Michelle. Tony wants Troy. Pat wants Aiden. Carol wants,6,Pam
Mary cleans Teresa. Hope cleans Troy. Lauren cleans Michelle. Tim cleans Wayne. Max cleans Philip. Matt cleans Leon. Jeff cleans Anthony. Ben cleans Sean. Tony cleans Angela. George cleans Tyler. Harry cleans Rachel. Diana cleans Sylvia. Dean cleans Sharon. Linda cleans Zach. Craig cleans Nicholas. Michael cleans Pam. Jeff cleans,7,Anthony
Katie saves Sean. Joseph saves Leon. Kevin saves Patrick. Anne saves June. Mike saves Terry. Helen saves Nancy. Blake saves Joseph. Lisa saves Marie. Kay saves Isabel. Max saves Rebecca. Pat saves Alicia. Dave saves Shirley. Joy saves Ted. Megan saves Michelle. Julia saves Phil. Martin saves Rita. Blake saves,7,Joseph
Bill takes Irene. Megan takes Roy. Henry takes Kim. Kyle takes Tracy. Blake takes Keith. Alice takes Ashley. Ian takes Marie. Ben takes Amelia. Eric takes Terry. Emma takes Renee. Dean takes Victor. Claire takes Violet. Gary takes Pam. Joy takes Logan. Jerry takes Sheila. Leo takes Rita. Ian takes,7,Marie
Anne shows Liam. Mike shows Nicole. Josh shows Monica. Steven shows Rita. Harry shows Pamela. Adam shows Wayne. Maria shows Justin. Michael shows Ian. Kathy shows Rebecca. Marie shows Albert. Martin shows Wanda. Kurt shows Kurt. Rad shows Angela. Margaret shows Marie. Leon shows Victoria. Will shows Renee. Maria shows,7,Justin
Amy allows Ronald. Nick allows Philip. Eric allows Sheila. Anne allows Judy. Jerry allows Keith. Katie allows Melissa. Kathy allows Lori. Jill allows Irene. Diana allows Kelly. Sam allows Monica. Ellen allows Ian. Leo allows Jerry. Claire allows Ray. Pat allows Pam. Harry allows Leon. Tom allows Nancy. Kathy allows,7,Lori
Emily drives Ronald. Liz drives Leo. Paul drives Stephen. Jack drives Alexa. Jordan drives Martha. Michael drives Isabel. Aaron drives Liam. Leo drives Lydia. Hope drives Leah. Nick drives Kirk. Amy drives Sylvia. Greg drives Phil. Megan drives Victor. Sarah drives Paula. Maria drives Rita. Keith drives Nicole. Aaron drives,7,Liam
Claire saves Angela. Lauren saves Sara. June saves Roy. Tony saves Russell. Laura saves Teresa. Bob saves Liz. Melissa saves Albert. Ben saves Walter. Pat saves Nicole. Howard saves Ken. Frank saves Tyler. Emma saves Lydia. Marie saves Kirk. Hannah saves Rob. John saves Valerie. Andrew saves Rita. Melissa saves,7,Albert
Lucy shares Noah. Keith shares Travis. Marie shares Kara. Alan shares William. Robert shares Sylvia. Kevin shares Sharon. Leo shares Leo. Jean shares Philip. Louis shares Kay. Diana shares June. Claire shares Sheila. Howard shares Kim. Jerry shares Isabel. Frank shares Oscar. Lily shares Juan. David shares Jenny. Leo shares,7,Leo
Emily cares Peggy. Carol cares Tyler. Brian cares Rebecca. Howard cares Rita. Anna cares Sue. Alan cares Janet. Charles cares Melissa. Karen cares Alexa. Paul cares Liam. Dennis cares Justin. Frank cares Stan. David cares Jean. Emma cares Wayne. Steve cares Louis. Arthur cares Adrian. Craig cares Violet. Charles cares,7,Melissa
Sarah catches Rebecca. Bob catches Teresa. Tom catches Ruby. Jeff catches Sylvia. Maggie catches Liz. George catches Shirley. Emma catches Liam. Alan catches Roger. Jerry catches Maggie. Rose catches Richard. Tony catches Sharon. Nick catches Albert. Jane catches Troy. Peter catches Joan. Maria catches Kurt. Helen catches Walter. Emma catches,7,Liam
June demands Victor. Will demands Alexa. Joy demands Sue. Adam demands Jenny. Craig demands Juan. Margaret demands Teresa. Charles demands Shirley. Justin demands Pam. Mary demands Lydia. Sam demands Marie. Bill demands Wanda. Dean demands Valerie. Maria demands Vincent. John demands Kelly. Scott demands Peggy. Robert demands Jacob. Charles demands,7,Shirley
Robert explains Kirk. Julia explains Teresa. Lily explains Marc. Ruth explains Terry. Jerry explains Tyler. Greg explains Amber. Diana explains Ken. Luke explains Marie. Bill explains Paula. Bob explains Richard. Katie explains Lydia. Dave explains Sylvia. James explains Victor. Keith explains Stephanie. Arthur explains Patrick. Jane explains Sheila. Diana explains,7,Ken
Alice texts Rita. Jeff texts Jean. Steve texts Janet. Joy texts Zach. Kim texts William. Bob texts Margaret. Laura texts Leon. Arthur texts Sally. Edward texts Olga. Katie texts Sue. Robert texts Renee. Grace texts Kara. Paul texts Sandra. Adam texts June. Kurt texts Rebecca. Mary texts Louis. Laura texts,7,Leon
Kurt chooses Natalie. Luke chooses Pam. Nick chooses Judy. Michael chooses Walter. Susan chooses Nicole. Ian chooses Kim. Claire chooses Logan. Justin chooses Joy. Keith chooses Pamela. Emma chooses Shirley. Maggie chooses Sharon. Leo chooses Rita. Marc chooses Roger. Kate chooses Stephen. Dean chooses Ralph. Jake chooses Ashley. Claire chooses,7,Logan
Mary avoids Melissa. Josh avoids Todd. Helen avoids Sue. Kate avoids Anthony. Harry avoids Travis. Michael avoids Howard. Ruth avoids Ashley. Megan avoids Lori. Daniel avoids Martin. Carl avoids Richard. Kathy avoids Kay. Emily avoids Judy. Jake avoids Violet. Max avoids April. Jacob avoids Sara. Claire avoids Wanda. Ruth avoids,7,Ashley
Marie sees Rebecca. Will sees William. Ben sees Kyle. Grace sees Vincent. Jake sees Shirley. Greg sees Howard. Chris sees Pam. Kim sees Lauren. Karen sees Jill. James sees Alison. Edward sees Justin. Megan sees Isaac. Jack sees Jenny. Blake sees Nancy. Kurt sees Anthony. David sees Sharon. Chris sees,7,Pam
Ryan avoids Tyler. Keith avoids Violet. Juan avoids Janet. Jean avoids William. Laura avoids Shawn. Mark avoids Sylvia. Rad avoids Ronald. Lauren avoids Natalie. Pat avoids Nancy. Bob avoids Aiden. Gary avoids Kara. Robert avoids Nathan. Jake avoids Sharon. Howard avoids Ruby. Emma avoids April. Steven avoids Alicia. Rad avoids,7,Ronald
Emma guides Ray. Jack guides Kim. Anna guides Joan. Peter guides Renee. Bob guides Jacob. Martin guides Olga. Paul guides Leon. Will guides Wayne. Claire guides Victoria. Greg guides Stephanie. Dennis guides Lydia. Kathy guides Liz. Lauren guides Keith. Megan guides Maggie. George guides Noah. Rick guides Jill. Paul guides,7,Leon
Harry urges Kay. Sam urges Todd. Dennis urges Renee. Howard urges Stephanie. Ryan urges Justin. Karen urges Rob. Hannah urges Rachel. Paul urges Julian. Peter urges Zach. James urges Sandra. Megan urges Aiden. Maggie urges Tracy. Tony urges Michelle. Kyle urges Kyle. Dave urges Robin. Faith urges Kelly. Hannah urges,7,Rachel
Susan offers Richard. Faith offers Sue. Dennis offers Lori. Craig offers Nicholas. Lauren offers Michelle. Kay offers Rita. Kelly offers Valerie. Ruth offers Todd. Jenny offers Melissa. Joy offers Stan. Bob offers Sandra. Joe offers Ruby. Ellen offers Rob. Melissa offers Aiden. Pat offers Travis. Nick offers Juan. Kelly offers,7,Valerie
Rick rewards Sean. David rewards Rachel. Howard rewards Alexa. Kyle rewards Nancy. Melissa rewards Rebecca. Fred rewards Renee. Susan rewards Shawn. Jeff rewards Wayne. Adam rewards William. Alex rewards Albert. Scott rewards Nathan. Paul rewards Irene. Will rewards Ralph. Louis rewards Juan. Maggie rewards Ken. Joe rewards Jacob. Susan rewards,7,Shawn
Dave faces Troy. Maria faces Ron. Jane faces Vanessa. Kate faces Victoria. Jason faces Peggy. Blake faces Stephanie. Adam faces Lydia. Leon faces Isabel. Peter faces Marc. Will faces Valerie. Hope faces Natalie. Kurt faces Sara. Marie faces Jordan. Maggie faces Joy. Bob faces Ruby. Joe faces Nicole. Adam faces,7,Lydia
Frank judges Johnny. Jill judges Shirley. Pat judges Shawn. Mary judges Kurt. Will judges Ralph. Chris judges Leo. George judges Kara. Martin judges Sean. Emily judges Victoria. Amy judges Philip. Ryan judges Neil. Juan judges Joseph. Alex judges Troy. Daniel judges Victor. Claire judges Rachel. James judges Nicholas. George judges,7,Kara
Alice stops Nicholas. Tony stops Isabel. Susan stops Noah. Tom stops Kyle. Amy stops Rita. Emily stops Travis. Faith stops Aiden. Thomas stops Louis. Steven stops Ray. Peter stops Ian. Chris stops Jean. Greg stops Amelia. Edward stops Sally. Tim stops Ronald. Louis stops Alison. Martin stops William. Faith stops,7,Aiden
Edward scores Travis. Austin scores Marie. Susan scores Angela. Hannah scores Stan. Donna scores Rebecca. Paul scores June. Lily scores Judy. Julia scores Rita. Luke scores Shirley. Tony scores Sandra. Louis scores Ashley. Tom scores Wanda. Joe scores Norman. Howard scores Jean. Joy scores Sean. Max scores Oscar. Lily scores,7,Judy
Grace assists Jill. Robert assists Alison. Brian assists Martin. Henry assists Amber. Marie assists Norman. Daniel assists Anthony. Kathy assists Melissa. Anne assists Kurt. Paul assists Louis. Hope assists Ken. Johnny assists Robin. Edward assists Sylvia. Ellen assists Zach. Kurt assists Marie. Justin assists Joan. George assists Roy. Kathy assists,7,Melissa
John joins Liam. Jenny joins Rob. Lisa joins Julian. Steve joins Nathan. Jill joins Isabel. Donna joins Michelle. Michael joins Marc. June joins Alexa. Mark joins Logan. Martin joins Andrea. Frank joins Liz. Joy joins Louis. Jack joins Roger. Joseph joins Leah. Kay joins Norman. Mary joins Lauren. Michael joins,7,Marc
Jill inspires Sheila. Emma inspires Leo. John inspires Jean. Ryan inspires Irene. Linda inspires Albert. Lisa inspires Kelly. Jerry inspires Oscar. Margaret inspires Jerry. George inspires Michelle. Grace inspires Jordan. Bill inspires Olga. Jean inspires Peggy. Sam inspires Paula. Emily inspires Rob. Dennis inspires Norman. Andrew inspires Shawn. Jerry inspires,7,Oscar
Melissa reads Tracy. Kevin reads Judy. James reads Martha. Adam reads Kay. Jake reads Liz. Aaron reads Roy. Claire reads Lauren. Faith reads Julian. Greg reads Isaac. Martin reads Violet. Ian reads Angela. David reads Howard. Maggie reads Janet. Charles reads Amelia. Bob reads Roger. Brian reads Liam. Claire reads,7,Lauren
Will serves Logan. Kim serves Oscar. Bill serves Liam. Katie serves Renee. Faith serves Melanie. James serves Wayne. Scott serves Kathy. Tom serves William. Ellen serves Aiden. Amy serves Jordan. Edward serves Terry. Carol serves Sandra. Steven serves Martha. Julia serves Ken. Mary serves Phil. Sam serves Jenny. Scott serves,7,Kathy
Josh sees Marc. Jack sees Walter. Sam sees Logan. Johnny sees Leo. Howard sees Kara. George sees Michelle. Dennis sees Albert. Juan sees Lori. Jean sees Zach. Adam sees Jerry. Marc sees Jill. Justin sees Jean. Ryan sees Wanda. Leon sees Maggie. Greg sees Vanessa. Mark sees Adrian. Dennis sees,7,Albert
Ben guards Kim. Max guards Sheila. Luke guards Sharon. Anne guards Ron. George guards Martha. Craig guards Ian. Hannah guards Troy. Lauren guards Shirley. Donna guards Valerie. Johnny guards Melissa. Kate guards Alicia. Dennis guards Jacob. Sarah guards Renee. Dave guards Paula. Paul guards Leo. Emily guards Alison. Hannah guards,7,Troy
Ryan prohibits Shawn. Sam prohibits Stephanie. Luke prohibits Julian. Martin prohibits Troy. Pat prohibits Lauren. Brian prohibits Howard. Helen prohibits Isaac. Emma prohibits Noah. Leo prohibits Zach. Joe prohibits Albert. Hope prohibits Jacob. Jason prohibits Ron. Diana prohibits Tracy. Josh prohibits Joy. Kay prohibits Monica. Ruth prohibits Michael. Helen prohibits,7,Isaac
Kurt scores Robin. Alan scores Aiden. Steve scores Sally. Donna scores Marc. Leon scores Shawn. Emma scores Janet. June scores Logan. Scott scores Sheila. Kate scores Anthony. Jordan scores Troy. Andrew scores Adrian. Bob scores Kathy. Rick scores Judy. Edward scores Johnny. Carol scores Howard. Jake scores Norman. June scores,7,Logan
Karen boosts Leo. Dean boosts Rita. Kathy boosts Janet. Andrew boosts Ashley. Emma boosts Irene. Marie boosts Teresa. Jeff boosts Jerry. Ruth boosts Vincent. Katie boosts Ian. Claire boosts Valerie. Julia boosts Phil. Steven boosts Pamela. Joe boosts Monica. Ben boosts Joy. Hope boosts Todd. Alex boosts Kathy. Jeff boosts,7,Jerry
Rose hears Sandra. Arthur hears Julian. Ian hears Vanessa. Diana hears Judy. Marie hears Ray. Sarah hears Melanie. Paul hears Valerie. Bill hears Ashley. Fred hears Sara. Maggie hears Violet. Kurt hears Rob. Sam hears Monica. Luke hears Angela. Blake hears Victoria. Jean hears Maggie. Michael hears Melissa. Paul hears,7,Valerie
Leon guards Tracy. Maria guards Kara. Tom guards Irene. Will guards Amelia. Laura guards Howard. Dean guards Robin. Ellen guards Noah. Peter guards Alison. Mark guards Joseph. Daniel guards Albert. Henry guards Pam. Mary guards Andrea. Kathy guards Valerie. Josh guards Ian. Ryan guards Julian. Megan guards Louis. Ellen guards,7,Noah
Jordan approaches Sylvia. Frank approaches Joseph. Ben approaches Albert. Lauren approaches Maggie. Maria approaches Victoria. Marie approaches Leo. Kevin approaches Louis. Diana approaches Ralph. Faith approaches June. Johnny approaches Rita. Joseph approaches Melissa. Steve approaches Rebecca. Alex approaches Judy. Julia approaches Stephen. Jacob approaches Amelia. Claire approaches Nicholas. Kevin approaches,7,Louis
Faith feeds Sandra. Rose feeds Judy. Ellen feeds Kelly. Rick feeds William. Ian feeds Margaret. Fred feeds Andrea. Kim feeds Michelle. Tim feeds Monica. Paul feeds Stephen. Gary feeds Roger. Laura feeds Violet. Dave feeds Tracy. Dean feeds Kim. Steven feeds Sean. Jake feeds Troy. Max feeds Sue. Kim feeds,7,Michelle
Charles checks Amelia. Helen checks Liam. Kevin checks June. Edward checks Andrea. Thomas checks Melissa. George checks Neil. Chris checks Margaret. Ellen checks Lydia. Hannah checks Ron. Emily checks Stephanie. Jordan checks Joseph. Jenny checks Valerie. Joe checks Rachel. Luke checks Russell. Gary checks Stan. Robert checks Justin. Chris checks,7,Margaret
Keith opens Nicole. Kate opens Ruby. Lucy opens Nicholas. Emma opens Melissa. Dean opens Judy. Katie opens Alicia. Mark opens Leo. Harry opens Wanda. Carol opens Ian. Marie opens Sally. Tony opens Sara. Sarah opens Sean. Sam opens Martha. Claire opens Kay. Helen opens Lori. Steven opens Joseph. Mark opens,7,Leo
Fred feels Nicholas. Marc feels Leo. Helen feels Russell. Daniel feels Philip. John feels Ray. Ian feels Alicia. Jack feels Tyler. Luke feels Marc. Mark feels Liam. Pat feels William. Melissa feels Jenny. Frank feels Aiden. Leon feels Rita. Paul feels Martha. Peter feels Roy. Dennis feels Isaac. Jack feels,7,Tyler
Josh warns Leo. Luke warns Paula. Sarah warns Logan. Amy warns Roy. Justin warns Nathan. Jeff warns Phil. Blake warns Olga. Brian warns Pam. Henry warns Jenny. Susan warns Aiden. Anne warns Victor. Maggie warns Philip. Greg warns Rob. Gary warns Kirk. Dennis warns Lauren. Andrew warns Sharon. Blake warns,7,Olga
Kelly approaches Jacob. Anna approaches Aiden. Anne approaches Leo. Alan approaches Rebecca. Dave approaches Nicole. Robert approaches Lydia. Karen approaches Alexa. Henry approaches Jenny. June approaches Terry. Claire approaches Stephanie. Louis approaches Amber. Rad approaches Ian. Leo approaches June. Donna approaches Joseph. Jenny approaches William. Helen approaches Neil. Karen approaches,7,Alexa
Faith likes Stephen. Jerry likes William. Brian likes Albert. Dennis likes Kara. Thomas likes Sylvia. Alex likes Lydia. Mike likes Terry. Tony likes Rachel. Justin likes Stephanie. Carl likes Kathy. Lily likes Kim. Dave likes Sara. June likes Julian. Austin likes Marc. Jack likes April. Jane likes Logan. Mike likes,7,Terry
Hope fights Logan. Jill fights Rob. Lucy fights Howard. Pat fights Richard. Carl fights Robin. Eric fights Jordan. Steven fights Ronald. Ryan fights Marie. Amy fights Kurt. Jenny fights Neil. Bob fights Kyle. Rick fights Terry. Melissa fights Marc. Tony fights Lori. Josh fights Sheila. Katie fights Stephen. Steven fights,7,Ronald
Daniel sees Leo. Leo sees Lauren. Blake sees Louis. Hannah sees Walter. Jacob sees Stephanie. Gary sees Kurt. Brian sees Robin. Aaron sees Ted. Jordan sees Todd. Jake sees Jordan. Mike sees Roy. Liz sees Judy. Michael sees Ralph. Lisa sees Johnny. Lucy sees Howard. Grace sees Kay. Brian sees,7,Robin
Ian checks Rachel. Jake checks Nathan. Scott checks Monica. Faith checks Justin. Mary checks Jerry. Frank checks Todd. Ben checks Leah. Martin checks Amber. Henry checks Janet. Chris checks Louis. Matt checks Rob. Kevin checks Troy. Grace checks Vincent. James checks Lori. Kyle checks Olga. Amy checks Philip. Ben checks,7,Leah
Scott leads Nicholas. Emma leads Walter. Ben leads Janet. Greg leads Zach. Paul leads Jean. Aaron leads Victor. Lauren leads Irene. Maria leads Howard. Alex leads Todd. Kurt leads Roger. Leo leads Stephen. Max leads Maggie. Tim leads Michelle. Blake leads Rita. Jake leads Renee. Bob leads Ronald. Lauren leads,7,Irene
June inspires Rebecca. Maggie inspires Kay. Keith inspires Ralph. Will inspires Ruby. Megan inspires Isabel. Carol inspires Margaret. Mark inspires Roy. Kurt inspires Troy. Jerry inspires Walter. Gary inspires Leon. Michael inspires Lydia. Faith inspires Sally. Thomas inspires Jean. Grace inspires Noah. Chris inspires Joy. Laura inspires Olga. Mark inspires,7,Roy
Johnny questions Ralph. Juan questions Phil. Louis questions Louis. Margaret questions April. Dave questions Tyler. Ellen questions Liam. Scott questions Monica. James questions Amelia. Ben questions Joseph. Joe questions Pam. Ken questions Keith. Arthur questions Nicole. Marc questions Sue. Luke questions Joan. Rad questions Logan. Mike questions Teresa. James questions,8,Amelia
Lucy approaches Wanda. Kay approaches Victor. Claire approaches Ted. Martin approaches Oscar. Max approaches Anthony. Thomas approaches Melissa. Kelly approaches Ken. Ben approaches Sharon. Maggie approaches Jacob. Donna approaches Jean. Emma approaches Marie. Adam approaches Patrick. Alex approaches Kara. Megan approaches Lydia. Greg approaches Ashley. Mark approaches Travis. Ben approaches,8,Sharon
Will opens Angela. Ellen opens Rob. Joe opens Nathan. Jill opens Ken. Arthur opens Michelle. Harry opens Zach. Scott opens Joy. Sam opens Ray. Blake opens Wayne. Linda opens Phil. Justin opens Paula. Leon opens Oscar. Kay opens Rachel. Claire opens Kathy. Adam opens Walter. Kelly opens Marc. Sam opens,8,Ray
Kyle welcomes Liz. Faith welcomes Kirk. Linda welcomes April. Jerry welcomes Sean. Mike welcomes Leon. Andrew welcomes Amelia. Rick welcomes Stephen. Grace welcomes Pamela. David welcomes Olga. Adam welcomes Irene. Alan welcomes Jerry. Max welcomes Norman. Kate welcomes Maggie. Nick welcomes Lydia. Fred welcomes Julian. Gary welcomes Ken. Grace welcomes,8,Pamela
Melissa comforts Adrian. Katie comforts Kathy. Maria comforts Anthony. Edward comforts Ian. George comforts June. Ellen comforts Sheila. Ruth comforts Angela. Hope comforts William. Juan comforts Roy. Sarah comforts Leah. Rad comforts Isaac. Joe comforts Philip. Carl comforts Michelle. Kathy comforts Juan. Jacob comforts Jordan. Donna comforts Stephanie. Hope comforts,8,William
Leon guides Kyle. Henry guides Olga. Pat guides Noah. Arthur guides Neil. Austin guides Sheila. Hannah guides Julian. Alice guides Irene. Helen guides Todd. Dean guides Stephen. Brian guides Martha. Carol guides Ken. Kyle guides Leo. Charles guides Kay. Julia guides Justin. Jake guides Wanda. Craig guides Troy. Helen guides,8,Todd
Brian changes Janet. Karen changes Oscar. Liz changes Neil. Robert changes Richard. Faith changes Peggy. Marie changes Jacob. Josh changes Lauren. Laura changes Ian. Bill changes Johnny. Tony changes Justin. Max changes Joy. Hope changes Nicole. Jack changes Terry. Justin changes Ruby. Blake changes Sally. Jeff changes Wayne. Laura changes,8,Ian
Kate defeats Todd. Peter defeats Nicole. Margaret defeats Violet. Gary defeats Wanda. Dave defeats Sandra. Donna defeats Noah. Harry defeats Ray. Anna defeats Angela. Kyle defeats Albert. Brian defeats Ashley. Fred defeats Maggie. Henry defeats William. John defeats Aiden. Paul defeats Kyle. Aaron defeats Ron. Rick defeats Michael. Anna defeats,8,Angela
Faith hides Nancy. Laura hides Ron. Kim hides Olga. John hides Jean. Dave hides Peggy. Blake hides Tyler. Kelly hides Travis. Tim hides Justin. Harry hides Stephanie. Susan hides Rebecca. Maggie hides Wayne. Josh hides Valerie. Maria hides Teresa. Brian hides Irene. Rad hides Ray. Scott hides Russell. Tim hides,8,Justin
Jake heals Rebecca. Liz heals Justin. Leon heals Ted. Sam heals Kim. Jenny heals Neil. Anne heals Andrea. Austin heals Anthony. Jordan heals Angela. Kim heals Sharon. Bill heals Kirk. Paul heals Martha. Jill heals Rachel. Kate heals Jill. Karen heals William. Carl heals Keith. Julia heals Irene. Jordan heals,8,Angela
Josh feeds Norman. Andrew feeds Jenny. Charles feeds Natalie. Alex feeds Patrick. Tony feeds Leon. Howard feeds Lori. Donna feeds Howard. Alice feeds Leah. Jacob feeds Jacob. Blake feeds Leo. Ryan feeds Stephanie. Anne feeds Sheila. Jenny feeds Adrian. Robert feeds Travis. Tom feeds Ian. Scott feeds Sean. Alice feeds,8,Leah
Arthur sees Todd. Leo sees Marie. Jean sees Jacob. Sarah sees Kim. Claire sees Anthony. Gary sees Ron. Ken sees Irene. Emily sees Rachel. Joy sees Philip. Alex sees Ruby. Peter sees Stephanie. Jenny sees Kara. Amy sees Patrick. Maria sees Jill. Henry sees Howard. Aaron sees Ashley. Emily sees,8,Rachel
Jerry accompanies Judy. Will accompanies Leah. Luke accompanies Vanessa. Ryan accompanies Jerry. Joy accompanies Noah. Liz accompanies Patrick. Andrew accompanies William. Kelly accompanies Kim. Howard accompanies Shawn. Chris accompanies Marc. Ben accompanies Peggy. Kim accompanies Kelly. Donna accompanies Ralph. Claire accompanies Rachel. Kurt accompanies Oscar. Dennis accompanies Ron. Kelly accompanies,8,Kim
Paul grabs Alicia. Will grabs Sharon. Frank grabs Ronald. Melissa grabs Teresa. James grabs April. Alice grabs Joy. Peter grabs Noah. Jason grabs Judy. Margaret grabs Philip. Harry grabs Ralph. Matt grabs Lydia. Kyle grabs Lauren. Daniel grabs Patrick. Jill grabs Kyle. Megan grabs Kathy. Maria grabs Albert. Jason grabs,8,Judy
Helen helps Sheila. Donna helps Victoria. Thomas helps Teresa. Charles helps Jordan. Katie helps Patrick. Jenny helps Shawn. Sarah helps Ronald. Jerry helps Justin. Jill helps Oscar. Marie helps Martin. Kate helps Leon. Steve helps Sean. Arthur helps Kim. Carol helps Ralph. Ryan helps Rob. Edward helps Terry. Jerry helps,8,Justin
Jake boosts Kelly. Rad boosts Jenny. Kay boosts Kara. Gary boosts Liam. Jenny boosts Angela. Max boosts Isaac. Kurt boosts Irene. Megan boosts Vanessa. Kelly boosts Michelle. John boosts Martha. Tim boosts Howard. Alice boosts Philip. Joy boosts Sally. Keith boosts Kyle. Leo boosts Rob. Johnny boosts Joan. Megan boosts,8,Vanessa
Scott fights Amelia. Anna fights Liam. Kurt fights Lauren. Tony fights Victoria. Nick fights Ruby. Aaron fights Wayne. Leon fights Peggy. Emily fights Joan. Dennis fights Stephanie. Martin fights Liz. Tim fights Robin. Joseph fights Ted. Charles fights Tyler. Linda fights Isaac. Kevin fights Alison. Greg fights Richard. Emily fights,8,Joan
Rose catches Nancy. Johnny catches Kay. Aaron catches Amelia. Eric catches Alison. Will catches Rob. Brian catches Ron. Howard catches Sandra. Dave catches Melanie. Tom catches Isabel. Alex catches Monica. Kathy catches Ruby. Dennis catches Amber. Lucy catches Leon. Robert catches Jerry. Kim catches Juan. Daniel catches Kyle. Dave catches,8,Melanie
Kelly affects Victoria. Jack affects Melanie. Lucy affects Travis. Grace affects Ronald. Ian affects Martha. Tom affects Leo. Donna affects Lydia. Laura affects Teresa. Bob affects Sheila. Faith affects Justin. Lisa affects Leah. Austin affects Renee. Emily affects Stephanie. Rose affects Nicholas. Jane affects Ruby. Linda affects Margaret. Laura affects,8,Teresa
Steve hugs William. Dean hugs Kirk. Will hugs Marie. Anna hugs Violet. James hugs Sara. Kay hugs Vanessa. Kim hugs Martha. Carol hugs Phil. Juan hugs Tracy. Dennis hugs Patrick. Brian hugs Johnny. Jeff hugs Kurt. Donna hugs Julian. Rose hugs Liz. Aaron hugs Howard. Anne hugs Jill. Carol hugs,8,Phil
Paul urges Roy. Jerry urges Jean. Kelly urges Ted. Henry urges Patrick. Margaret urges Kathy. Fred urges Sylvia. Daniel urges Kay. Ryan urges Victoria. Steven urges Margaret. Alice urges Stan. Johnny urges Judy. Katie urges Noah. Lucy urges Janet. Kay urges Wayne. Liz urges Kim. Sarah urges Tyler. Ryan urges,8,Victoria
Tom cheers Liam. Andrew cheers Martin. Linda cheers Kay. Nick cheers Wanda. Rad cheers Sharon. Joe cheers Alison. Daniel cheers Howard. Frank cheers Adrian. Megan cheers Leon. Carl cheers Ralph. Jacob cheers Amber. Jane cheers Joseph. Steve cheers Kathy. John cheers Amelia. Jason cheers Peggy. Tony cheers Travis. Frank cheers,8,Adrian
Joe claims Justin. Hope claims Nathan. Joy claims Howard. Nick claims Rachel. Liz claims Jenny. George claims Todd. Faith claims Julian. Gary claims Travis. Mark claims Alexa. Robert claims Russell. Matt claims Margaret. Justin claims Kara. Claire claims Roy. Tony claims Rita. Alex claims Victoria. Alan claims Natalie. Gary claims,8,Travis
Rick answers William. Chris answers Andrea. Andrew answers Alison. Marie answers Sharon. Will answers Joan. John answers Victoria. Craig answers Ron. Alan answers Angela. Matt answers Martin. Maria answers Louis. Hannah answers Shawn. Mike answers Marc. Lauren answers Sally. Donna answers Philip. Jake answers Tyler. Jordan answers Liam. Alan answers,8,Angela
Dennis draws Julian. Max draws Jerry. Maria draws Kyle. Mike draws Stan. Claire draws Melanie. Sarah draws Kara. Ryan draws Joy. Sam draws Vincent. Luke draws Aiden. Margaret draws Irene. Lucy draws William. Edward draws Troy. Alex draws Johnny. Kevin draws Terry. Tom draws Noah. Tony draws Nicole. Sam draws,8,Vincent
Peter pays Alison. Andrew pays Amber. Joseph pays Albert. Faith pays Howard. Alex pays Tyler. Josh pays Louis. Dean pays Jacob. Rick pays Marc. Scott pays Lauren. Alice pays Leon. Hope pays Rob. Blake pays Norman. Max pays June. Jordan pays Nathan. Emily pays Judy. Keith pays Sally. Rick pays,8,Marc
James praises Keith. Carl praises Ronald. Rad praises Kathy. Lauren praises Martha. Arthur praises Teresa. Austin praises Philip. Luke praises Sue. Claire praises Maggie. Susan praises Leon. Kurt praises Todd. Craig praises Troy. Julia praises Tracy. Bill praises Amber. Ellen praises Vanessa. Dennis praises Walter. Bob praises June. Claire praises,8,Maggie
David knows Tracy. Edward knows Aiden. Dave knows Violet. Kate knows Renee. Liz knows Rita. Dean knows Peggy. Jake knows Zach. Robert knows Howard. Paul knows Pam. Kyle knows Isaac. Ellen knows Amber. Marc knows Ron. Rose knows Roger. Keith knows Liam. Leo knows Juan. Steve knows Jenny. Robert knows,8,Howard
Steven feels Sue. Mary feels Terry. David feels Jacob. Jeff feels Ralph. Johnny feels Angela. Fred feels Julian. Joe feels Amelia. Amy feels Renee. Edward feels Michael. Emma feels Leo. Bill feels Kay. Brian feels Janet. Joy feels Justin. Justin feels Marie. Bob feels Tyler. Rad feels Joy. Amy feels,8,Renee
Emily assists Teresa. Keith assists Norman. Rick assists Shawn. Faith assists Oscar. Emma assists Kara. Nick assists Peggy. Greg assists Wayne. Max assists Roger. Jill assists Jerry. Thomas assists Logan. Tim assists Patrick. Matt assists Leo. Jacob assists Leon. Mark assists Isaac. Brian assists Kathy. June assists Anthony. Max assists,8,Roger
Sarah explains April. Steve explains Richard. Joe explains Neil. Emily explains Aiden. Gary explains Ray. Joseph explains Monica. Matt explains Louis. Rad explains Jordan. Jason explains Shirley. George explains Lydia. Anna explains Logan. Luke explains Liz. Anne explains Valerie. Jack explains Jean. Lucy explains Olga. Marie explains Howard. Rad explains,8,Jordan
Steve likes Logan. Dennis likes Stephen. Bob likes Violet. Alan likes Wanda. Liz likes Kurt. Matt likes Stephanie. Kay likes Neil. Rose likes Melanie. James likes Ken. Joy likes Justin. Carol likes Liz. Justin likes Walter. Max likes Richard. Lauren likes Lydia. Rick likes Russell. Melissa likes Maggie. Rose likes,8,Melanie
Scott checks April. Steve checks Philip. Chris checks Alison. Fred checks Nancy. Jenny checks Rita. Arthur checks Todd. Bill checks Natalie. Dean checks Norman. Margaret checks Terry. Faith checks Rachel. Pat checks Valerie. Eric checks Renee. Anne checks Amelia. Will checks Aiden. Howard checks Anthony. Frank checks Stephanie. Dean checks,8,Norman
Marc comforts Shawn. Jane comforts Michelle. Kathy comforts Tracy. Steven comforts Kyle. Dennis comforts Aiden. Harry comforts Leon. Marie comforts Adrian. Gary comforts Stan. Rick comforts Pam. Jordan comforts April. Adam comforts Peggy. Jake comforts Kurt. Fred comforts Nicholas. Claire comforts Sheila. Ben comforts Lauren. Andrew comforts Roy. Gary comforts,8,Stan
Gary heals Shawn. Jason heals Philip. Rick heals Rebecca. Jane heals Teresa. Jeff heals Isabel. Bob heals Juan. Bill heals April. Marie heals Kathy. Jean heals Roger. Fred heals Jacob. Kim heals Nicholas. Eric heals Monica. Aaron heals Paula. Henry heals Lauren. Jacob heals Kara. Juan heals Logan. Marie heals,8,Kathy
Louis holds Pamela. Alice holds Kirk. Joy holds Jacob. Eric holds Tyler. Rad holds Juan. Kyle holds Kay. Sarah holds Amber. Melissa holds Joy. Emma holds Vanessa. Ben holds Robin. Emily holds Patrick. Jenny holds Kyle. Will holds Ian. John holds Howard. Charles holds Olga. Anne holds Isabel. Melissa holds,8,Joy
Lauren leads Sheila. Ian leads Sharon. John leads Isaac. Robert leads Rob. Martin leads Albert. Juan leads Johnny. Kevin leads Nicole. David leads Leon. Bob leads Louis. Claire leads Rebecca. Ben leads Renee. Josh leads Lori. Marie leads Victor. Sam leads Jean. Susan leads Roger. Amy leads William. David leads,8,Leon
Karen attracts Walter. Rose attracts Vincent. Susan attracts Marc. Joe attracts Lydia. Margaret attracts Albert. Liz attracts Nicole. Tony attracts Anthony. Eric attracts Rob. Jill attracts Alison. Bill attracts Olga. Johnny attracts Zach. Greg attracts Jean. Arthur attracts Irene. Carol attracts Janet. Tim attracts Amelia. Nick attracts Kara. Eric attracts,8,Rob
Michael attacks Nancy. Eric attacks Stan. Anna attacks Andrea. Megan attacks Janet. Jack attacks Todd. Laura attacks Ray. Andrew attacks Jordan. Justin attacks Travis. Sam attacks Michelle. Grace attacks Maggie. Arthur attacks Norman. Donna attacks Liam. Carl attacks Teresa. Harry attacks Richard. Jacob attacks Patrick. Emma attacks Tracy. Justin attacks,8,Travis
Kurt cleans Jenny. Rose cleans Joy. Kyle cleans Victoria. Hannah cleans Martin. Emma cleans Kirk. Mark cleans Adrian. Henry cleans Tyler. Thomas cleans Alison. June cleans Roger. Greg cleans Sharon. Alex cleans Terry. Keith cleans Patrick. Mike cleans Zach. Craig cleans Violet. Fred cleans Liz. Joseph cleans Ray. Thomas cleans,8,Alison
Amy avoids Andrea. Liz avoids Angela. Robert avoids Jacob. Nick avoids Isaac. Bill avoids Jill. Jane avoids Todd. Michael avoids Philip. Fred avoids Amelia. Hope avoids Rita. Donna avoids Joan. Matt avoids Sean. Martin avoids Tyler. Rad avoids Martin. Jenny avoids Joy. Diana avoids Robin. Kyle avoids Melanie. Fred avoids,8,Amelia
Joe delivers Victoria. Matt delivers Sean. Ian delivers Sally. Craig delivers Lori. Kevin delivers Roger. Jack delivers Philip. Jeff delivers Martha. Jean delivers Patrick. Mike delivers Roy. Sam delivers April. Mark delivers Irene. Kyle delivers Victor. Donna delivers Renee. Eric delivers Nicholas. Alan delivers Travis. Rad delivers Norman. Jean delivers,8,Patrick
Kurt backs Kim. Craig backs Jill. Chris backs Sally. Kelly backs Alicia. Anne backs Adrian. Rose backs Justin. Jerry backs Johnny. Steve backs Ian. Martin backs Sharon. Jeff backs Pam. Kate backs Ralph. Karen backs Andrea. Dean backs Alexa. Jason backs Shirley. Brian backs Todd. Mary backs Renee. Steve backs,8,Ian
Dean delivers Leo. Blake delivers Kim. Kim delivers Logan. Donna delivers Patrick. Lucy delivers Natalie. Diana delivers Sandra. Sarah delivers Sue. Rick delivers Kelly. Andrew delivers Nancy. Maggie delivers Louis. Pat delivers Joan. Anne delivers Shirley. Harry delivers Teresa. Jacob delivers Justin. Jake delivers Kara. Melissa delivers Victoria. Rick delivers,8,Kelly
Dave joins Violet. Steven joins Ruby. Laura joins Philip. Ellen joins Liam. Thomas joins Nancy. Kate joins Andrea. Kevin joins Olga. Max joins Justin. Tony joins Martin. Pat joins Isabel. Daniel joins Lydia. Jeff joins Teresa. Ken joins Jean. Adam joins Roger. Lucy joins Rachel. Mary joins Leon. Max joins,8,Justin
Kate invites Jordan. Margaret invites Amelia. Alex invites Shawn. Louis invites Philip. John invites Natalie. Frank invites Sharon. Bill invites June. Jerry invites Marie. Kelly invites Monica. Ben invites Wanda. Claire invites Jenny. Tim invites Kay. Dennis invites Nicole. Josh invites Justin. Katie invites Pamela. Helen invites Ted. Jerry invites,8,Marie
Frank blocks Marc. Emma blocks Leo. Tom blocks Joan. Liz blocks Philip. Andrew blocks Martin. Marie blocks Teresa. Ken blocks Todd. Grace blocks Nicole. Howard blocks Shawn. Arthur blocks Michael. Harry blocks Kara. Anne blocks Amelia. Rick blocks Melanie. Ellen blocks Ken. Will blocks Albert. Aaron blocks Noah. Grace blocks,8,Nicole
June texts Stephen. Mary texts Margaret. Liz texts Kay. George texts Ralph. Claire texts Sue. Frank texts Howard. Paul texts Pam. Robert texts Patrick. Laura texts Liam. Joe texts Janet. Chris texts Noah. Joy texts Lauren. Luke texts Kim. Greg texts Ken. Steven texts Renee. Marie texts Martin. Robert texts,8,Patrick
Jane gives Ralph. Maggie gives Michael. Marie gives Jordan. Justin gives Alicia. Joseph gives Vanessa. Megan gives Walter. Arthur gives Valerie. Alex gives Phil. Lisa gives Tyler. Kevin gives Victoria. Mary gives Leo. Andrew gives Patrick. Alan gives Andrea. Kyle gives Jean. Rick gives Shawn. Sarah gives Sara. Alex gives,8,Phil
David answers Monica. Julia answers Zach. Mary answers Renee. Frank answers Norman. Howard answers Lydia. Luke answers Kay. Arthur answers Sheila. Alex answers Liz. Joe answers Jenny. Kathy answers Angela. Linda answers Kelly. Ruth answers Phil. Anna answers Roy. Emma answers Stephen. Mike answers Jordan. Will answers Ray. Alex answers,8,Liz
Peter blocks Howard. Jason blocks Isaac. Claire blocks Martha. Sarah blocks Kathy. Melissa blocks Lauren. Josh blocks Julian. Arthur blocks Zach. Austin blocks Jordan. Jordan blocks Shirley. Hope blocks William. Jill blocks Andrea. Leon blocks Kay. Johnny blocks Jill. Ian blocks Ken. Diana blocks Nicole. Matt blocks Wayne. Jordan blocks,9,Shirley
Ryan lifts Jean. Martin lifts Rachel. Carl lifts Isabel. Alan lifts William. Katie lifts Isaac. Howard lifts Vincent. Joy lifts Logan. Marie lifts Kim. Jordan lifts Marie. Max lifts Sara. Donna lifts Stan. Fred lifts Walter. Aaron lifts Aiden. George lifts Norman. Kyle lifts Alison. Eric lifts Teresa. Jordan lifts,9,Marie
Ben supports Isaac. Keith supports Sandra. Ryan supports Lauren. Rick supports Olga. Edward supports Valerie. Mike supports Anthony. Aaron supports Kelly. Megan supports Martha. Martin supports Julian. Linda supports Ruby. Faith supports Stan. Jacob supports Philip. Austin supports Vincent. Robert supports Rob. Fred supports Alison. Justin supports Jordan. Martin supports,9,Julian
Carl comforts Noah. Leon comforts William. Robert comforts Sean. David comforts Todd. Steve comforts Rita. Aaron comforts Leo. Joseph comforts Vincent. Scott comforts Zach. Dean comforts Phil. Jill comforts Stephanie. Charles comforts Ron. Sam comforts Angela. Grace comforts Sandra. Emily comforts Rebecca. Andrew comforts Walter. Joy comforts Amelia. Dean comforts,9,Phil
Max claims Justin. Keith claims Walter. Margaret claims Rebecca. Linda claims Lauren. Will claims Judy. Jack claims Shirley. Lily claims Aiden. Carol claims Shawn. Leo claims Nancy. Kathy claims Pamela. Lucy claims Roy. Tony claims Valerie. Ellen claims Kyle. Alan claims Kurt. Liz claims Marc. Maria claims Ron. Leo claims,9,Nancy
Craig affects Johnny. Kate affects Travis. Emily affects Isaac. June affects Julian. Josh affects Ronald. Sarah affects Joan. Harry affects Vanessa. Alice affects Troy. Steve affects Tyler. Maggie affects Kurt. Ellen affects Sheila. Daniel affects April. Jill affects June. Rose affects Ron. Matt affects Michael. Adam affects Isabel. Steve affects,9,Tyler
Julia advises Isaac. Robert advises Pamela. Harry advises Neil. Donna advises Jerry. Lucy advises Ken. Lauren advises Ralph. Frank advises Victoria. Steve advises Sheila. Rose advises Richard. Tony advises Alexa. Juan advises Peggy. Andrew advises Wayne. Jill advises Shirley. Jake advises Valerie. Rad advises Russell. Linda advises Rebecca. Rose advises,9,Richard
Greg needs Nicholas. Martin needs Sandra. Louis needs Aiden. Harry needs Julian. Hope needs Ashley. Nick needs Michael. Tom needs Monica. Matt needs Violet. Kelly needs Marc. Anna needs Kathy. Daniel needs Irene. Steve needs Shirley. Alice needs Russell. Steven needs Ron. Charles needs Stephanie. Juan needs Tyler. Kelly needs,9,Marc
Jake affects Marc. Lisa affects Liz. Melissa affects Robin. Jenny affects Rita. Kelly affects Jill. Steven affects Leah. Craig affects Adrian. Paul affects Albert. Jean affects Johnny. Amy affects Nathan. John affects Stephen. Louis affects Todd. Jeff affects William. Alan affects Nicole. Juan affects Natalie. Justin affects Lori. Jean affects,9,Johnny
Steven knows Tracy. Thomas knows Pam. Alan knows Roy. Scott knows Terry. Charles knows Pamela. Robert knows Sue. Eric knows Justin. Will knows Rob. Peter knows Ralph. Julia knows Oscar. Grace knows Melissa. Edward knows Sally. John knows Ken. Donna knows Michelle. Liz knows Amber. Jean knows Ashley. Peter knows,9,Ralph
Daniel misses Monica. Rick misses Ronald. Joseph misses Joan. Greg misses Justin. Anne misses Richard. Bill misses Alexa. Kate misses Leah. Kurt misses Nicholas. Jason misses Rob. Leon misses Ted. George misses Sheila. Harry misses Johnny. Hannah misses Rebecca. Luke misses Natalie. Anna misses Alison. Jake misses Ruby. Jason misses,9,Rob
June meets Victoria. Lucy meets Todd. Robert meets June. Mark meets Renee. Adam meets Alexa. Bill meets Kay. Mary meets Logan. Leo meets Travis. Rose meets Stephen. Laura meets Vincent. Josh meets Michelle. Jordan meets Keith. Joseph meets Martha. Austin meets Maggie. Dean meets Janet. Pat meets Rebecca. Rose meets,9,Stephen
Leo texts Paula. Liz texts Joan. Linda texts Ralph. Helen texts Michael. Jeff texts Ronald. Margaret texts Rob. Jill texts Victor. Robert texts Andrea. Lily texts Roger. Lucy texts Louis. Adam texts Nicholas. Will texts Anthony. Tom texts Angela. Jean texts Shawn. Martin texts Howard. Ellen texts Sue. Lily texts,9,Roger
Johnny advises Violet. Ruth advises Joseph. Dean advises Ashley. Julia advises Alison. Kyle advises June. Daniel advises Liam. Anna advises Shirley. Kelly advises Julian. Tim advises Isaac. Robert advises Robin. Justin advises Richard. Faith advises Amber. Craig advises Stan. Howard advises Marc. Carl advises Phil. Diana advises Amelia. Tim advises,9,Isaac
Carol gives Julian. Will gives Lydia. Jean gives Norman. Margaret gives Zach. Adam gives Alicia. Jordan gives Roger. Liz gives Sara. Jack gives Natalie. Rad gives Kurt. Jeff gives Renee. Hope gives Melissa. Melissa gives Angela. Maggie gives Phil. Rose gives June. Alex gives Ronald. Johnny gives Stephen. Rad gives,9,Kurt
Ken draws Ruby. Sarah draws Albert. Will draws Melanie. Craig draws Leah. Jack draws Isaac. Megan draws Rebecca. Alan draws Michelle. Kevin draws Nicholas. Jerry draws Sheila. Diana draws Ron. Anna draws Russell. Greg draws Paula. Andrew draws Isabel. Alice draws Stephanie. Ruth draws Kirk. James draws Tyler. Jerry draws,9,Sheila
Mary grows Logan. Rick grows Wayne. Rad grows Rachel. Juan grows Lydia. Amy grows Stephanie. Charles grows Jill. Harry grows Margaret. Kate grows Paula. Margaret grows Joseph. Aaron grows Sally. Anna grows Jenny. Tim grows Joan. Ellen grows Sheila. Jane grows Sue. Gary grows Isaac. Marc grows Valerie. Margaret grows,9,Joseph
Rose asks Adrian. Dean asks Nathan. Michael asks Shirley. Will asks Ray. George asks Phil. Susan asks Amber. Emma asks Russell. Rick asks Victor. Peter asks Lauren. Ryan asks Sharon. Max asks Kurt. Leon asks Sheila. Hope asks Robin. Juan asks Ruby. Matt asks Janet. Diana asks Todd. Peter asks,9,Lauren
Kevin attracts Julian. Leo attracts Logan. Gary attracts Natalie. John attracts Victor. Lucy attracts Robin. Kathy attracts Tracy. Leon attracts Vanessa. Kyle attracts Jerry. Laura attracts Rob. Matt attracts Peggy. Tim attracts Liz. Martin attracts Joan. Steve attracts Ronald. Diana attracts Valerie. Jordan attracts Nathan. Bill attracts Kelly. Laura attracts,9,Rob
Steve sends Janet. Dean sends Teresa. Margaret sends Rob. Alex sends Michael. Kyle sends Logan. Jacob sends Todd. Howard sends Rebecca. James sends Michelle. Will sends Ted. Susan sends Jacob. Henry sends Russell. Lisa sends Ken. June sends Ronald. Steven sends Paula. Bill sends Ralph. Leon sends Kelly. Will sends,9,Ted
Andrew knows Wayne. Rad knows Isabel. Hope knows Stephen. Carol knows Wanda. Bob knows Kim. Thomas knows Roger. Fred knows Robin. Matt knows Michelle. Ellen knows Kirk. Marie knows Phil. Peter knows Russell. Martin knows Jill. Emma knows Julian. George knows Richard. Juan knows Sylvia. Kyle knows Kelly. Ellen knows,9,Kirk
Max comforts April. Chris comforts Walter. Anne comforts Violet. Steven comforts Howard. Kurt comforts Ken. Tom comforts Roy. Carol comforts Louis. Kelly comforts Kyle. Marie comforts Sharon. Marc comforts Nicole. Jake comforts Peggy. Martin comforts Olga. Bill comforts Kara. Jordan comforts Rita. Mark comforts Janet. Howard comforts Pam. Marie comforts,9,Sharon
Craig grabs Logan. Mike grabs Neil. Alex grabs Valerie. Jordan grabs Amber. Chris grabs Ken. Eric grabs Alison. Jake grabs Kurt. Adam grabs Liz. Ken grabs Aiden. Jason grabs Sheila. Jeff grabs Michelle. David grabs Andrea. June grabs Rebecca. Faith grabs Marc. Kate grabs Anthony. Kurt grabs Leah. Ken grabs,9,Aiden
Jeff parks Martha. Howard parks Lydia. Carol parks Kathy. Jordan parks Nathan. Dean parks Keith. Carl parks William. Sarah parks Sean. Gary parks Sandra. Eric parks Kim. Alice parks Stephanie. Charles parks Joseph. Ruth parks Adrian. Lauren parks Michael. Lily parks Victor. Johnny parks Ron. Katie parks Sue. Eric parks,9,Kim
Arthur advises Ray. James advises Shirley. Jill advises Amelia. Frank advises Aiden. Helen advises Paula. Blake advises Natalie. Kim advises Judy. Fred advises Howard. Ellen advises Sue. Eric advises Logan. George advises Tracy. Scott advises Victoria. John advises Marie. Thomas advises Keith. Carol advises Patrick. Greg advises Valerie. Ellen advises,9,Sue
Scott shows Ralph. Sarah shows Isabel. Jill shows Shirley. Alan shows Lori. Dave shows Nathan. Julia shows Roger. Johnny shows Justin. Keith shows June. Steven shows Noah. Anne shows Todd. Jake shows Anthony. John shows Liam. Joe shows William. Sam shows Philip. Anna shows Rebecca. Luke shows Howard. Steven shows,9,Noah
Thomas questions Paula. Kim questions Sylvia. Alice questions Kim. Leo questions Ralph. Rick questions Kara. Donna questions Ted. Claire questions Shirley. Jacob questions Philip. Harry questions Jerry. Carol questions Walter. Emma questions Patrick. Bill questions Richard. Jordan questions Alison. Kyle questions Ian. Lucy questions Wayne. Johnny questions Victor. Harry questions,9,Jerry
Sarah hugs Russell. Henry hugs Justin. Ruth hugs Lauren. Kathy hugs Judy. Jerry hugs Jordan. Paul hugs Oscar. Matt hugs Wanda. Josh hugs Marie. Dennis hugs Stephen. Aaron hugs Alicia. Martin hugs Amber. Anne hugs Alexa. Juan hugs Rita. Marie hugs Sandra. Alan hugs Isabel. Melissa hugs Anthony. Dennis hugs,9,Stephen
Hannah drives Kelly. Carl drives Kay. Chris drives Joy. Josh drives Anthony. Adam drives Julian. Henry drives Leo. Joe drives Shirley. Lily drives Juan. Ian drives Stephanie. Andrew drives Logan. Ruth drives Isaac. Katie drives Aiden. Austin drives Sue. Laura drives Jill. Craig drives Jacob. Ellen drives Kara. Ian drives,9,Stephanie
Ryan cleans Victoria. Alex cleans Anthony. Joy cleans Janet. Kelly cleans Noah. Bill cleans Rebecca. Bob cleans Leah. Rad cleans Pamela. Kathy cleans Logan. Steven cleans Marie. Fred cleans Kara. Maria cleans April. Adam cleans Lauren. Blake cleans Roger. Leon cleans Jordan. Max cleans Richard. Marie cleans Ruby. Steven cleans,9,Marie
Aaron reminds Stan. Paul reminds Ralph. Anna reminds Terry. Kate reminds Tracy. Tony reminds Melissa. Rad reminds Angela. Marc reminds Victoria. Julia reminds Ron. Louis reminds Joy. Carl reminds Sean. Steven reminds Liam. Marie reminds Renee. Max reminds Logan. Ellen reminds Adrian. Thomas reminds Kathy. Lucy reminds Pam. Louis reminds,9,Joy
Claire closes Joseph. Justin closes Rob. Ryan closes Jill. Adam closes Jenny. Martin closes Jean. Faith closes Rita. Diana closes Keith. Lily closes Renee. Daniel closes Julian. Jean closes Rebecca. Ian closes Ian. Howard closes Janet. Laura closes Kathy. David closes Vanessa. Peter closes Justin. Luke closes Amber. Daniel closes,9,Julian
Laura moves Judy. Johnny moves April. Arthur moves Teresa. Matt moves Stephen. Jordan moves Amber. Pat moves Jill. Emily moves Johnny. Ryan moves Amelia. Jeff moves Kathy. Bill moves Lydia. Harry moves Ken. Charles moves William. Nick moves Jenny. Marc moves Kirk. Tony moves Janet. Bob moves Isaac. Jeff moves,9,Kathy
Howard likes Leah. Linda likes Marc. Marie likes Ray. Greg likes Angela. Dean likes Jill. Mary likes Kurt. Eric likes Martin. Peter likes Richard. Josh likes Philip. Juan likes Russell. Anna likes Valerie. Kim likes Ken. Thomas likes Nicholas. Carol likes Adrian. Ruth likes Patrick. Nick likes Ian. Josh likes,9,Philip
Jack trusts Robin. Kevin trusts Roger. Jordan trusts Joy. Faith trusts Terry. Susan trusts Stephen. Aaron trusts Jenny. Thomas trusts Kara. Luke trusts Roy. Karen trusts Vincent. Robert trusts Kathy. Donna trusts Russell. Peter trusts Rita. Tom trusts Amelia. Marc trusts Ralph. Amy trusts Kim. Helen trusts April. Karen trusts,9,Vincent
Robert brings Melanie. Megan brings Jordan. Daniel brings Olga. Bill brings Kirk. Lisa brings Ronald. Josh brings Phil. Linda brings Russell. Katie brings Leo. Kathy brings Ruby. Kate brings Rob. Tom brings Walter. Keith brings Valerie. Maggie brings Leon. Diana brings Lauren. Dennis brings Sandra. Emma brings Ron. Kathy brings,9,Ruby
Daniel praises Valerie. Faith praises Sheila. Austin praises Kyle. Hannah praises Johnny. Keith praises Martha. Laura praises Janet. Anna praises Natalie. Joy praises Amber. Edward praises Ian. David praises Sean. Leon praises Irene. Sam praises Pam. Luke praises Joan. Scott praises Kelly. Ian praises Sylvia. Michael praises Joseph. Edward praises,9,Ian
Brian inspires Ian. Austin inspires Lori. Kim inspires Vincent. Bob inspires Rob. June inspires Valerie. Peter inspires Shirley. Howard inspires Lauren. Jake inspires Peggy. Johnny inspires Ronald. Harry inspires Neil. Blake inspires Julian. Fred inspires Troy. Mike inspires Howard. Robert inspires Natalie. Alan inspires Tyler. Joseph inspires Keith. Johnny inspires,9,Ronald
Emma warns Andrea. Jean warns Roy. Megan warns Joan. Emily warns Sally. Fred warns Liam. Jack warns Janet. Blake warns Patrick. Bill warns Margaret. Chris warns Shawn. Adam warns Amelia. Howard warns Kurt. Kelly warns Lydia. Kay warns Kara. Helen warns Kelly. Karen warns Wanda. Leon warns Jacob. Chris warns,9,Shawn
Diana hates Jenny. Alice hates Kara. Sam hates Isaac. Bill hates Jerry. Peter hates Pamela. Carol hates Peggy. Max hates Sharon. Joseph hates Leon. Rose hates Marc. Kelly hates Terry. Martin hates Stan. June hates Ray. Julia hates Victoria. Kevin hates Howard. Jeff hates Lauren. Alan hates Sue. Rose hates,9,Marc
Marie hates Amber. Kevin hates Howard. Will hates Kathy. Leo hates Wayne. Sam hates Rebecca. Liz hates Maggie. Joe hates Ashley. George hates Angela. Jill hates Nathan. Edward hates Janet. Maria hates Sylvia. Thomas hates Nicholas. Jean hates Sally. Karen hates Vincent. Lauren hates Kirk. Mary hates Alicia. Jill hates,9,Nathan
Johnny demands April. Mike demands Sally. Paul demands Judy. Joseph demands Ray. James demands Violet. Maggie demands Rachel. Kate demands Ruby. Arthur demands Kirk. Susan demands Joy. Carol demands Rita. Julia demands Kurt. Dennis demands Stan. Howard demands Walter. Jeff demands Zach. Ellen demands Nicholas. Austin demands Ronald. Susan demands,9,Joy
Sarah blocks Todd. Kevin blocks Joan. Emma blocks Kay. Mike blocks Andrea. Kay blocks Nicole. Andrew blocks Renee. Sam blocks Teresa. Rad blocks Kara. Steven blocks Ronald. Will blocks Ralph. Ruth blocks William. Amy blocks Amelia. Greg blocks Alexa. Matt blocks Ken. Lauren blocks Logan. David blocks Pam. Steven blocks,9,Ronald
Linda visits Victor. Kurt visits Vanessa. Claire visits Michael. Faith visits Kathy. Ian visits Leo. Robert visits Michelle. Rad visits Nancy. Mary visits Johnny. Adam visits Albert. Katie visits Ronald. Lauren visits Jordan. Helen visits Russell. Jenny visits Jean. Dave visits Ian. Mark visits Ron. Steven visits William. Adam visits,9,Albert
Laura checks Wanda. Scott checks Nicole. Paul checks Valerie. Howard checks Zach. Hope checks Jean. Diana checks Rita. Maggie checks Martha. Grace checks Sharon. Ian checks Julian. Lisa checks Kelly. Justin checks Shawn. David checks Kay. Rose checks Leon. Dean checks Renee. Luke checks Ted. Jason checks Neil. Ian checks,9,Julian
Josh cares Isabel. Marie cares Richard. Tony cares Roger. Ben cares Tracy. Liz cares Kurt. Diana cares Joseph. Anne cares Albert. Andrew cares Margaret. Kurt cares Ashley. Leo cares Phil. Steve cares Wayne. Jack cares Wanda. Charles cares Rita. Blake cares Victor. Pat cares Violet. Daniel cares Norman. Kurt cares,9,Ashley
John commands Stephen. Joseph commands Kurt. George commands Nicholas. Linda commands Ken. Leo commands Juan. Julia commands Stan. Marc commands Johnny. Blake commands Walter. Tom commands Troy. Craig commands Ronald. Jacob commands William. Katie commands Adrian. Ruth commands Phil. Arthur commands Janet. Lily commands Ron. Hannah commands Philip. Tom commands,9,Troy
Kim lifts Kelly. Diana lifts Neil. Jane lifts Victoria. Maggie lifts Michael. Kay lifts Isabel. June lifts Russell. Will lifts Marie. Louis lifts April. Amy lifts Andrea. Lauren lifts Pam. Mike lifts Ian. Lucy lifts Olga. Ben lifts Sylvia. Jacob lifts Michelle. Craig lifts Ashley. Tony lifts Howard. Amy lifts,9,Andrea
Hannah comforts Kara. Ruth comforts Juan. Kyle comforts Phil. Alan comforts Sally. Liz comforts Rebecca. Katie comforts Angela. Jenny comforts Kathy. Kay comforts Travis. Charles comforts Neil. Marc comforts Alison. Ken comforts Janet. Dave comforts Ron. Bill comforts Wayne. Harry comforts Judy. Tim comforts Jean. Ellen comforts Alicia. Charles comforts,9,Neil
Jordan accepts June. Sarah accepts Kyle. Lauren accepts Ashley. Kay accepts Liam. Kim accepts Jill. Bob accepts Troy. Kyle accepts Ralph. Jack accepts Ray. Frank accepts Adrian. Johnny accepts Teresa. Carl accepts Marc. Ian accepts Norman. Maria accepts Kirk. Joseph accepts Jean. Liz accepts Victor. Rick accepts Russell. Frank accepts,9,Adrian
Aaron inspires Jenny. Chris inspires Ralph. Kay inspires Joan. Gary inspires Lydia. Adam inspires Sally. Michael inspires Martha. Jake inspires Shawn. Daniel inspires Ashley. Amy inspires Louis. Steve inspires Nicholas. Ellen inspires Liz. Kevin inspires Stephen. Megan inspires Jordan. Harry inspires Janet. Julia inspires Amelia. Mark inspires Ronald. Steve inspires,10,Nicholas
Edward attracts Robin. Craig attracts Sandra. Marie attracts Pamela. Matt attracts Lauren. Will attracts Sue. Alan attracts Sheila. Ken attracts Jenny. Jerry attracts Patrick. Frank attracts Ralph. Margaret attracts Angela. Ruth attracts Noah. Liz attracts June. Joseph attracts Liam. Lily attracts Ted. Helen attracts Terry. Gary attracts Kirk. Margaret attracts,10,Angela
Laura stops Martin. Ellen stops Keith. Chris stops Paula. Gary stops Albert. Steven stops Victoria. Carol stops Phil. Adam stops Sue. Amy stops Joy. Robert stops Stephanie. Dave stops Terry. George stops Sharon. Leo stops Victor. Blake stops Monica. Kurt stops Janet. Hannah stops Kyle. June stops Norman. Dave stops,10,Terry
Kate guards Sara. Hope guards Philip. Tom guards Kim. Henry guards Monica. Laura guards Tyler. Mark guards Jean. Martin guards Sean. Jack guards Jenny. Kay guards Rita. Josh guards Sally. Faith guards Isaac. Nick guards Marie. Rad guards Stephen. Lauren guards Lydia. Alex guards Stan. Max guards Kay. Josh guards,10,Sally
Craig shares Ken. Marc shares Nancy. Bob shares Nathan. Maggie shares Amelia. Carl shares Kyle. Diana shares Pam. Emily shares Howard. Martin shares Neil. Alex shares Kathy. Sarah shares Rita. Hannah shares Troy. Thomas shares Rachel. Joseph shares Valerie. James shares Stan. Lucy shares Wayne. Steven shares Ron. Sarah shares,10,Rita
Pat keeps Rebecca. Jane keeps Sean. Liz keeps Pamela. Kay keeps Marc. Craig keeps Sara. Mary keeps Leon. Scott keeps Kara. Adam keeps Melanie. Luke keeps Oscar. Alice keeps Ron. Daniel keeps Norman. Tom keeps Stephen. David keeps Alicia. Jordan keeps Michelle. Diana keeps Walter. Julia keeps Irene. Alice keeps,10,Ron
Paul allows Richard. Rose allows Rachel. James allows Isaac. Tim allows Sylvia. Adam allows Rebecca. Scott allows Kay. Jerry allows Margaret. Aaron allows Robin. Andrew allows Marie. Blake allows Anthony. Dennis allows Todd. Carol allows Lydia. Alice allows William. Mary allows Julian. Kyle allows Leon. Julia allows Rob. Blake allows,10,Anthony
Joe buys Jean. Austin buys Louis. Kurt buys Monica. Jacob buys Michael. Daniel buys Pamela. Brian buys Ian. Harry buys Peggy. Andrew buys Lori. Kevin buys Angela. Kathy buys Phil. Louis buys Nathan. Max buys Philip. Joy buys Jerry. Jerry buys Kathy. Marc buys Melissa. Sarah buys Sue. Kathy buys,10,Phil
Carol blocks Maggie. Alex blocks William. Henry blocks Rachel. Joy blocks Jerry. Pat blocks Andrea. Kay blocks Pamela. Luke blocks Travis. Joseph blocks Kay. Aaron blocks Rita. Sarah blocks Kyle. Donna blocks Stephen. Ellen blocks Alexa. Leon blocks Logan. Liz blocks Roger. Alan blocks Ronald. Alice blocks Michelle. Sarah blocks,10,Kyle
Michael gives Stephen. Ruth gives Janet. Alice gives Sara. Mary gives Sheila. Henry gives Leah. Susan gives Sylvia. Jacob gives Renee. Chris gives Phil. Rose gives Stan. Frank gives Alicia. Arthur gives Marc. Megan gives Lori. Amy gives Sue. Julia gives Jacob. Maggie gives Kyle. Lucy gives Tracy. Frank gives,10,Alicia
Charles sees Terry. Dean sees Lori. Julia sees Ray. Karen sees Victor. Craig sees Pam. Claire sees Michelle. Rad sees Jill. Matt sees Shawn. Jenny sees Oscar. Steven sees Liz. Megan sees Sharon. Jacob sees Troy. Aaron sees Jacob. Helen sees Zach. Kurt sees Howard. Bill sees Marc. Steven sees,10,Liz
Gary hears Albert. Mary hears Russell. Matt hears Ken. Jerry hears Joseph. Katie hears Amber. Maggie hears Lauren. Kevin hears Jill. Donna hears Johnny. Ellen hears Pamela. Charles hears Todd. Andrew hears Julian. Emily hears Natalie. Harry hears Isaac. John hears Violet. Bob hears Angela. Jordan hears Monica. Charles hears,10,Todd
Katie blocks Jean. Howard blocks Pam. Carol blocks Walter. Kathy blocks Keith. Margaret blocks Victor. Jean blocks Joseph. Claire blocks Roger. Liz blocks Adrian. Eric blocks Leo. Kim blocks Irene. Helen blocks Ashley. Martin blocks Michael. Marie blocks April. Harry blocks Sean. David blocks Russell. June blocks Shirley. Kim blocks,10,Irene
Grace takes Keith. Alex takes Martha. Marc takes Todd. John takes Shawn. Dean takes Stan. Anna takes Patrick. Kim takes Angela. Karen takes Kim. June takes Jill. Hope takes Renee. Bill takes Ray. Carl takes Troy. Daniel takes Terry. Ian takes Norman. Joseph takes Vanessa. Kathy takes Pam. Hope takes,10,Renee
Claire captures Kara. Ryan captures Anthony. Paul captures Sheila. Anne captures Shirley. Dave captures Justin. Jenny captures Jean. Ben captures Richard. Nick captures Alicia. Dennis captures Ted. Jeff captures Ron. Austin captures Alison. Karen captures Tracy. Diana captures Victoria. Kurt captures Joan. Margaret captures Ralph. Maria captures Ray. Jeff captures,10,Ron
Gary offers Ralph. Chris offers Russell. Rick offers Vincent. Ben offers Kelly. Scott offers Ken. Adam offers Louis. Kathy offers Wayne. Robert offers Jerry. Ruth offers Nathan. Steven offers Jean. Liz offers Neil. Sam offers Zach. Thomas offers Leon. Mark offers Lydia. Keith offers Peggy. Faith offers Irene. Steven offers,10,Jean
Jake feels Troy. Justin feels Irene. Austin feels Olga. Tim feels Louis. Marie feels Melanie. Scott feels Amber. Linda feels Stephen. Joseph feels Patrick. Martin feels Sandra. Joy feels Janet. Melissa feels Monica. Maggie feels Joy. Jeff feels April. Sam feels Zach. Johnny feels Liz. Dave feels Leon. Joy feels,10,Janet
Will blocks Richard. Jane blocks Sean. Laura blocks Nancy. John blocks Walter. Jeff blocks Jacob. Jerry blocks Terry. Rose blocks Ronald. Jason blocks Ted. Chris blocks Jill. Howard blocks Victor. Dean blocks Shirley. Nick blocks Maggie. Susan blocks Kelly. Fred blocks Alexa. Matt blocks Troy. Andrew blocks Peggy. Howard blocks,10,Victor
Julia grabs Michelle. Chris grabs Violet. Ken grabs Tracy. Mike grabs Kathy. Justin grabs Joan. James grabs Sally. Kyle grabs Kim. Tim grabs Melissa. Leon grabs Jenny. Matt grabs Sheila. Steven grabs Marie. Tom grabs Howard. Margaret grabs Kara. June grabs Kelly. Adam grabs Jean. Gary grabs Sue. Matt grabs,10,Sheila
Leon boosts Pamela. Diana boosts Kurt. Harry boosts Irene. Jenny boosts Ronald. Faith boosts Kara. Lily boosts Ian. Andrew boosts Andrea. Ellen boosts Nicholas. Luke boosts Margaret. George boosts Sharon. Marie boosts Zach. Eric boosts Marc. Katie boosts Ron. Claire boosts Isaac. Nick boosts Patrick. Kyle boosts Judy. George boosts,10,Sharon
Tom asks Troy. Kim asks Jordan. Grace asks Logan. Diana asks Walter. Lily asks Sean. Harry asks Ronald. Anne asks Tracy. Kurt asks Juan. Anna asks Alicia. Donna asks Sally. June asks Kim. Susan asks Sheila. Brian asks Martha. Paul asks Melissa. Jenny asks Janet. Pat asks Noah. Donna asks,10,Sally
Pat gives Sally. James gives Patrick. Nick gives Oscar. Diana gives Monica. Harry gives Stephanie. Linda gives Tracy. Jane gives Norman. Paul gives Nicole. Frank gives Sheila. Ruth gives Sara. Blake gives Ronald. Margaret gives Walter. Chris gives Marie. Jenny gives Renee. Thomas gives Anthony. Jack gives Ron. Ruth gives,10,Sara
Nick backs Natalie. Claire backs Tracy. Louis backs Alicia. Tim backs Lydia. Rad backs Valerie. Rick backs Martha. Anna backs Renee. Brian backs Sara. Gary backs Roy. Chris backs Johnny. Julia backs Rob. Kate backs Anthony. Emily backs Alexa. Eric backs Isaac. Lauren backs Andrea. Joy backs Victor. Chris backs,10,Johnny
Jane backs Ian. Kay backs Teresa. Hannah backs Russell. June backs Wayne. Joy backs Irene. Josh backs Neil. George backs Lauren. Alice backs Nancy. Marie backs Ken. Hope backs Adrian. Blake backs Monica. Ryan backs Howard. Howard backs Nicole. Martin backs Kathy. Ben backs Travis. Grace backs Philip. Hope backs,10,Adrian
Jean hugs William. Blake hugs Russell. Ruth hugs Martin. Dennis hugs Sheila. Johnny hugs Julian. Rose hugs Paula. Karen hugs Shawn. Alex hugs Oscar. Jeff hugs Travis. Joe hugs Margaret. Hope hugs Irene. Tony hugs June. Louis hugs Tracy. David hugs Keith. Justin hugs Jordan. James hugs Stephanie. Joe hugs,10,Margaret
Paul supports Johnny. Hope supports June. Frank supports Wayne. Rad supports Shawn. Rick supports Irene. Liz supports Sally. Jack supports Nancy. Bob supports Renee. Carol supports William. Fred supports Todd. Aaron supports Victor. Diana supports Leon. Nick supports Olga. Kate supports Nicole. Scott supports Robin. Steven supports Norman. Fred supports,10,Todd
Martin affects Stephen. Eric affects Zach. Thomas affects Wayne. Claire affects Justin. Aaron affects Neil. Paul affects Joy. Kay affects Victoria. Andrew affects Kay. Harry affects Ted. Ken affects Norman. David affects Janet. Adam affects Joseph. Greg affects Victor. Robert affects Phil. Melissa affects Pamela. Lucy affects Paula. Ken affects,10,Norman
Claire buys Rebecca. Chris buys Russell. Paul buys Tracy. Louis buys Ronald. James buys Albert. Will buys Anthony. Nick buys Philip. Bill buys Norman. Megan buys Lauren. George buys Richard. Eric buys Leo. Craig buys Sylvia. Henry buys Isaac. Melissa buys Ashley. Howard buys Kim. Ken buys Olga. George buys,10,Richard
Alex commands Judy. Tony commands Jerry. Thomas commands Philip. Alice commands Michael. Charles commands Sue. Adam commands Melissa. Joy commands Stan. Donna commands Renee. George commands Roger. Andrew commands Lydia. Kathy commands Angela. Rose commands William. June commands Kelly. Carl commands Sylvia. Hope commands Nicholas. Margaret commands Maggie. Andrew commands,10,Lydia
Michael drives Sylvia. Jacob drives Isabel. Maggie drives Russell. Helen drives Janet. Kay drives Roy. Ian drives Ian. Karen drives Alexa. Frank drives April. Charles drives Ronald. Daniel drives Noah. Jordan drives Neil. Susan drives Sharon. Claire drives Kim. Martin drives Philip. Katie drives Lydia. Donna drives Victor. Daniel drives,10,Noah
Will demands Janet. Jordan demands Kay. Jake demands Wanda. Marie demands Leah. Tony demands Victor. Dennis demands Tyler. Carl demands Jean. Matt demands June. Adam demands Sheila. Faith demands Ray. Ellen demands Terry. June demands Angela. Max demands Margaret. Helen demands Judy. John demands Ian. Amy demands Roger. Faith demands,10,Ray
Nick delivers Victoria. Steven delivers Nicholas. Helen delivers Todd. Rose delivers Sara. Ellen delivers Stan. Max delivers Albert. Maria delivers Rita. Megan delivers Jordan. Mark delivers Martin. Rick delivers Lori. Joseph delivers Juan. Steve delivers Nathan. Josh delivers Paula. Robert delivers Isabel. Thomas delivers Pamela. Amy delivers Nancy. Rick delivers,10,Lori
Paul saves Nicole. Karen saves Robin. Tom saves Renee. Anne saves Janet. Lucy saves Rob. Ruth saves Juan. Steve saves Teresa. Leo saves Johnny. Laura saves Justin. Matt saves Noah. John saves Travis. Joseph saves Pam. Bill saves Kara. Frank saves Sally. Ellen saves Stephen. Marie saves Joy. Matt saves,10,Noah
Steven alerts William. June alerts Marc. Kelly alerts Alicia. Kim alerts Sheila. Peter alerts Noah. Hope alerts Isaac. Jean alerts Patrick. Greg alerts Teresa. Bill alerts Russell. Anne alerts Martha. Andrew alerts Stephanie. Howard alerts Victoria. James alerts Nicole. Craig alerts Nathan. Max alerts Shawn. Lauren alerts June. Anne alerts,10,Martha
Charles grows Ray. Alan grows Leo. Diana grows Nancy. Megan grows Rachel. Martin grows Maggie. Adam grows Liz. Hope grows Michael. Jenny grows Valerie. Linda grows Stephanie. Susan grows Joy. Karen grows Todd. Emma grows Nicholas. Brian grows Sara. Luke grows Violet. Arthur grows Vincent. Laura grows Rita. Susan grows,10,Joy
Martin avoids Leah. Robert avoids Monica. Luke avoids Sharon. Frank avoids Nancy. Johnny avoids Alexa. Steven avoids Kelly. Adam avoids Melanie. Michael avoids Michelle. Lauren avoids Anthony. Justin avoids Terry. Kelly avoids Joan. Henry avoids Judy. Melissa avoids Howard. Ryan avoids Marc. Craig avoids Zach. Steve avoids Sandra. Justin avoids,10,Terry
Jenny fixes Monica. Jill fixes Alexa. Karen fixes Stephanie. Maria fixes Sylvia. Kelly fixes Shawn. Johnny fixes Aiden. Edward fixes Kathy. Charles fixes Pamela. Anna fixes Howard. Ellen fixes Kirk. Joy fixes Vincent. Nick fixes Kelly. Rad fixes Lori. Jeff fixes Paula. Jason fixes Wayne. Dean fixes Adrian. Ellen fixes,10,Kirk
Jean writes Roy. Will writes Kirk. Sarah writes Louis. Carol writes Shawn. James writes Todd. Helen writes Melissa. Johnny writes Jenny. Jane writes Joseph. Max writes Lydia. Amy writes Pam. Greg writes Roger. Leon writes Noah. Bill writes Terry. Karen writes Sean. Dave writes Ken. Donna writes Norman. Amy writes,10,Pam
Jack makes Margaret. Eric makes Jean. Grace makes Shirley. Harry makes Todd. Jill makes Zach. Juan makes Stan. Hope makes Jordan. Luke makes Ronald. Arthur makes Wayne. Liz makes Sue. Ken makes Lauren. Linda makes Robin. Marie makes Rebecca. Greg makes Pam. Paul makes Russell. Joy makes Stephen. Liz makes,10,Sue
Donna defeats Martha. Rose defeats Ron. Ruth defeats Sean. Jacob defeats Victor. Dave defeats Oscar. Jean defeats Leo. Ian defeats Kurt. Tony defeats Sara. Jeff defeats Rita. Rick defeats Walter. Joseph defeats Richard. Hannah defeats Roger. Megan defeats Travis. Alice defeats Isaac. Mike defeats Louis. Scott defeats Janet. Rick defeats,10,Walter
Jake comforts Nathan. June comforts Sharon. Claire comforts Juan. Sarah comforts Lydia. Martin comforts Troy. Melissa comforts Julian. Diana comforts Jordan. Ken comforts Janet. Joe comforts Alexa. Dennis comforts Renee. Scott comforts Paula. Ruth comforts Robin. Kay comforts Ken. Henry comforts Tracy. Andrew comforts Louis. Nick comforts Michelle. Dennis comforts,10,Renee
Kyle comforts Alicia. Jerry comforts Pamela. Carol comforts Howard. Mark comforts Nicholas. Amy comforts Joseph. Jenny comforts Shawn. Sarah comforts Aiden. Jane comforts April. Lily comforts Marie. Peter comforts Jenny. Jean comforts Anthony. Ben comforts Roy. Leo comforts Olga. Eric comforts Robin. Fred comforts Todd. Steve comforts Melissa. Peter comforts,10,Jenny
Lily attacks Troy. Karen attacks Albert. Howard attacks Noah. Jenny attacks Vincent. Paul attacks Roy. Kay attacks Sara. Rose attacks Richard. Bob attacks Norman. Kurt attacks Juan. Amy attacks Phil. Greg attacks Kara. Rad attacks Tyler. Grace attacks Jean. Tom attacks Kurt. Leo attacks Aiden. Jean attacks Melanie. Amy attacks,10,Phil
Fred leads Ruby. Lucy leads Lori. Leo leads Terry. Marc leads Amber. Thomas leads Zach. Paul leads Peggy. Katie leads Roger. Jason leads Troy. Laura leads Neil. Hannah leads Tracy. Mary leads Sylvia. Emily leads Louis. Maggie leads Norman. Kyle leads Walter. Andrew leads Sara. Marie leads Lydia. Hannah leads,10,Tracy
Kurt builds Ruby. Peter builds Violet. Leo builds Maggie. Donna builds Sharon. Mary builds Renee. James builds Philip. Susan builds Jean. Anne builds Albert. Lisa builds Amelia. John builds Margaret. Bill builds Logan. Lily builds Johnny. Faith builds Stephanie. Linda builds Roy. George builds Victoria. Kathy builds Judy. John builds,10,Margaret
Matt trains Ian. Mike trains Marie. Daniel trains Shirley. David trains Isabel. Chris trains Angela. Maggie trains Maggie. Rad trains Rebecca. Edward trains Ralph. Arthur trains Jordan. Liz trains Rita. Amy trains Leo. Mary trains Noah. Blake trains Joy. Joe trains Judy. Jacob trains Nicholas. Jason trains Renee. Liz trains,10,Rita
Ryan takes Teresa. Ken takes Andrea. Kevin takes Jill. Adam takes June. John takes Paula. Rose takes Melissa. Jacob takes Richard. Kurt takes Troy. Maria takes Lori. Jeff takes Anthony. Howard takes Irene. Lucy takes Ruby. Steven takes Joy. Alex takes Victor. Katie takes Ken. Edward takes Nicholas. Jeff takes,10,Anthony
Kate trusts June. James trusts Leo. Megan trusts Olga. Ruth trusts Isabel. Liz trusts Louis. Kevin trusts Natalie. Brian trusts Melissa. Max trusts Isaac. John trusts Maggie. Mark trusts Paula. Sarah trusts Wayne. Donna trusts Ronald. Jane trusts Leon. Rad trusts Zach. Jason trusts Roy. Tom trusts Sylvia. Mark trusts,10,Paula
Jenny prohibits Johnny. Carol prohibits Oscar. Jeff prohibits Kelly. Anna prohibits Justin. Marc prohibits Sylvia. Kelly prohibits Melanie. Diana prohibits Keith. Fred prohibits Patrick. Tom prohibits Nicole. Jake prohibits Wanda. Emily prohibits Norman. Ian prohibits Troy. Steve prohibits Teresa. Rose prohibits Jill. Blake prohibits Roy. Tim prohibits Travis. Jake prohibits,10,Wanda
Kurt attacks Jenny. Edward attacks Violet. Marc attacks Andrea. Rad attacks Pamela. Luke attacks Tyler. Blake attacks Kyle. Scott attacks Joan. Josh attacks Nancy. Louis attacks Isabel. Aaron attacks Tracy. Leon attacks Wanda. Jacob attacks Angela. Tom attacks Janet. Marie attacks Sara. Howard attacks Natalie. Ruth attacks Jean. Aaron attacks,10,Tracy
Kay allows Michelle. Linda allows Pamela. Ken allows Richard. Jake allows Kurt. Michael allows Stan. David allows Janet. Ian allows Terry. Lauren allows Joseph. Steven allows Juan. Dean allows Vanessa. Rose allows Joy. Juan allows Isaac. Jenny allows Leah. John allows Sheila. Josh allows Johnny. Charles allows Sara. Rose allows,11,Joy
Dennis closes Lauren. Nick closes Oscar. Keith closes Renee. Mary closes Liam. Kyle closes Ralph. Liz closes Pam. Lisa closes Louis. Robert closes Martin. Michael closes Jean. Jenny closes Victor. Maggie closes Alison. Daniel closes Janet. Jake closes Nathan. Megan closes Terry. Thomas closes Ruby. Matt closes Jill. Maggie closes,11,Alison
Ian opens Liam. Emily opens Angela. Diana opens Kathy. Luke opens Jerry. Lily opens Janet. Hope opens Isaac. Bob opens Sheila. Keith opens Terry. Juan opens Richard. Charles opens Lydia. Pat opens Roy. Eric opens Isabel. Steve opens Howard. Louis opens Margaret. Mike opens Logan. James opens Valerie. Pat opens,11,Roy
Henry demands Juan. Juan demands Monica. Nick demands April. Martin demands Jenny. Frank demands Shirley. Jenny demands Alexa. Andrew demands Maggie. Gary demands Terry. Joe demands Ken. Claire demands Violet. James demands Pamela. Sam demands Justin. Jack demands Liz. Max demands Howard. Susan demands Jean. Lucy demands Olga. James demands,11,Pamela
Ryan sends Violet. Anna sends Jenny. Maggie sends Valerie. Mike sends Angela. Louis sends Nancy. Sarah sends Travis. Emma sends Joseph. Julia sends Richard. June sends Victoria. Jerry sends Logan. Ruth sends Sara. Alan sends Howard. George sends Anthony. Jenny sends Andrea. Pat sends Martin. Chris sends Albert. Ruth sends,11,Sara
Jerry hires Noah. Henry hires Natalie. Fred hires Sean. Nick hires Sandra. Frank hires Paula. Kim hires Lauren. Max hires Amber. Mike hires Robin. Lauren hires Ray. Andrew hires Wanda. Carl hires Tyler. Robert hires Roy. Luke hires Monica. Alex hires Margaret. Rose hires Jacob. Rick hires Jerry. Carl hires,11,Tyler
Jane wakes Oscar. Henry wakes Michelle. Jake wakes Violet. Charles wakes Martin. Laura wakes Martha. Harry wakes Adrian. Frank wakes Ron. Liz wakes Ian. Fred wakes Russell. Dave wakes Alexa. Andrew wakes Sue. Maggie wakes Maggie. Aaron wakes Margaret. Gary wakes Zach. Megan wakes Pamela. Lily wakes Liz. Andrew wakes,11,Sue
Gary comforts Oscar. Kathy comforts Alexa. George comforts Rachel. Carol comforts Ruby. Helen comforts Maggie. Frank comforts Adrian. Robert comforts Tyler. Jake comforts Shirley. Kim comforts Ralph. Ryan comforts Pamela. Linda comforts Stephanie. Leon comforts Walter. Liz comforts Martin. Chris comforts Nicole. Lily comforts Roger. Howard comforts Leon. Linda comforts,11,Stephanie
Laura alerts Maggie. David alerts Johnny. Dennis alerts Kyle. Ellen alerts April. Charles alerts Louis. Margaret alerts Jenny. June alerts Shirley. Nick alerts Kim. Ken alerts Liz. Dave alerts Anthony. Daniel alerts Leah. Greg alerts Leo. Kurt alerts Howard. Carol alerts Neil. Kim alerts Ashley. Brian alerts Ken. Daniel alerts,11,Leah
Mike hates Lydia. Bob hates Sharon. Jacob hates Stan. Justin hates Troy. Tim hates Norman. Charles hates Amber. Jason hates Ralph. Kathy hates Joseph. Scott hates Shirley. Jeff hates Pamela. Susan hates Joy. Alice hates Anthony. Rad hates June. Jerry hates Phil. Grace hates Joan. Melissa hates Sue. Susan hates,11,Joy
Hope invites Marc. Tom invites Stephanie. Ellen invites Neil. Dave invites Sue. Leon invites April. Jenny invites Oscar. Daniel invites Walter. Marc invites Philip. Jason invites Joy. Howard invites Jill. Michael invites Todd. Tony invites Michael. Louis invites Russell. Kurt invites Lydia. Arthur invites Stan. Melissa invites Irene. Michael invites,11,Todd
Maria comforts Johnny. Ellen comforts Sylvia. Marie comforts Margaret. Donna comforts Sandra. Ryan comforts Patrick. Emily comforts Jill. Mark comforts Ronald. Alex comforts Tracy. Amy comforts Marie. Johnny comforts Ashley. Scott comforts Sally. Lily comforts Kurt. Austin comforts Amelia. Jenny comforts Rob. Jeff comforts Sheila. Robert comforts Zach. Scott comforts,11,Sally
Bill buys Janet. Nick buys Lauren. Hannah buys Rita. Jill buys Kurt. Jeff buys Pam. Brian buys Juan. Jason buys Marie. Emily buys Stan. Jacob buys Terry. Mary buys Pamela. Tom buys Renee. Keith buys Kay. Paul buys Anthony. Kay buys Howard. Liz buys Irene. Donna buys Paula. Tom buys,11,Renee
Fred pays Ian. Laura pays Janet. Thomas pays Travis. Leon pays Rebecca. Lauren pays Julian. Kathy pays Victoria. Carl pays Alison. Joseph pays Noah. Diana pays Marc. Juan pays Louis. Kyle pays Michelle. Michael pays Sharon. Lily pays Violet. Hope pays Norman. Ian pays Troy. Justin pays Isaac. Kyle pays,11,Michelle
Ruth commands Victoria. Michael commands Johnny. Joy commands Lori. Ellen commands Ashley. Anne commands Sandra. Kurt commands Walter. Anna commands April. Craig commands Rebecca. Leon commands Judy. David commands Nancy. Luke commands Margaret. Claire commands Leo. Daniel commands Joan. Jill commands Justin. Lily commands Alicia. Jack commands Maggie. Luke commands,11,Margaret
Joseph questions Roy. Daniel questions Liz. Dean questions Amelia. Melissa questions Nancy. Anne questions Maggie. Susan questions Leah. Jeff questions Judy. Marc questions Michelle. Martin questions Ralph. Lucy questions Terry. Jake questions Russell. Alex questions Valerie. James questions Louis. Michael questions Ashley. Matt questions Philip. Katie questions Isaac. Jake questions,11,Russell
Maria draws Ray. Kate draws Stan. Liz draws Kelly. Keith draws Alison. Adam draws Kyle. Ben draws Pam. Emma draws Zach. Alex draws Terry. Jean draws Kirk. Austin draws Philip. Jacob draws Todd. Lisa draws Rita. Thomas draws Leah. Mary draws Tyler. Julia draws Monica. Anne draws Patrick. Jacob draws,11,Todd
Howard judges Jenny. Kate judges Philip. Donna judges Angela. Alice judges Oscar. Eric judges Peggy. Jacob judges Nicholas. Justin judges Kara. Andrew judges Stephen. Joe judges Sharon. Anna judges Ashley. David judges Adrian. Bill judges Kyle. Dean judges Nicole. Jason judges Kim. Michael judges Kay. Ryan judges Ken. David judges,11,Adrian
Dean commands Anthony. Pat commands Martin. Louis commands Michelle. Nick commands William. Melissa commands Ted. Peter commands Joan. Kate commands Howard. Arthur commands Wanda. Ken commands Sue. Johnny commands Jerry. Matt commands Johnny. Julia commands Kirk. Margaret commands Jordan. David commands Joy. Tim commands Sharon. Kathy commands Rita. Matt commands,11,Johnny
Kelly warns Ian. Blake warns Amelia. Eric warns Liam. Jerry warns Irene. Austin warns Ron. Jean warns Marc. Linda warns Ted. Kathy warns Russell. Adam warns Ralph. Grace warns Roger. Lisa warns Maggie. Marie warns Pamela. Frank warns Marie. Liz warns Sean. Emma warns Keith. Keith warns Sharon. Lisa warns,11,Maggie
Mark offers Kim. Jenny offers Joan. Andrew offers Isabel. George offers Oscar. Rad offers Alexa. Steve offers Sara. Scott offers Walter. Julia offers Liam. Jeff offers Monica. Leon offers Patrick. Ruth offers Sue. Jean offers Stephen. Laura offers Victoria. Dave offers Rita. John offers Julian. Arthur offers Logan. Ruth offers,11,Sue
Blake urges Margaret. Scott urges Rachel. Jacob urges Jean. Mark urges Ray. Johnny urges Wayne. Jack urges Judy. Diana urges Roy. Arthur urges Sean. Kevin urges Alison. Aaron urges Todd. Maggie urges Peggy. Ellen urges Richard. Carl urges Sandra. Emma urges Stephen. George urges Ron. Helen urges Troy. Maggie urges,11,Peggy
Ruth teaches Michelle. Jake teaches Noah. Margaret teaches Janet. Greg teaches Ronald. Hannah teaches Kyle. Alice teaches Melissa. Peter teaches Albert. Linda teaches Richard. Juan teaches June. Alex teaches Norman. Faith teaches Todd. Maria teaches Roger. Kim teaches Shawn. Jeff teaches Robin. Brian teaches Tracy. Craig teaches Nancy. Faith teaches,11,Todd
Blake welcomes Monica. Tony welcomes Robin. Maggie welcomes Lauren. Katie welcomes Louis. Nick welcomes Nicholas. Tim welcomes Vincent. Greg welcomes Leon. Juan welcomes Sally. Harry welcomes Sylvia. Melissa welcomes Neil. Donna welcomes Keith. Lisa welcomes Leah. Bill welcomes Leo. Pat welcomes Sean. Susan welcomes Ray. Hannah welcomes Ian. Donna welcomes,11,Keith
Leo assists Nicole. John assists Maggie. Marc assists Peggy. Lisa assists Tyler. Eric assists Victor. Grace assists Jean. Juan assists Leah. Brian assists Neil. Kurt assists Philip. Henry assists Pam. Dave assists Ray. Tim assists Adrian. Donna assists Ashley. Michael assists Justin. Rick assists Kay. Mike assists Stephen. Dave assists,11,Ray
Kyle makes Jean. Marie makes Sylvia. Bob makes Stan. Joy makes Peggy. Anna makes Alison. Aaron makes Sara. Martin makes Howard. Ian makes Ron. Jerry makes Kara. David makes Stephanie. Rose makes Amelia. Grace makes Liam. Edward makes Ronald. Eric makes Lauren. Maria makes Roger. Alan makes Melissa. Rose makes,11,Amelia
Alex takes Lori. Laura takes Jacob. Frank takes Sandra. Pat takes Ashley. Rose takes Zach. Maria takes Oscar. Dean takes Juan. Kyle takes June. Tim takes Kyle. Daniel takes Logan. Jill takes Albert. Jenny takes Andrea. Ryan takes Jerry. Ben takes Melissa. Diana takes Isaac. Nick takes Margaret. Jill takes,11,Albert
Luke hears Ken. Hope hears Julian. Arthur hears Pamela. Linda hears Roy. Martin hears Shawn. Amy hears Ted. Juan hears Shirley. Lauren hears Ruby. Maggie hears Richard. Johnny hears Victoria. Edward hears Vincent. Ellen hears Phil. Will hears Troy. Helen hears Anthony. Sarah hears Rachel. Rad hears Sheila. Edward hears,11,Vincent
Kyle stays Ray. Bill stays Valerie. Johnny stays Peggy. Carl stays Sally. Maria stays Wanda. Lily stays Julian. Arthur stays Melanie. Marc stays Alison. Rose stays Sylvia. Peter stays Noah. Tim stays Irene. Jenny stays Victor. Emma stays Howard. Rick stays Roy. Anna stays Kirk. Jean stays Ken. Tim stays,11,Irene
Joseph risks Tyler. Jordan risks Lauren. Henry risks Richard. Gary risks Melissa. Ben risks Kathy. Hope risks Natalie. Helen risks Shirley. Rick risks Judy. Tom risks Kyle. Melissa risks Melanie. Lucy risks Rachel. Maggie risks Lydia. Jenny risks Stan. Arthur risks Juan. Kim risks Pam. Jane risks Anthony. Lucy risks,11,Rachel
Jane challenges Renee. Rad challenges Julian. Mark challenges Terry. Marc challenges Pam. Kay challenges Liz. Ruth challenges Isabel. Marie challenges Martin. Kyle challenges Zach. Carl challenges Victor. Michael challenges Joseph. Grace challenges Philip. Austin challenges Noah. Fred challenges Alexa. Donna challenges Keith. Justin challenges Natalie. Ian challenges Anthony. Grace challenges,11,Philip
Steven stops Noah. Nick stops Keith. Jill stops Sharon. Claire stops Nicholas. Daniel stops Jenny. Max stops Shawn. Emily stops Victor. Bob stops Victoria. John stops Ron. Jason stops Kirk. Jack stops Joseph. Carol stops Logan. Jake stops Shirley. Hannah stops Natalie. Mark stops Kim. Josh stops Neil. Jack stops,11,Joseph
Henry comforts Aiden. Alan comforts Oscar. Lisa comforts Kathy. Jean comforts Leon. Scott comforts Kirk. Sam comforts Violet. Gary comforts Alison. Jenny comforts Isabel. Adam comforts Tyler. Tim comforts Peggy. Pat comforts Albert. Juan comforts Lori. Kathy comforts Melissa. Emma comforts Justin. Mark comforts Liam. Maria comforts Leo. Pat comforts,11,Albert
Andrew fixes Ken. Charles fixes Jerry. Keith fixes Marie. Justin fixes Sharon. Eric fixes Stephen. Donna fixes Liam. Adam fixes Marc. Tony fixes Nathan. Will fixes Oscar. Gary fixes Rita. Lily fixes Tyler. Nick fixes Sue. Kathy fixes June. Amy fixes Isaac. Steven fixes Philip. Pat fixes Jordan. Lily fixes,11,Tyler
Rick tells Martin. Bob tells Sharon. Jill tells Kyle. Charles tells Marc. Martin tells Anthony. Eric tells Jenny. Luke tells Melanie. Mike tells Zach. Ryan tells Maggie. Karen tells Wanda. Helen tells Victoria. Mary tells June. Alex tells Philip. Austin tells Michelle. Julia tells Stan. Jordan tells Margaret. Helen tells,11,Victoria
Howard protects Marie. Ben protects Lori. Peter protects Jerry. Marc protects April. Leon protects Joan. Fred protects Kara. Rad protects Juan. Kelly protects Wayne. Jason protects Kelly. Kurt protects Leo. Alice protects Sharon. Daniel protects Monica. Claire protects Victor. Steve protects Amelia. Lucy protects Kim. Carol protects Margaret. Alice protects,11,Sharon
Henry approaches Alicia. Peter approaches Liz. Leo approaches Neil. Jacob approaches Pamela. Lauren approaches Roy. Emma approaches Ralph. Mike approaches Valerie. Hope approaches Kathy. Susan approaches Kurt. Daniel approaches Peggy. Kim approaches Travis. Kate approaches Kyle. Louis approaches Leo. Rick approaches Jill. Ian approaches Alison. Tony approaches June. Kim approaches,11,Travis
Helen shows Sandra. Alan shows Alicia. Laura shows Pam. Melissa shows Jacob. Hannah shows Sara. Leon shows Phil. Susan shows Ruby. Lucy shows Angela. Anna shows Jordan. Liz shows Renee. Hope shows Peggy. Alice shows Alison. Grace shows Kay. Joseph shows Sue. Bill shows Michelle. Paul shows Leo. Hope shows,11,Peggy
Julia trains Liz. Juan trains Victor. Louis trains Jacob. Tony trains William. Michael trains Marc. Johnny trains April. Jacob trains Martin. Claire trains Leah. Maria trains Howard. Dennis trains Teresa. Thomas trains Lori. Harry trains Olga. Kay trains Nancy. Mary trains Rebecca. Liz trains Valerie. Karen trains Joseph. Thomas trains,11,Lori
June knows Renee. Megan knows Phil. Maria knows Terry. Josh knows Nicholas. Chris knows Melanie. Kevin knows Aiden. Kathy knows Stan. Tony knows Anthony. Alice knows Ted. Jean knows Roger. Michael knows Ashley. Lisa knows Pamela. Jake knows Sharon. Anna knows Janet. Tom knows Lydia. Thomas knows Roy. Michael knows,11,Ashley
Linda makes Marc. Edward makes Leah. Rose makes Adrian. Maggie makes Rita. Aaron makes Marie. Gary makes Justin. Adam makes Alison. Max makes Monica. Rick makes Todd. Rad makes Phil. Ryan makes Ian. Julia makes Paula. Steve makes Natalie. James makes Tyler. Kevin makes Sue. Kelly makes Lauren. Ryan makes,11,Ian
Ryan follows Zach. Lucy follows Marie. Luke follows Martin. Dennis follows Nicholas. Frank follows Liam. Hannah follows Ruby. George follows Irene. Kevin follows Peggy. Harry follows Amelia. Tim follows Ian. Kay follows Rachel. Keith follows Joseph. Austin follows Alicia. Steven follows Ken. Chris follows Norman. Edward follows Justin. Kay follows,11,Rachel
Gary blocks Rebecca. Craig blocks Walter. Henry blocks Wayne. Tim blocks Norman. Blake blocks Juan. Liz blocks Tyler. Jane blocks Peggy. Fred blocks Martin. Marie blocks Wanda. Kurt blocks Terry. David blocks Alison. Rick blocks Ray. Rose blocks Melissa. Jeff blocks Sean. Ruth blocks Rita. Ben blocks Neil. David blocks,11,Alison
Daniel treats Wanda. Paul treats Neil. Dean treats Johnny. Arthur treats Sharon. Lily treats Jerry. Harry treats Julian. Michael treats Jean. Diana treats Ralph. Pat treats Martha. Tom treats Jacob. Dave treats Natalie. June treats Sylvia. Lucy treats Alison. Carl treats Janet. Andrew treats Roger. Anne treats Pam. Dave treats,11,Natalie
Diana fears Ralph. Daniel fears Jacob. Katie fears Zach. Matt fears Nancy. Harry fears Stephen. Lily fears Aiden. Ian fears Terry. Kate fears Ken. Carol fears Walter. Marie fears Phil. Emma fears Robin. Lisa fears Kay. Karen fears Margaret. June fears Juan. Hannah fears Valerie. Sam fears Wanda. Emma fears,11,Robin
Mary demands Victor. Sam demands Leah. Max demands Tyler. Dean demands Walter. Jeff demands Martha. Megan demands Maggie. Kate demands Michelle. Mark demands Marie. Arthur demands Kyle. Martin demands Alexa. Kathy demands Russell. Steve demands Liz. Leon demands Irene. Jerry demands Kirk. Kelly demands Philip. Will demands Martin. Kathy demands,11,Russell
Michael blocks Sara. Joe blocks Martha. Charles blocks Ted. Luke blocks Joan. Kate blocks Ray. Kay blocks Johnny. Peter blocks Sheila. Kelly blocks Pam. Mary blocks Kay. Anne blocks Ruby. Dean blocks Marc. Ian blocks Judy. Jack blocks Liz. Amy blocks Kyle. Ryan blocks Michael. Kurt blocks Isabel. Dean blocks,11,Marc
Bill reminds Louis. Will reminds Travis. Dean reminds Nicole. Kim reminds Marie. Ken reminds Kathy. Mike reminds Shirley. Eric reminds April. Emma reminds Andrea. Linda reminds Rebecca. Ryan reminds Jacob. Karen reminds Lauren. Emily reminds Kim. Melissa reminds Melanie. Maria reminds Kurt. Nick reminds Olga. Austin reminds Ted. Karen reminds,11,Lauren
Diana grabs April. Aaron grabs Logan. Steve grabs Sharon. Bob grabs Noah. Helen grabs Howard. Jill grabs Vanessa. Jenny grabs Liam. Jack grabs Leo. Ellen grabs Sally. Kate grabs Aiden. Joseph grabs Rita. Tom grabs Philip. Eric grabs Maggie. Dean grabs Margaret. Kevin grabs Melissa. Ben grabs Stephanie. Joseph grabs,11,Rita
Lisa seeks Marc. Jordan seeks Roger. Megan seeks Roy. Kay seeks Leon. Ken seeks Jenny. Ruth seeks Victor. Joe seeks Juan. Carl seeks Sue. Dennis seeks Johnny. Daniel seeks Jill. Matt seeks Neil. Johnny seeks April. Henry seeks Kim. Bill seeks Liam. Dave seeks Wanda. James seeks Sara. Matt seeks,11,Neil
Robert thanks Olga. Austin thanks Nicole. Fred thanks Johnny. Arthur thanks Howard. Scott thanks Isabel. Joe thanks Monica. Martin thanks Robin. Dean thanks Sheila. Emily thanks Shirley. Megan thanks Paula. Hope thanks Sally. Nick thanks Sylvia. Peter thanks Sandra. Craig thanks Noah. Andrew thanks Liz. Alex thanks Roger. Nick thanks,12,Sylvia
Donna prohibits Victoria. Peter prohibits Ian. Jason prohibits Travis. Anna prohibits Ashley. Mary prohibits Tyler. Fred prohibits Martin. Austin prohibits Jean. Lucy prohibits Monica. Alex prohibits Johnny. Claire prohibits Ralph. Craig prohibits Stan. Rick prohibits Ken. Keith prohibits Tracy. Ruth prohibits Roger. Bill prohibits Neil. Ellen prohibits Amber. Rick prohibits,12,Ken
June gives Roy. Nick gives Melanie. Rick gives Keith. Laura gives Sally. Lauren gives Olga. Lily gives Sylvia. Hope gives Judy. Thomas gives Natalie. Bob gives Ralph. Carol gives Rita. Luke gives Jerry. Ruth gives Leon. Daniel gives Sheila. David gives Nicholas. Arthur gives Patrick. Bill gives Martin. Ruth gives,12,Leon
Gary approaches Tyler. Jane approaches Alexa. Luke approaches Alison. Karen approaches Leo. Marc approaches Neil. Anne approaches Justin. Max approaches Isaac. Brian approaches Ruby. Jacob approaches Wanda. Will approaches Isabel. Josh approaches Sara. Alex approaches Norman. Donna approaches Jill. Austin approaches Troy. Blake approaches Ralph. Kathy approaches Aiden. Alex approaches,12,Norman
Sarah advises Michael. Kathy advises Jordan. Andrew advises Martin. Arthur advises Kara. Frank advises Kathy. Will advises Rob. Joseph advises Irene. Kyle advises Monica. Jeff advises Wanda. Ben advises Adrian. Kelly advises Nathan. Aaron advises Stephen. Tom advises Anthony. Johnny advises Shawn. Paul advises Ted. Leon advises Rita. Aaron advises,12,Stephen
Howard gives Michael. Gary gives Rob. Marie gives June. Leo gives Alison. Tony gives Janet. Josh gives Ralph. Andrew gives Stephanie. Mary gives Kirk. Amy gives Victor. Will gives Monica. Aaron gives Nicole. Harry gives Leah. Greg gives Alexa. Kim gives Kelly. Diana gives Martin. Jacob gives Roger. Harry gives,12,Leah
Thomas sends Phil. Ken sends Ron. Bill sends Sue. Robert sends Violet. Tom sends Judy. Jordan sends Patrick. Liz sends Kelly. Anna sends Ralph. Rad sends Roger. Brian sends Aiden. June sends Stephanie. Tim sends Ruby. Ruth sends Nancy. James sends Sally. Diana sends Liam. Emma sends Shirley. Tim sends,12,Ruby
Paul advises Kirk. Pat advises Michael. Sam advises Marie. Jean advises Logan. Sarah advises Terry. Tom advises William. Craig advises Rita. Jeff advises Leah. Laura advises Sara. Jake advises Maggie. Bill advises Oscar. Juan advises Pamela. Fred advises Adrian. Maria advises Melissa. Kelly advises Pam. Alice advises Kathy. Juan advises,12,Pamela
Hannah pays Kurt. Ben pays Nancy. Jacob pays Pamela. Eric pays Jean. Bill pays Kirk. Ian pays Victor. Laura pays Logan. Kurt pays Nicholas. Marie pays Nathan. Kim pays Alicia. Mark pays Phil. Adam pays Sally. Matt pays Monica. Jerry pays Michelle. Scott pays Johnny. Joseph pays Vincent. Adam pays,12,Sally
Peter trains Violet. Hannah trains Jill. Dean trains Andrea. Amy trains Albert. Lauren trains Lydia. Adam trains Todd. Kevin trains Teresa. Steven trains Kathy. Emily trains Philip. Carl trains Jean. Bill trains Isabel. Nick trains Juan. Emma trains Justin. Lisa trains Zach. Joe trains Liz. Jane trains Melissa. Nick trains,12,Juan
Daniel reminds Victor. Kyle reminds Isaac. Johnny reminds Olga. Josh reminds Phil. Harry reminds Kim. Scott reminds Sandra. Tom reminds Sheila. Ellen reminds Margaret. Helen reminds Nicholas. Louis reminds Victoria. Lily reminds Michelle. Amy reminds Kirk. Kay reminds Maggie. Gary reminds Kathy. Carl reminds Michael. Eric reminds Irene. Amy reminds,12,Kirk
Alan grabs Melanie. Frank grabs Isabel. Craig grabs Renee. Pat grabs Jean. Jill grabs Angela. Rick grabs Jordan. Kay grabs Rachel. Megan grabs Kay. Mary grabs Shawn. Karen grabs Zach. Lily grabs Teresa. Henry grabs Roy. Hope grabs Johnny. Sam grabs Sally. David grabs Michael. John grabs Todd. Henry grabs,12,Roy
Johnny follows Joy. Martin follows Pam. George follows Violet. Margaret follows Joseph. Eric follows Todd. Kate follows Ted. Laura follows Louis. Nick follows Alison. Tony follows Aiden. Chris follows Tyler. Jordan follows Lydia. Blake follows Valerie. Anne follows Vincent. Arthur follows Lauren. Fred follows Albert. Craig follows Zach. Blake follows,12,Valerie
Karen leaves April. Pat leaves Kelly. Ken leaves Irene. Liz leaves Rita. Juan leaves Olga. Sarah leaves Sharon. Kevin leaves William. Alex leaves Shawn. Maggie leaves Liz. Mike leaves Ashley. Harry leaves Jenny. Luke leaves Walter. Jerry leaves Joseph. Peter leaves Louis. Donna leaves Kim. Michael leaves Victoria. Luke leaves,12,Walter
Rick cooks Keith. Keith cooks Norman. Mark cooks Noah. Joseph cooks Ian. Lisa cooks Kara. Peter cooks Janet. Claire cooks Russell. Harry cooks Rita. Marie cooks Paula. Maria cooks Valerie. Rad cooks Kelly. Donna cooks Aiden. Justin cooks Adrian. Maggie cooks Joan. Brian cooks Leon. Bill cooks Troy. Donna cooks,12,Aiden
Leon denies Rita. Jerry denies Amber. Kathy denies Liz. Sarah denies Teresa. Kay denies Joy. Claire denies Sandra. Rose denies Janet. Aaron denies Natalie. Dean denies Victoria. Sam denies Kyle. Harry denies Kim. Jeff denies Ron. Pat denies Pam. Margaret denies Rebecca. Alex denies Lydia. Ruth denies Alicia. Jeff denies,12,Ron
Mary hides Ted. Mark hides April. Sam hides Martha. Luke hides Jean. Alice hides Shirley. Julia hides Lydia. Kathy hides Renee. Marie hides Monica. Ruth hides Isabel. Donna hides Leo. John hides Travis. Hope hides Kurt. Adam hides Shawn. Craig hides Marc. Nick hides Jill. Frank hides Kyle. Hope hides,12,Kurt
Robert fears Marc. Alan fears Patrick. George fears Sally. June fears Amber. Liz fears Sue. Mary fears Alicia. Blake fears Joy. Julia fears Victor. Jenny fears Natalie. Ian fears Tracy. Eric fears Pamela. Maggie fears Ian. Paul fears Sharon. Leon fears Amelia. Thomas fears Travis. Hope fears Monica. Maggie fears,12,Ian
Lisa insists Rita. Hope insists Jenny. Edward insists Alicia. Sam insists Kathy. Ben insists Jean. Faith insists Violet. Jordan insists Rob. Alex insists Ken. Juan insists Victoria. Louis insists Irene. Sarah insists Martha. Amy insists Phil. Justin insists Justin. Helen insists Wayne. Margaret insists Aiden. Gary insists Isaac. Amy insists,12,Phil
Pat brings Juan. Jean brings Stephen. Edward brings Peggy. Liz brings Tyler. Dennis brings Violet. Helen brings Amber. Steve brings Nancy. James brings Leon. Leon brings Johnny. Kim brings Pamela. Lucy brings Sara. Carol brings Kathy. Grace brings June. Kevin brings Angela. Anne brings Marc. Hannah brings Roger. Carol brings,12,Kathy
Johnny fears Tyler. Donna fears Violet. Alan fears Ronald. Alice fears Jacob. Aaron fears Justin. Faith fears Richard. Austin fears Jean. Joy fears Pamela. Claire fears Jill. Fred fears Rachel. Margaret fears Isabel. Diana fears Norman. Grace fears Ken. Jack fears Aiden. June fears Zach. Jerry fears Rebecca. Diana fears,12,Norman
George shows Phil. Jack shows Sharon. Emma shows Maggie. Anne shows Travis. Ben shows Angela. Aaron shows Sue. Eric shows Ashley. Daniel shows Stephanie. Jean shows Teresa. Jane shows Valerie. David shows Kara. Kim shows Rob. Paul shows Janet. John shows Andrea. Rad shows Jill. Katie shows Jacob. Kim shows,12,Rob
Scott scores Sharon. Kurt scores Kara. Mary scores Richard. Keith scores Roy. Faith scores Aiden. Chris scores Adrian. Bob scores Norman. Jenny scores Lori. Linda scores Noah. Craig scores Jacob. Emily scores Ted. Arthur scores Troy. Diana scores Amber. Grace scores Irene. Ben scores Sue. Will scores Valerie. Arthur scores,12,Troy
Jenny shares Juan. Joseph shares Michelle. Charles shares Jenny. Nick shares Philip. Lucy shares Tracy. Hope shares Melissa. Rad shares Shirley. Donna shares Jill. Hannah shares Anthony. Chris shares Ashley. Rose shares William. Howard shares Tyler. Aaron shares Ray. Liz shares Albert. Louis shares Amelia. Adam shares Alison. Howard shares,12,Tyler
Susan visits Jacob. Katie visits Melanie. Rad visits Ronald. Johnny visits Shawn. Ken visits Nathan. Robert visits Alexa. Matt visits Zach. Margaret visits Howard. Mark visits Margaret. Alice visits Isaac. Rose visits Isabel. Michael visits Sean. Karen visits Kyle. Steven visits Tyler. Chris visits Amber. Thomas visits Sheila. Michael visits,12,Sean
Greg closes Phil. Adam closes Natalie. John closes Patrick. Harry closes Neil. Alan closes Nicholas. Craig closes April. Megan closes Juan. Donna closes Noah. Susan closes June. Johnny closes Kyle. Emily closes Angela. Will closes Violet. Scott closes Michael. Diana closes Jerry. Melissa closes Travis. Carl closes Peggy. Will closes,12,Violet
Brian grabs Kim. Carl grabs Amelia. David grabs Wayne. Alice grabs Keith. Nick grabs Teresa. Marie grabs Nicholas. Edward grabs Melanie. Hope grabs Philip. Ian grabs William. Megan grabs Monica. Michael grabs Rob. Austin grabs Anthony. Diana grabs Ron. Tony grabs Nicole. Liz grabs Julian. June grabs Kirk. Austin grabs,12,Anthony
Henry captures Adrian. Laura captures William. Katie captures Rebecca. Ken captures Lydia. Juan captures Andrea. Fred captures Nathan. Faith captures Kurt. Charles captures Howard. Liz captures Kara. Maria captures Nancy. Jerry captures Jerry. Julia captures Ashley. Nick captures Terry. George captures Tyler. Sarah captures Marie. Steve captures Ian. Julia captures,12,Ashley
Austin scores Vanessa. Gary scores Jacob. Sarah scores Isabel. Mike scores Kim. Jacob scores April. Sam scores Stephanie. Marc scores Todd. Mary scores William. Amy scores Neil. Marie scores June. Craig scores Julian. Maria scores Jill. Keith scores Johnny. Jason scores Kay. Greg scores Nicholas. John scores Rachel. Maria scores,12,Jill
Austin wants Joy. Henry wants Valerie. Blake wants Zach. Rose wants Nathan. Kurt wants Isaac. Luke wants Melissa. Jordan wants Aiden. Kim wants Philip. Steve wants Vanessa. Tim wants Janet. Laura wants Vincent. Amy wants Amber. Emily wants Rob. Mike wants Tyler. Matt wants Isabel. Rick wants June. Amy wants,12,Amber
Leo judges Nancy. Amy judges Leah. Ruth judges Teresa. Alan judges Paula. Brian judges Amelia. Marie judges Janet. Lily judges Adrian. Grace judges Margaret. Paul judges Olga. Hannah judges Todd. Lucy judges Nicole. Anna judges Pamela. Kim judges Leo. Steven judges Philip. Jeff judges Ken. Jacob judges Robin. Anna judges,12,Pamela
Kelly heals Melissa. Joy heals Stephanie. Sam heals Troy. Diana heals Russell. Maggie heals Kurt. Dennis heals Michael. Linda heals Ron. Laura heals Shirley. Anne heals Irene. Robert heals Lori. Helen heals Valerie. Megan heals Martha. Jason heals Anthony. Paul heals Angela. Claire heals Maggie. Dean heals Melanie. Megan heals,12,Martha
Marie permits Russell. Justin permits Roy. Mark permits Philip. Mary permits Liz. Lisa permits Zach. Harry permits Sue. Kate permits Louis. Anna permits Logan. Will permits Sean. Donna permits Roger. Kevin permits Kim. Steven permits Nicole. Sam permits Victoria. Ben permits Sandra. Lucy permits Ronald. John permits Tracy. Steven permits,12,Nicole
Maria fears Violet. Ryan fears Victoria. Bob fears Ronald. Ken fears Janet. Linda fears Nicholas. Ellen fears Jenny. Claire fears Stephen. Will fears Andrea. David fears Alicia. Kelly fears Jean. Tim fears Pamela. Lily fears Richard. Lucy fears Jordan. John fears Todd. Jill fears Sara. Margaret fears Joseph. Lily fears,12,Richard
Charles reminds Joseph. Frank reminds Phil. Claire reminds Nicole. Aaron reminds Roy. Will reminds Liz. Mary reminds Pamela. Steve reminds Neil. Jerry reminds Walter. Dennis reminds Oscar. Anna reminds Jerry. Dean reminds Liam. Joy reminds Violet. Karen reminds Shirley. Hannah reminds Michael. Robert reminds Vincent. Kate reminds Sally. Joy reminds,12,Violet
Frank comforts Ian. Matt comforts Vanessa. Ben comforts Alicia. Carol comforts Margaret. Keith comforts Todd. Charles comforts Alison. Jack comforts Roger. Ellen comforts Nicole. Jake comforts Rob. Anne comforts Sean. Grace comforts Renee. Marc comforts Melissa. Edward comforts Ted. Fred comforts Michael. Dave comforts Liam. Tom comforts Violet. Marc comforts,12,Melissa
Rose challenges Lydia. Joseph challenges Todd. Kay challenges Natalie. Jason challenges Albert. Donna challenges Irene. Ben challenges Sean. Dave challenges Kathy. Brian challenges Ken. Grace challenges Victor. Kevin challenges Wanda. Lauren challenges Johnny. Ellen challenges Angela. Edward challenges Sharon. Joy challenges Phil. Bill challenges Vanessa. Jake challenges Jerry. Ellen challenges,12,Angela
Leo texts Jean. Donna texts Rita. Brian texts Howard. Marie texts Michael. John texts April. Justin texts Ted. Scott texts Isabel. Andrew texts Kara. Ryan texts Stephen. Faith texts Liz. Jean texts Natalie. Claire texts Kelly. Rad texts Angela. Maria texts Jerry. Edward texts Kyle. Luke texts Zach. Claire texts,12,Kelly
Nick blocks Ron. Rad blocks Howard. Scott blocks Kurt. Tim blocks Ray. Howard blocks Ken. Alan blocks Roy. Aaron blocks Vanessa. Greg blocks Angela. Ruth blocks Patrick. Kate blocks Liz. Johnny blocks Michelle. Margaret blocks Melanie. Louis blocks Teresa. Maria blocks Kay. Hope blocks Maggie. Fred blocks Alicia. Margaret blocks,12,Melanie
Helen questions Neil. Aaron questions William. Amy questions Travis. David questions Tracy. Frank questions Terry. Tom questions Judy. Lily questions Monica. Andrew questions Nancy. Susan questions Ian. Marc questions Angela. Katie questions Isabel. Rose questions Philip. Jerry questions Pam. Linda questions Robin. Gary questions Sandra. Emily questions Joan. Rose questions,12,Philip
Jacob shows Teresa. Eric shows Sue. Tom shows Keith. Craig shows Ken. Luke shows Shawn. Emily shows Victor. Chris shows Martha. Jake shows Alicia. Adam shows Terry. Kelly shows Wanda. David shows Vanessa. Charles shows Marie. Ken shows Sean. Mike shows Lauren. Kyle shows Jerry. James shows Irene. Charles shows,12,Marie
Paul assists Renee. Kathy assists Kara. Will assists Sean. Sarah assists Pam. Julia assists Ralph. Greg assists Olga. Kelly assists April. Claire assists Victor. Johnny assists Kirk. Tom assists Vanessa. Ruth assists Martha. Jordan assists Adrian. Gary assists Zach. Mike assists Valerie. Emma assists Logan. Karen assists Kelly. Jordan assists,12,Adrian
Arthur checks Kurt. Megan checks Ian. Diana checks Ted. Dean checks Judy. Kyle checks April. Paul checks Valerie. Kim checks Todd. Leon checks Julian. Joseph checks Victoria. Louis checks Wayne. Hope checks Jordan. Thomas checks Natalie. Ruth checks Martin. Bob checks Ronald. James checks Robin. Nick checks Keith. Thomas checks,12,Natalie
Emily thanks Howard. Michael thanks Renee. Megan thanks Rob. Kyle thanks Michelle. Louis thanks Jenny. Steve thanks Jordan. Mark thanks Monica. Claire thanks Roy. Joy thanks Shawn. Howard thanks Louis. Kathy thanks Russell. Linda thanks Tyler. Jack thanks Patrick. Harry thanks Nathan. Mike thanks Keith. Ken thanks Sandra. Linda thanks,12,Tyler
Carl hears Martha. Justin hears Jordan. Luke hears Victor. Daniel hears Kay. David hears Roy. Kevin hears Sean. Maggie hears Victoria. Julia hears Judy. Mike hears Melissa. Ian hears Roger. Liz hears Shawn. Megan hears Violet. Adam hears Ian. Eric hears Sue. Frank hears Ted. Kelly hears Shirley. Megan hears,12,Violet
George wakes Robin. Daniel wakes Kyle. Alan wakes Shawn. Claire wakes Kathy. Helen wakes Leon. Jerry wakes Michelle. Maria wakes Janet. Scott wakes Richard. Carl wakes Tyler. Amy wakes Todd. Laura wakes Margaret. Kevin wakes Stephanie. Kelly wakes Kim. Dean wakes Kurt. Justin wakes Paula. Michael wakes Juan. Kevin wakes,12,Stephanie
Tim parks Amelia. Jacob parks Todd. Kay parks Isabel. Louis parks Justin. Tony parks Lauren. Josh parks Joseph. Melissa parks Logan. Jason parks Marie. Aaron parks Amber. Diana parks Sandra. Kathy parks Nicholas. Maggie parks Stephanie. Anne parks Keith. Katie parks Johnny. Nick parks Maggie. Jeff parks Nathan. Maggie parks,12,Stephanie
Julia builds Roy. Martin builds Louis. Paul builds Terry. Liz builds Howard. Aaron builds Wanda. Howard builds Joan. Maggie builds Zach. Anna builds Melanie. Louis builds Valerie. Carl builds Ron. James builds Jacob. Kathy builds Martha. Josh builds Keith. Edward builds Teresa. Justin builds Sandra. Jason builds Pam. Kathy builds,12,Martha
Gary warns Ruby. Henry warns Marc. Jean warns Monica. Jason warns Irene. Rad warns Victoria. Paul warns Amelia. Grace warns Victor. Peter warns Tyler. Fred warns Todd. Ryan warns Jacob. Emma warns Liam. Josh warns Amber. Kathy warns Liz. Arthur warns Juan. Carl warns Ted. Maggie warns Sheila. Josh warns,12,Amber
Liz scores Liz. Juan scores Andrea. Justin scores Ian. Steve scores Pamela. Lauren scores Marc. Claire scores Isaac. Craig scores Isabel. Anne scores Alexa. Joy scores Pam. Ben scores Michael. Carl scores Alison. Hannah scores Wayne. Pat scores Nicole. Maggie scores Rebecca. Blake scores Sandra. Jenny scores Nathan. Hannah scores,12,Wayne
Juan calls Lydia. Bill calls Rebecca. Kyle calls Shawn. Matt calls Sylvia. Edward calls Justin. Rick calls Irene. Emma calls Juan. Tony calls Ted. Melissa calls Roger. Joe calls Sandra. Kathy calls Rita. Greg calls Russell. June calls Kurt. Anna calls Kay. Tim calls Kathy. Kelly calls Walter. June calls,13,Kurt
Mark gives Sue. Mike gives Jacob. Austin gives Kelly. Rick gives Maggie. David gives Irene. Chris gives Margaret. Kyle gives Norman. Maria gives Amelia. Andrew gives Ralph. Grace gives Neil. Max gives Liz. Will gives Ken. Lisa gives Martin. Steve gives Stan. Blake gives Russell. Kurt gives Rob. Lisa gives,13,Martin
Paul makes Ted. Karen makes Wayne. Justin makes Tracy. Thomas makes Anthony. Kelly makes Andrea. Claire makes Roger. Keith makes Keith. Julia makes Rebecca. Dean makes Aiden. Mike makes Lydia. Susan makes Paula. Carol makes Adrian. Eric makes Rita. Sam makes Pamela. Ian makes Marie. Steven makes Lori. Eric makes,13,Rita
Rad denies Monica. Anna denies Keith. Claire denies Jerry. Thomas denies Howard. Nick denies Sylvia. Max denies Kyle. Jack denies Melanie. Bill denies Sharon. Sam denies Paula. Rick denies Martin. Mark denies Justin. Alice denies Kim. Brian denies Victoria. Juan denies Adrian. Maggie denies Margaret. Kevin denies Robin. Brian denies,13,Victoria
Steven follows Roger. Jerry follows Russell. Mary follows Joan. Bill follows Sara. Lisa follows Sheila. Lucy follows Amber. Tom follows Alison. Greg follows Leah. Sam follows Monica. Johnny follows Janet. Linda follows Leon. Daniel follows Martha. Nick follows Andrea. Ken follows Margaret. Karen follows William. Dennis follows Kara. Nick follows,13,Andrea
Ryan catches Amber. Luke catches Vanessa. Thomas catches Sean. Jane catches Victoria. Laura catches Albert. Hope catches Jacob. Jeff catches Oscar. Mike catches Judy. Claire catches Sharon. Lauren catches Juan. Steve catches Andrea. Maggie catches Zach. Jason catches Rebecca. Aaron catches Margaret. Alan catches Irene. George catches Louis. Jason catches,13,Rebecca
Jean avoids Keith. Julia avoids Martha. Jack avoids Jacob. Marie avoids Teresa. Lucy avoids Stan. George avoids Wayne. Chris avoids Terry. Carol avoids Patrick. Amy avoids Zach. Maggie avoids Violet. Fred avoids Natalie. Justin avoids Roger. Josh avoids Olga. Mark avoids Nicole. Mike avoids Isabel. Arthur avoids Travis. Josh avoids,13,Olga
Leon feels Rob. Rad feels Sean. David feels Robin. Justin feels Phil. Carl feels Kathy. Joy feels Wayne. Eric feels Melanie. Susan feels Shawn. Hannah feels Tyler. Steve feels Travis. Paul feels Ian. Dave feels Zach. Jason feels Troy. Marie feels Stephanie. Tony feels Ray. Kurt feels Olga. Jason feels,13,Troy
Steve faces Isabel. Jack faces Liam. Gary faces Angela. Kathy faces June. Kurt faces Todd. Anna faces Alicia. Kate faces Sandra. Rad faces Kara. Grace faces Marie. Liz faces Philip. Blake faces Oscar. Lucy faces Violet. Steven faces Roy. Leo faces Liz. Amy faces Nathan. Faith faces Louis. Steven faces,13,Roy
Kevin hires Ralph. Carl hires Jordan. Joe hires Kara. Ellen hires Julian. Julia hires Ashley. Frank hires Natalie. Bill hires Rita. Rick hires Angela. Jordan hires Vanessa. Juan hires Nathan. Robert hires April. Tony hires Lori. Claire hires Anthony. Ian hires Robin. Jane hires Lydia. Martin hires Margaret. Claire hires,13,Anthony
Tim finds Roger. Liz finds Kara. Ellen finds Vincent. Joe finds Pam. Dave finds Richard. Louis finds Logan. Michael finds Teresa. Chris finds Ted. Charles finds Stephen. Maria finds Neil. Kelly finds Sally. Luke finds Terry. June finds Sara. Susan finds Victor. Martin finds Rachel. Claire finds Rita. June finds,13,Sara
Charles heals Pam. Alex heals Russell. Dean heals Nathan. Thomas heals Ron. Leo heals Robin. Max heals June. Greg heals Valerie. Andrew heals Nancy. Lisa heals Phil. Lauren heals Howard. Mary heals Violet. Louis heals Irene. Jenny heals Philip. Alice heals Anthony. Ellen heals Amber. Kathy heals Tyler. Jenny heals,13,Philip
Keith keeps Joan. Lisa keeps Roy. Michael keeps Patrick. Anne keeps Martin. Paul keeps June. Alice keeps Anthony. Mark keeps Alicia. Thomas keeps Violet. Bob keeps Logan. Gary keeps Kathy. Johnny keeps Amelia. Sam keeps Oscar. Ken keeps Sandra. Rick keeps Leah. Matt keeps Kirk. Hope keeps Marie. Ken keeps,13,Sandra
Henry explains Alicia. Rick explains Shirley. Steven explains Melanie. Tony explains Alexa. Brian explains Paula. Greg explains April. Keith explains Ashley. Dennis explains Oscar. Kevin explains Michael. Lily explains Victor. Joe explains Andrea. Josh explains Lydia. Frank explains Howard. Alex explains Teresa. Gary explains Isaac. Juan explains Sheila. Frank explains,13,Howard
Kay urges Wayne. Peter urges Tracy. Luke urges Isaac. Kyle urges Julian. Lucy urges Rachel. Aaron urges Oscar. Justin urges William. Max urges Rebecca. Bob urges Ronald. James urges Melanie. Jack urges Stephanie. Liz urges Terry. Dave urges Justin. Claire urges Lydia. Kathy urges Kirk. Pat urges Kyle. Dave urges,13,Justin
Aaron cooks Janet. Max cooks Albert. Nick cooks Anthony. Arthur cooks William. Lily cooks Ron. Grace cooks Jacob. Greg cooks Philip. Robert cooks Sally. Sam cooks Nicole. Josh cooks Russell. Charles cooks Vincent. Susan cooks Victor. Faith cooks Irene. Andrew cooks Ruby. Tony cooks Keith. Kyle cooks Richard. Faith cooks,13,Irene
Emily commands Leah. Ellen commands Juan. Steven commands Kirk. Margaret commands Lori. Jason commands Ruby. David commands Johnny. Carl commands Ashley. Faith commands Rob. Thomas commands Nicole. Howard commands Rachel. Mary commands Adrian. Austin commands Ray. June commands Liam. Gary commands Isabel. Aaron commands Olga. Joy commands Natalie. June commands,13,Liam
Mike feels Juan. Sam feels Ray. Henry feels Kathy. Carol feels Nicholas. Greg feels Rob. Kelly feels Teresa. Joe feels Maggie. Frank feels Martin. Dennis feels Shirley. Hope feels Isabel. Maria feels Sandra. Tom feels Alexa. Charles feels Liam. Brian feels Wanda. Max feels Jean. Amy feels Margaret. Charles feels,13,Liam
Anna teaches Ron. Tom teaches Marie. Aaron teaches Roy. George teaches Jacob. Henry teaches Norman. Liz teaches Jean. Melissa teaches Jenny. Adam teaches Wayne. David teaches Alexa. Juan teaches June. Laura teaches Isabel. Bill teaches Peggy. Austin teaches Nathan. Carol teaches Kathy. Emily teaches Russell. Tony teaches Sheila. Austin teaches,13,Nathan
Johnny faces Pam. Matt faces Norman. Jane faces Jerry. Alex faces Shirley. Carl faces Stan. Jerry faces Travis. Claire faces Sally. Tony faces Sara. Sarah faces Liam. Julia faces Stephen. Jacob faces Olga. Henry faces Aiden. Leon faces Nancy. Lisa faces Joy. Edward faces Stephanie. Joe faces Noah. Leon faces,13,Nancy
Carol calls Sean. Kate calls Joan. Kurt calls Adrian. Arthur calls Joy. Megan calls Noah. Rose calls Stephanie. Hope calls Wanda. Jane calls Johnny. Ben calls Joseph. Jordan calls Kelly. Amy calls Ken. Jeff calls Leo. Justin calls April. Craig calls Marie. Linda calls Patrick. Anne calls Jordan. Justin calls,13,April
Melissa proposes Lori. Carol proposes Richard. Grace proposes Terry. Kate proposes Roger. Leo proposes Jill. Susan proposes Melissa. Rad proposes Nathan. Marie proposes Ted. Jane proposes Monica. George proposes Alicia. Donna proposes Travis. Lauren proposes Troy. Leon proposes Walter. Eric proposes Olga. Austin proposes Marc. Steve proposes Leon. Leon proposes,13,Walter
Robert wakes Sally. Helen wakes Alison. Joseph wakes Kurt. Kate wakes Stan. Jacob wakes Amelia. Arthur wakes Russell. Emma wakes Neil. Marie wakes Pamela. Hope wakes Michael. Keith wakes Albert. Thomas wakes Joseph. Tony wakes Vincent. Anna wakes Melissa. Maggie wakes Victor. Kevin wakes Norman. Fred wakes Howard. Anna wakes,13,Melissa
Emily fears Rachel. David fears Albert. Mary fears Johnny. James fears Pamela. Jane fears Liam. Susan fears Stan. Anne fears Violet. Josh fears Liz. Arthur fears Sandra. Marc fears Sue. Carl fears Kathy. Juan fears Sally. Michael fears Kurt. Alan fears Kim. Max fears Alicia. Scott fears Paula. Michael fears,13,Kurt
Michael visits Jean. Henry visits Jenny. Tom visits Todd. Adam visits Sylvia. Luke visits Walter. Mike visits Joan. Craig visits Logan. Bob visits Kyle. Ryan visits Monica. Juan visits Kathy. Robert visits Wanda. Emma visits Jordan. Bill visits Phil. Jean visits Sara. Maggie visits Kelly. Austin visits Jill. Bill visits,13,Phil
Dave meets Travis. Laura meets Victor. Alex meets Wayne. Ellen meets Jordan. Peter meets Logan. Max meets Adrian. Adam meets Kurt. Lisa meets Ian. Marc meets Renee. David meets Ron. Dean meets Marie. Lauren meets Jacob. Edward meets Roger. Fred meets Patrick. Steve meets Michael. Jane meets Todd. Edward meets,13,Roger
Maria brings Sylvia. Arthur brings Nicholas. Austin brings Joan. Ben brings Nicole. Thomas brings Keith. Andrew brings Monica. Rick brings Jenny. Margaret brings Kim. Matt brings Stephanie. Bill brings Irene. Craig brings Noah. Rad brings Pamela. Johnny brings Michelle. Jean brings Sheila. Henry brings Roger. Ruth brings Natalie. Johnny brings,13,Michelle
Tom needs Jacob. Bob needs Oscar. George needs Norman. Will needs Judy. Keith needs Kurt. David needs Janet. James needs Irene. Scott needs Nicole. Hope needs Rita. Henry needs Marc. Mark needs Alexa. Jill needs Teresa. Karen needs Stephanie. Sarah needs Vanessa. Anne needs Jill. Charles needs Natalie. Karen needs,13,Stephanie
Alex finds Pam. Sarah finds Valerie. Hope finds Paula. Diana finds Keith. Laura finds Ron. Kurt finds Albert. Rose finds June. Gary finds Sharon. Eric finds Adrian. Jenny finds Margaret. Michael finds Kirk. Lily finds Rob. Howard finds Lydia. Margaret finds Juan. Susan finds Amelia. Kathy finds Liz. Howard finds,13,Lydia
Hope grows June. Harry grows Janet. Jason grows Shirley. Luke grows Alexa. Bill grows Nancy. Jill grows Vincent. Susan grows Paula. Mark grows Tyler. Keith grows Juan. Ben grows Joan. Diana grows Jerry. Joy grows Margaret. Kevin grows Amelia. Alice grows Nicole. Margaret grows Marc. George grows Valerie. Kevin grows,13,Amelia
Will changes Neil. Kathy changes Kara. Helen changes Ruby. Steve changes June. Chris changes Angela. Daniel changes Jacob. Eric changes Phil. Martin changes Rob. Alex changes Tyler. Louis changes Zach. Matt changes Leon. Lily changes Oscar. Kyle changes Norman. Gary changes Alison. Jacob changes Janet. Bob changes Russell. Kyle changes,13,Norman
Melissa asks Kirk. Martin asks Phil. Ruth asks Irene. Jane asks Margaret. Diana asks Todd. Dean asks Ronald. Laura asks Ray. Mary asks Melanie. John asks Sylvia. Anne asks Martha. Austin asks Jacob. Marie asks Rob. Megan asks Teresa. Steve asks Noah. Helen asks Terry. Nick asks Julian. Megan asks,13,Teresa
Faith offers Rachel. Jane offers Isabel. Aaron offers Martin. Kyle offers Violet. Joseph offers Natalie. Luke offers Ashley. Alan offers Robin. Greg offers Jacob. June offers Kyle. Rose offers Julian. Linda offers Rob. Jake offers Nicholas. Charles offers Sylvia. Josh offers Jenny. Ben offers Nicole. Chris offers Tyler. Charles offers,13,Sylvia
June likes Jerry. Nick likes Ray. Ken likes Albert. Donna likes Oscar. Leo likes Renee. Margaret likes Louis. Megan likes Melanie. Ryan likes Sylvia. Steve likes Michael. Blake likes Monica. Craig likes Phil. Emma likes Jean. Jack likes Jacob. Pat likes Lori. Jenny likes Howard. Kathy likes Amber. Jack likes,13,Jacob
Peter burns Sara. Ruth burns Maggie. Steve burns Ruby. Robert burns Melanie. Jack burns Ashley. Luke burns Kelly. Chris burns Ted. Joseph burns Melissa. Juan burns Kathy. Bob burns Anthony. Karen burns Michelle. Alice burns Nicole. David burns Kay. Justin burns Janet. Kurt burns Victoria. Ben burns Jenny. David burns,13,Kay
Tony scores Victor. Kevin scores Marc. Lily scores Sheila. Pat scores Norman. Marie scores Roy. Mary scores Lydia. Emma scores Neil. Max scores Terry. Henry scores Margaret. Arthur scores Lauren. Rick scores Russell. Kathy scores Keith. Justin scores Stephanie. Megan scores Liz. Scott scores Pam. Robert scores Nancy. Justin scores,13,Stephanie
Justin likes Nicole. Faith likes Nathan. Luke likes Peggy. Jacob likes Tracy. Carol likes Natalie. Ken likes Sally. Marie likes Sharon. Bill likes Michael. Karen likes Oscar. Fred likes Julian. Thomas likes Louis. Anne likes Teresa. Leon likes Lauren. Claire likes Rebecca. Alice likes Albert. Scott likes Ron. Leon likes,13,Lauren
Faith proposes Michelle. Diana proposes Richard. Ellen proposes Ron. Mike proposes Pamela. Gary proposes Louis. James proposes Kyle. Bob proposes Stephen. Alice proposes Melissa. George proposes Terry. Leon proposes Valerie. Kelly proposes Melanie. Amy proposes Teresa. Henry proposes Shirley. Matt proposes Alicia. Susan proposes Anthony. Emily proposes Paula. Henry proposes,13,Shirley
Jason praises Shirley. Keith praises Kathy. Gary praises Amelia. Thomas praises Marc. Tom praises Paula. Robert praises Richard. Carl praises Noah. Michael praises Stephanie. Ian praises Kelly. Kyle praises Martin. Joy praises Vincent. Alex praises Leah. Jack praises Martha. Liz praises Pamela. Steven praises Isabel. Mark praises Kyle. Jack praises,13,Martha
Robert accepts Alexa. Tim accepts Irene. Jenny accepts Nathan. Kate accepts Logan. Edward accepts Russell. Maria accepts Andrea. Jill accepts Leon. Charles accepts Rachel. Joseph accepts Melanie. Lily accepts Shawn. Emily accepts June. Greg accepts Nicole. Dave accepts Jerry. Adam accepts Sheila. Carol accepts Roger. Hope accepts Jill. Dave accepts,13,Jerry
Ian scores William. Chris scores Nicole. Faith scores Logan. Hope scores Martin. Peter scores Irene. Paul scores Neil. Thomas scores Lauren. Edward scores Julian. Greg scores Ralph. Maria scores Jean. Ruth scores Sue. Linda scores Nicholas. Joy scores Zach. Jill scores Marie. Pat scores Isaac. Kate scores Ashley. Joy scores,13,Zach
Jake saves Russell. Luke saves Janet. Jordan saves Rita. Ben saves Louis. Leon saves Jill. Julia saves Rebecca. Jean saves Joy. Liz saves Norman. Louis saves Martin. Will saves Wanda. Kyle saves Isabel. Joseph saves Shawn. Arthur saves Amber. Dave saves Sylvia. Katie saves Joseph. Helen saves Kyle. Arthur saves,13,Amber
Jason defeats Joan. Aaron defeats Peggy. Donna defeats Marie. Ian defeats Logan. Lily defeats Rita. Will defeats Sean. Rad defeats Andrea. Rick defeats Tracy. Scott defeats Irene. Paul defeats June. Adam defeats Julian. Mike defeats Johnny. Jane defeats Keith. Rose defeats Kirk. Daniel defeats Vincent. Lucy defeats Rebecca. Jane defeats,13,Keith
Austin builds Kurt. Robert builds Judy. Andrew builds Alicia. Karen builds Alison. Brian builds Oscar. Maria builds Joy. Michael builds Rita. Jill builds Robin. Josh builds Michelle. Martin builds Ashley. Jack builds Vincent. Will builds Alexa. James builds Albert. Kevin builds Nancy. Thomas builds Anthony. Harry builds Ruby. James builds,13,Albert
Donna allows Kyle. Justin allows Kim. Ruth allows Rita. Leon allows Kelly. Andrew allows Tyler. Margaret allows Marc. Peter allows Natalie. Claire allows Paula. Keith allows Alexa. Jacob allows Leo. Charles allows Kurt. Dave allows Ray. Ben allows Robin. Kevin allows Irene. Joy allows Sheila. Tony allows Renee. Ben allows,13,Robin
Steve teaches Tyler. Tony teaches Pamela. Joe teaches Louis. Jeff teaches Roger. Jason teaches Sally. Kelly teaches April. Jean teaches Violet. Keith teaches Maggie. Ian teaches Neil. June teaches Travis. Hannah teaches Nancy. Marie teaches Sharon. Lily teaches Kyle. Blake teaches Michelle. Bill teaches Wanda. Louis teaches Melanie. Lily teaches,13,Kyle
Joy misses Stephen. Austin misses Philip. Hannah misses Shirley. Karen misses Johnny. Thomas misses Maggie. Chris misses Olga. Nick misses Paula. Matt misses April. Emily misses Oscar. Josh misses Ruby. Greg misses Robin. James misses Michael. Ian misses Rita. Susan misses Ted. Peter misses Amelia. John misses Kim. Ian misses,13,Rita
Joseph shows Shawn. Mark shows Kelly. Sam shows Pamela. Jake shows Janet. Ellen shows Jacob. Gary shows Sally. Ken shows Valerie. Emma shows Kathy. Donna shows Melanie. Maria shows Patrick. Sarah shows Todd. Ben shows Jenny. Linda shows Alison. Will shows Marc. Josh shows Ralph. Steve shows Victoria. Linda shows,13,Alison
Kate drives Valerie. Alice drives Natalie. Dennis drives Nicholas. Joy drives Jill. Steve drives William. Kim drives Zach. Laura drives Anthony. Tony drives Alicia. Arthur drives Marie. George drives Sue. Aaron drives Kara. Emily drives Teresa. Megan drives Phil. Linda drives Maggie. Rose drives Ruby. Jane drives Rachel. Megan drives,13,Phil
Aaron closes Joseph. Tim closes Alison. Jenny closes Victor. Martin closes Renee. Kathy closes Jerry. Jerry closes Maggie. John closes Norman. Maria closes Teresa. Sarah closes Irene. Johnny closes Kara. Chris closes Richard. Charles closes Ron. Tony closes Liam. Melissa closes Joan. Rick closes Terry. Henry closes Kelly. Tony closes,13,Liam
Claire serves Valerie. Emma serves Walter. Helen serves Marc. Joy serves Olga. Craig serves June. Kevin serves Philip. Kim serves Stan. Marie serves Ray. Hope serves Tyler. Kyle serves Sheila. Jean serves Maggie. Daniel serves Jacob. Liz serves Michelle. George serves Irene. Chris serves Leo. Max serves Justin. George serves,14,Irene
Ben accepts Keith. Johnny accepts Terry. Sam accepts Kay. Josh accepts Amber. Andrew accepts Valerie. Karen accepts Patrick. Claire accepts Rebecca. Mary accepts Renee. Marie accepts Pam. Emma accepts Nancy. Steve accepts Leah. Greg accepts Rita. Megan accepts Andrea. Kyle accepts Justin. Faith accepts Alexa. Jenny accepts Ian. Kyle accepts,14,Justin
Josh reminds Phil. Leo reminds Melissa. Anna reminds Nicholas. Ryan reminds Michelle. Melissa reminds June. Ken reminds Kathy. Kevin reminds Keith. Will reminds Todd. George reminds Nathan. Megan reminds Sally. Juan reminds Stephanie. Mark reminds Ralph. Linda reminds Norman. Amy reminds Peggy. Jeff reminds Kay. Karen reminds Travis. Amy reminds,14,Peggy
Bill builds Valerie. Ruth builds Melanie. Jenny builds Juan. Matt builds Joy. Maggie builds William. Carol builds Vanessa. Mark builds Oscar. Justin builds Troy. Kyle builds Ronald. Jack builds Violet. Martin builds Tracy. Ken builds Victor. Anna builds Leo. Claire builds Travis. Dave builds June. Liz builds Peggy. Claire builds,14,Travis
Jack fights Victoria. Steve fights Sally. Kurt fights Johnny. Jean fights Ronald. Dave fights Rachel. Alice fights Natalie. Justin fights Melissa. Kyle fights Sara. Henry fights Roger. Tim fights Adrian. Jane fights Norman. Bob fights Teresa. Scott fights Angela. Ian fights Terry. George fights Shawn. Liz fights Martin. Ian fights,14,Terry
Ian scores Monica. Pat scores Paula. Joseph scores Louis. Grace scores Todd. Lucy scores Joseph. Joy scores Victoria. Edward scores Renee. Kay scores Martin. Helen scores Violet. Michael scores Ruby. Susan scores Stephanie. Tim scores Stan. Marc scores Isabel. Robert scores Ken. Ruth scores Sylvia. Maggie scores Ronald. Robert scores,14,Ken
Emma guides Rita. Will guides Keith. Grace guides Victoria. Scott guides Sheila. Mary guides Nicholas. Jordan guides Monica. Chris guides Renee. Arthur guides Paula. Alex guides Natalie. Matt guides Peggy. Julia guides Julian. Austin guides Patrick. Joe guides Sally. Margaret guides Teresa. Jill guides Rob. Maggie guides Amelia. Margaret guides,14,Teresa
Ellen misses Howard. Blake misses Kirk. Lucy misses Joseph. Ruth misses Richard. Claire misses Kelly. Keith misses Rita. Chris misses Nancy. Charles misses Stephanie. Julia misses Lori. Carol misses Tracy. Susan misses Kara. Tim misses Shirley. Diana misses Martha. Joy misses Pam. Helen misses Ronald. Sarah misses Louis. Joy misses,14,Pam
Alice checks April. Mike checks Roger. Rick checks Paula. Karen checks Teresa. Matt checks Irene. Faith checks Michelle. Ben checks Pamela. Joe checks Philip. Marc checks Aiden. Lucy checks Albert. Daniel checks Vanessa. Howard checks Judy. Kyle checks Victoria. Sarah checks Robin. Jean checks Sally. Blake checks Zach. Sarah checks,14,Robin
Ellen challenges Melanie. Sam challenges Stephanie. Max challenges Joan. Lily challenges Todd. Dennis challenges Amber. Josh challenges Paula. Daniel challenges Judy. Thomas challenges Howard. Melissa challenges Pamela. Steve challenges Jenny. Charles challenges Peggy. Carol challenges Roger. Anne challenges Ruby. Karen challenges Victoria. Megan challenges Alicia. Jerry challenges Sara. Karen challenges,14,Victoria
Jane delivers Leon. Blake delivers Sheila. Jack delivers Natalie. Katie delivers Robin. Kate delivers Sean. Jordan delivers Roy. Nick delivers Louis. Leon delivers Norman. Eric delivers Kay. Gary delivers Olga. George delivers Pam. Emma delivers Howard. Henry delivers Sally. Daniel delivers Kirk. Joy delivers Michael. Margaret delivers Wayne. Daniel delivers,14,Kirk
Andrew buys Ashley. Kate buys Teresa. Mike buys Oscar. Ian buys William. Anna buys Ray. Juan buys Leo. Sarah buys Leon. Lisa buys Tyler. Will buys Wayne. Jerry buys Russell. David buys Nicholas. Joseph buys Liz. Mark buys Shawn. Henry buys Stan. Jill buys Amber. Joy buys Kirk. Henry buys,14,Stan
Rose meets Kirk. Lauren meets Howard. Blake meets Juan. Alan meets Lori. Margaret meets Aiden. Brian meets Kara. Susan meets Joan. Nick meets Martha. Jean meets Amelia. Bill meets Valerie. Craig meets Nicole. Katie meets Ken. Amy meets Michelle. Rick meets Ralph. Lucy meets Ian. Max meets Nathan. Rick meets,14,Ralph
Alan urges Roger. Scott urges Kara. Sarah urges Louis. Brian urges Tracy. Kay urges Julian. Bob urges Shirley. Edward urges Richard. Mary urges Todd. Carol urges Alicia. Daniel urges Nancy. Rick urges Juan. Julia urges Kathy. Jason urges Kim. Joseph urges Walter. Dennis urges Marc. Rad urges Rob. Joseph urges,14,Walter
Dean meets Irene. Charles meets Nancy. Susan meets Andrea. Steve meets Kay. Harry meets Kyle. Jenny meets Kurt. Brian meets Kim. Anne meets Margaret. Jerry meets Ronald. Kathy meets Logan. Mark meets Oscar. Robert meets Lori. Jake meets Ian. Bob meets Valerie. John meets Lydia. Grace meets Adrian. Bob meets,14,Valerie
Faith commands Victoria. Anne commands Violet. Carl commands Kelly. Bill commands Kathy. Michael commands Melanie. Kevin commands Ruby. Craig commands Kyle. Lucy commands Renee. Henry commands Stan. David commands Neil. Lauren commands Todd. Mark commands Ray. Maggie commands Nicholas. Louis commands Sara. Joseph commands Lauren. Helen commands Pam. Louis commands,14,Sara
Josh follows Howard. Liz follows Sally. Alan follows Louis. Leo follows Adrian. Paul follows Ashley. Steve follows Sara. Adam follows Martin. Donna follows Valerie. Joy follows Sheila. Amy follows Sandra. Linda follows Teresa. Carol follows Vincent. Andrew follows Phil. Harry follows Nancy. Laura follows Patrick. Mark follows Zach. Harry follows,14,Nancy
June commands Oscar. Melissa commands Michael. Joe commands April. Frank commands Patrick. Anna commands Natalie. Thomas commands Sandra. Jill commands Judy. Mark commands Liz. Ryan commands Philip. Emily commands Juan. Matt commands Phil. Marie commands Kirk. Julia commands Kurt. Justin commands Nancy. Faith commands Joy. Alan commands Melanie. Justin commands,14,Nancy
Dave allows Martin. Eric allows Monica. Josh allows Louis. Jack allows Kelly. Martin allows Joan. Peter allows Ted. Nick allows Sandra. David allows Anthony. Louis allows Kyle. Andrew allows Marc. Lisa allows Ruby. Tom allows Paula. Ruth allows Vincent. Steve allows Alicia. Steven allows Jordan. Karen allows Martha. Steve allows,14,Alicia
Harry backs Ronald. Liz backs Amber. Laura backs Jenny. Matt backs Sylvia. Kim backs Kim. Nick backs Janet. Leon backs Alexa. Ken backs Todd. Ryan backs Justin. Luke backs Kelly. Peter backs Irene. Emma backs Joy. Thomas backs Angela. Ian backs Joan. Kurt backs Vincent. Lauren backs Russell. Ian backs,14,Joan
Karen chooses Martha. Amy chooses Jenny. Bob chooses Zach. Alice chooses Keith. Will chooses Melissa. Eric chooses Jill. Ryan chooses Rita. Joe chooses Roger. Rose chooses Howard. Emma chooses Ronald. Steve chooses Ken. Harry chooses Lauren. Luke chooses Russell. Kevin chooses Kay. John chooses Isabel. Sarah chooses Margaret. Kevin chooses,14,Kay
Liz consoles Sean. Carol consoles Robin. Jake consoles Sandra. Kathy consoles Melanie. Tony consoles Leon. Kevin consoles Wayne. Kate consoles Richard. Lisa consoles Zach. Anne consoles Sheila. Max consoles Juan. Lily consoles Phil. Lauren consoles Isaac. Grace consoles Aiden. Jason consoles Stan. Andrew consoles Melissa. Faith consoles Alicia. Jason consoles,14,Stan
Ellen bothers Natalie. Eric bothers Kara. Jordan bothers Todd. Juan bothers Noah. Kelly bothers Isaac. Johnny bothers Philip. John bothers Rita. Lauren bothers Jean. Jason bothers Violet. Marie bothers Janet. Ryan bothers Louis. Amy bothers Juan. Bob bothers Kurt. Hope bothers Wanda. Leo bothers Ralph. Howard bothers Russell. Hope bothers,14,Wanda
Rad attracts Irene. Melissa attracts Ray. Peter attracts Rob. Jerry attracts Maggie. Diana attracts Adrian. Lauren attracts Martha. Anna attracts Joan. Paul attracts Olga. Ken attracts Kathy. Martin attracts Jean. Jane attracts Monica. Aaron attracts Alicia. Donna attracts Juan. Helen attracts Isaac. Steve attracts Ruby. Mark attracts Lydia. Helen attracts,14,Isaac
Dave thanks Olga. Robert thanks Joseph. Harry thanks Irene. Charles thanks Louis. Amy thanks Isabel. Karen thanks Jenny. Jason thanks Oscar. Jill thanks Marc. Tony thanks Nicholas. Tom thanks Robin. Carl thanks Phil. Ben thanks Monica. Jordan thanks Amelia. Ryan thanks Russell. Bill thanks Michelle. Rad thanks Johnny. Ryan thanks,14,Russell
Dean offers Angela. Nick offers Lydia. Katie offers Oscar. Greg offers Logan. Thomas offers Richard. Alan offers Valerie. Maria offers Marc. Jake offers Louis. Leon offers Michael. Lauren offers Tyler. Lucy offers Sylvia. Aaron offers Kurt. Mark offers Amber. Steven offers Ian. Susan offers Vanessa. Jack offers Maggie. Steven offers,14,Ian
Katie guides Martin. Peter guides Patrick. Karen guides Kara. Thomas guides Pam. Jeff guides June. Leo guides Roy. Alex guides Jerry. Jerry guides Oscar. Jack guides Sylvia. Marie guides William. Michael guides Kim. Ruth guides Valerie. Hannah guides Lydia. Louis guides Michael. Claire guides Justin. Austin guides Rachel. Louis guides,14,Michael
Mary likes Ted. June likes Nicole. Howard likes Nancy. Robert likes Justin. Eric likes Alison. Helen likes Rebecca. Hannah likes Leo. Michael likes Ray. Maria likes Alexa. Karen likes Kara. Justin likes Neil. Susan likes Maggie. Joe likes Rachel. Carol likes Zach. James likes Melanie. Johnny likes Terry. Carol likes,14,Zach
Jerry judges Travis. Joe judges Andrea. Henry judges Norman. Maria judges Nicole. Mike judges Martha. Chris judges Troy. Karen judges Juan. Dean judges Richard. Alan judges Jenny. Greg judges Ray. Jane judges June. Adam judges Todd. Kelly judges Valerie. Tim judges Anthony. Juan judges Rebecca. Louis judges Melissa. Tim judges,14,Anthony
Lauren reminds Tyler. Kay reminds Russell. Keith reminds Leon. Jane reminds Justin. Megan reminds Andrea. Kate reminds Roy. Hope reminds Alison. Ellen reminds Vanessa. Laura reminds Jerry. Julia reminds Pam. Pat reminds Travis. Peter reminds Jill. Grace reminds Amelia. Marie reminds Sara. Hannah reminds Rita. Karen reminds Roger. Marie reminds,14,Sara
Katie tells Patrick. Julia tells Tyler. Linda tells Louis. Juan tells Ken. Joy tells Kara. Emily tells Pam. Alan tells Irene. Jean tells Terry. Brian tells Ian. Dean tells Monica. Marc tells Vanessa. Lucy tells Jordan. Tony tells Rebecca. Diana tells Nicholas. James tells Ted. Rose tells Travis. Diana tells,14,Nicholas
Jack saves Leah. Michael saves Nancy. Tony saves Kathy. Emily saves Wayne. David saves Aiden. Carol saves Logan. Dennis saves Ronald. Bill saves Johnny. Emma saves Nathan. Rose saves Margaret. John saves Tracy. Sarah saves Ruby. Jerry saves Shirley. Aaron saves Natalie. James saves Amelia. Gary saves Sara. Aaron saves,14,Natalie
George takes Alexa. Mark takes Martha. Greg takes Ray. Andrew takes Louis. Blake takes Russell. Jenny takes Stephen. Rad takes Philip. Carl takes Valerie. Dennis takes Violet. Johnny takes Amber. Lauren takes Ashley. Donna takes Kara. Justin takes Kirk. Arthur takes Sylvia. Paul takes Liz. Anne takes Zach. Arthur takes,14,Sylvia
Eric cares Sara. Anne cares Peggy. Kelly cares Judy. Charles cares Johnny. Mary cares Roger. Amy cares Tracy. Gary cares Noah. Melissa cares Neil. Matt cares Lydia. Ruth cares Kurt. Jean cares Melanie. Jenny cares Isaac. Howard cares Victoria. Edward cares Olga. Daniel cares Natalie. Kate cares Aiden. Edward cares,14,Olga
Kelly trusts Patrick. Anne trusts April. Daniel trusts Oscar. Joy trusts Victoria. Helen trusts Martha. Marc trusts Ray. Lucy trusts Leo. James trusts Shirley. Mike trusts Sally. Charles trusts Nicholas. Sarah trusts Richard. Rose trusts Sharon. Adam trusts Jill. Carl trusts Teresa. Marie trusts Robin. Will trusts Melissa. Carl trusts,14,Teresa
Charles comforts Victor. Anna comforts Judy. Linda comforts Monica. Maria comforts Kyle. Austin comforts Paula. Laura comforts Robin. Lauren comforts Norman. Joseph comforts Michelle. June comforts Natalie. Alex comforts Marie. Faith comforts Alicia. Blake comforts Rachel. Jordan comforts Ian. Dean comforts Ted. Martin comforts Isaac. Sam comforts Vanessa. Dean comforts,14,Ted
Grace answers Ruby. Karen answers Rebecca. Julia answers Justin. Steve answers Marc. Ellen answers Judy. Craig answers Alicia. Alice answers Maggie. Eric answers Pam. Kurt answers Rachel. Maria answers Sharon. Anne answers Kim. Kathy answers Sandra. Greg answers Melanie. Dennis answers Russell. Dean answers Lauren. Ryan answers Martha. Dennis answers,14,Russell
Johnny needs Ronald. Tony needs Robin. Kelly needs Tyler. Maria needs Aiden. Jane needs Terry. Hope needs Nicole. Justin needs Ralph. Ben needs Isabel. Ryan needs Ken. Dave needs Olga. David needs Adrian. Alan needs Keith. Ruth needs Sharon. June needs Alicia. Pat needs Sue. Eric needs Kyle. June needs,14,Alicia
Dennis pays Andrea. Anne pays Ron. Tony pays Violet. Gary pays Maggie. Margaret pays Wanda. Louis pays Victoria. Kim pays Ronald. Bob pays Leah. Susan pays Sandra. Joe pays Renee. Sarah pays Sean. Bill pays Melanie. Chris pays Todd. Daniel pays Juan. Steve pays Kyle. Rad pays Amber. Daniel pays,14,Juan
Kathy serves Joan. Chris serves Sylvia. Rad serves Robin. Susan serves Russell. Michael serves Vanessa. Jake serves Melanie. Mike serves Janet. Rose serves Sean. Joseph serves Kirk. Margaret serves Kay. Lauren serves Ted. Arthur serves Adrian. Alice serves Richard. Jeff serves Amber. Anne serves Nicholas. Donna serves Martha. Jeff serves,14,Amber
Alex boosts Joy. Tim boosts Phil. Ellen boosts Janet. Megan boosts Nancy. Karen boosts Martha. Jill boosts Oscar. Diana boosts Maggie. Blake boosts Nicholas. Harry boosts Vincent. Kyle boosts Keith. Peter boosts Leo. Robert boosts Alison. Anna boosts Peggy. Michael boosts Sue. Amy boosts Zach. Sam boosts Stan. Michael boosts,14,Sue
Kelly attacks Robin. Jill attacks Pam. Liz attacks Lauren. Kyle attacks Walter. Julia attacks Amber. Austin attacks Ray. Jeff attacks Teresa. Marie attacks Louis. Martin attacks Stan. Chris attacks Michelle. Megan attacks Joan. Anna attacks Stephanie. Robert attacks Noah. Keith attacks Ronald. Daniel attacks Nancy. Rick attacks Melissa. Keith attacks,14,Ronald
Helen chooses Alison. Jake chooses Ashley. Austin chooses Neil. Ben chooses Aiden. Max chooses Leon. Greg chooses Michelle. Andrew chooses Liz. Carl chooses Lauren. Kim chooses Lori. Craig chooses Richard. Maria chooses Anthony. Emily chooses Sheila. Julia chooses Alicia. Linda chooses Stan. Kyle chooses Johnny. Scott chooses Joan. Linda chooses,14,Stan
Rose consoles Rita. Max consoles Melanie. Hannah consoles Tyler. Peter consoles Ron. Maria consoles Troy. Matt consoles Rachel. Joseph consoles Neil. Eric consoles Joseph. Jason consoles Liam. Melissa consoles Lori. Ben consoles Kyle. Marie consoles Monica. Kurt consoles Liz. Joe consoles Russell. Harry consoles Juan. Will consoles Johnny. Joe consoles,14,Russell
Kathy opens Vincent. Tom opens Sheila. Louis opens Kelly. Kelly opens Stan. Thomas opens Ted. Emily opens Keith. Susan opens Ronald. Gary opens Victoria. Will opens Liam. Dave opens Kirk. Ellen opens Johnny. Luke opens Marc. Jack opens Marie. Howard opens Renee. Joseph opens Terry. Dean opens Ron. Howard opens,14,Renee
June challenges Tracy. Amy challenges Renee. Dean challenges Vincent. Anne challenges Ruby. Alex challenges Nicole. Edward challenges Nathan. Claire challenges Rob. Jerry challenges Joseph. Greg challenges Johnny. Rad challenges Ken. Sarah challenges Leo. Rick challenges Janet. Paul challenges Nancy. Joy challenges Ted. Steven challenges Pam. Bill challenges Martin. Joy challenges,14,Ted
Steven inspires Melissa. Jake inspires Melanie. Charles inspires Rob. Joy inspires Vanessa. Mark inspires Marie. Adam inspires Jenny. Bill inspires Rita. Howard inspires Neil. Max inspires June. Paul inspires Robin. Megan inspires Patrick. Kyle inspires Amber. Helen inspires Stephanie. Fred inspires Renee. Tom inspires Philip. Alan inspires Maggie. Fred inspires,14,Renee
Thomas pays Noah. Chris pays Ken. Sarah pays Wayne. Jane pays Martin. Adam pays Johnny. Helen pays Roy. Martin pays Joan. Bob pays Jacob. Lily pays Justin. Howard pays Margaret. Tony pays April. John pays Leon. Dave pays Ashley. Johnny pays Olga. Craig pays Marie. Kyle pays Kirk. Johnny pays,14,Olga
Maggie cheers Isabel. Julia cheers Roy. Sarah cheers Stephen. Rad cheers Aiden. Marie cheers Shirley. Chris cheers Kara. Nick cheers Janet. Jordan cheers Juan. Matt cheers Liz. Justin cheers Marie. Jerry cheers Natalie. Kyle cheers Andrea. Andrew cheers Ken. Rose cheers Kelly. Katie cheers Kay. Peter cheers Patrick. Rose cheers,14,Kelly
Tim trusts Walter. Joy trusts Keith. Susan trusts Sylvia. Kelly trusts Albert. Melissa trusts Louis. Kurt trusts Terry. Laura trusts Michael. Fred trusts Richard. Alex trusts Melissa. Jason trusts Peggy. Jenny trusts Andrea. Kay trusts Kim. Eric trusts Angela. Helen trusts Ted. Frank trusts Leah. Juan trusts Valerie. Helen trusts,14,Ted
Louis thanks Isabel. Justin thanks Angela. Tony thanks Pam. Josh thanks Jacob. Robert thanks Shirley. Jill thanks Ralph. Dean thanks Marie. Claire thanks Teresa. Katie thanks Oscar. Ellen thanks Philip. Leo thanks Pamela. Greg thanks Liam. Fred thanks Ian. Alex thanks Roger. Keith thanks Michelle. Helen thanks Stephanie. Keith thanks,15,Michelle
Aaron prohibits Ron. Kay prohibits Liz. Jordan prohibits Howard. Marc prohibits Kay. Jill prohibits Rob. Claire prohibits Monica. Steve prohibits Leo. Chris prohibits Stan. Edward prohibits Keith. Alice prohibits Liam. Jack prohibits Lauren. Kyle prohibits Michael. Justin prohibits Sean. Henry prohibits Shawn. Bob prohibits Marie. Harry prohibits Sue. Bob prohibits,15,Marie
Pat cooks Joan. Chris cooks Renee. Brian cooks Teresa. Jill cooks Andrea. Hope cooks Leon. Eric cooks Monica. Sarah cooks Paula. Peter cooks Ronald. Dennis cooks Anthony. Nick cooks Isaac. Emily cooks Sheila. Liz cooks Joy. Marc cooks Walter. Matt cooks Sylvia. Bill cooks Rita. Kathy cooks Terry. Bill cooks,15,Rita
Melissa permits Amelia. Helen permits Troy. Jenny permits Sue. Daniel permits Aiden. Luke permits Maggie. Johnny permits Leah. Liz permits Michelle. Lucy permits Sally. Alex permits Margaret. Edward permits Teresa. Margaret permits Robin. Kay permits Louis. Justin permits Marc. Donna permits Amber. Keith permits Jordan. Martin permits Rita. Keith permits,15,Jordan
Matt commands Shirley. Frank commands Kim. Kyle commands Alicia. Julia commands Joan. Keith commands Tracy. Leon commands Keith. James commands Paula. Jason commands Monica. Chris commands Vanessa. Rad commands Nancy. Rick commands Jacob. Sarah commands Jerry. Jill commands Todd. Henry commands Juan. Max commands Leon. Emily commands Sheila. Max commands,15,Leon
Tom changes Melissa. Eric changes Sandra. Howard changes Peggy. Leon changes Norman. Anne changes Melanie. Alex changes Aiden. Juan changes Anthony. Ryan changes Joseph. Bob changes Terry. Kay changes Vincent. Kurt changes Nathan. Bill changes Alicia. Lauren changes Louis. Anna changes Robin. Sam changes Michelle. Thomas changes Sheila. Sam changes,15,Michelle
Adam faces Jean. Alan faces Rebecca. Charles faces Michelle. Luke faces Jenny. Lauren faces Oscar. Thomas faces Violet. Donna faces Aiden. Kate faces Kara. Hannah faces Liam. Pat faces Lydia. Nick faces Wanda. James faces Martin. Linda faces Lauren. Hope faces June. Justin faces Teresa. Scott faces Travis. Justin faces,15,Teresa
Grace demands William. Margaret demands Ashley. Helen demands Neil. Rick demands Noah. Jill demands Stephanie. Nick demands Kathy. Michael demands Zach. Mike demands Amelia. Joe demands Alexa. Karen demands Rob. Leo demands Kyle. Craig demands Kim. Kelly demands Walter. Lisa demands Sharon. Jake demands Louis. Anne demands Angela. Jake demands,15,Louis
Andrew risks Lydia. Kyle risks Teresa. Kathy risks Kathy. Jill risks Ashley. Arthur risks Kara. Lauren risks Ray. Tom risks Tyler. Carl risks Kyle. Howard risks Lori. Lucy risks Lauren. June risks Sheila. Jenny risks Roy. Kevin risks Jacob. George risks June. Mark risks Alison. James risks Victor. Mark risks,15,Alison
Daniel holds Rachel. Margaret holds Maggie. Julia holds Tracy. Dave holds Rebecca. Tony holds Martin. Kathy holds Victor. Alice holds Anthony. Jean holds Natalie. Michael holds Johnny. Steve holds Jill. Carl holds Ron. Rad holds Isaac. Jason holds Patrick. Amy holds Kelly. Steven holds Ruby. Jenny holds William. Steven holds,15,Ruby
Jordan cares Norman. June cares Ted. Kelly cares Amber. Joy cares Stephanie. Ian cares Michael. Joseph cares Kathy. Lucy cares Ruby. Thomas cares Kay. Rose cares Ken. Frank cares Anthony. Dean cares Nicole. Ken cares Kim. Sarah cares Pamela. Tim cares Richard. Margaret cares Judy. Jane cares Shawn. Margaret cares,15,Judy
Paul parks Michael. Katie parks Philip. Tom parks Jerry. Henry parks Victor. Susan parks Joy. Ken parks Kurt. James parks Ralph. Austin parks Logan. Laura parks Angela. Rad parks Sylvia. Karen parks Michelle. Ben parks Alison. George parks Lydia. Lisa parks Lauren. Lauren parks Oscar. David parks April. Lauren parks,15,Oscar
Kevin writes Joan. Bill writes Valerie. Steven writes Margaret. Rad writes Neil. Arthur writes Wanda. Eric writes Kara. Will writes Patrick. Susan writes Ralph. Jenny writes Shirley. Helen writes Leo. Tony writes Lydia. Grace writes Stephen. Dave writes Nancy. Diana writes Leah. Thomas writes Sally. Joseph writes Violet. Thomas writes,15,Sally
Helen misses Kay. Steve misses Jordan. Claire misses Tyler. Maggie misses Vincent. Jack misses Kirk. Eric misses William. Lisa misses Judy. Katie misses Ken. Dave misses Olga. Hannah misses Alison. Alan misses Leo. Austin misses Joseph. Tony misses Ron. Jake misses Russell. Grace misses Kara. Rick misses Amelia. Grace misses,15,Kara
Susan saves Sylvia. Kathy saves Victoria. Jill saves Juan. Maria saves Stephen. Scott saves Leon. Jerry saves Liz. Ryan saves Anthony. Amy saves Nicholas. Ruth saves Margaret. Anna saves Vincent. Chris saves Renee. Kevin saves Alicia. Jacob saves Louis. Faith saves Walter. Maggie saves Sheila. Thomas saves Lori. Maggie saves,15,Sheila
Carol wakes Joy. Anna wakes Leo. Frank wakes Peggy. Johnny wakes Jean. Hannah wakes June. Adam wakes Rob. Linda wakes Valerie. Ian wakes Amelia. Karen wakes Rachel. Sarah wakes Ron. Hope wakes Roger. Lily wakes Ted. Blake wakes Russell. Kelly wakes Louis. Mary wakes Kirk. Juan wakes Tyler. Mary wakes,15,Kirk
Howard asks Louis. Kevin asks Joan. Peter asks Rebecca. Brian asks Pamela. Lily asks Patrick. Karen asks Melissa. Jeff asks Isaac. John asks Valerie. Daniel asks Nicole. Steve asks Rita. Liz asks Sheila. Grace asks Martha. Austin asks Kurt. Gary asks Nathan. Marie asks Andrea. Paul asks Shirley. Marie asks,15,Andrea
Sam leaves Liz. Ryan leaves Peggy. Juan leaves Kyle. Craig leaves Ian. Emma leaves Leah. Mark leaves Shawn. Rick leaves Walter. Louis leaves Terry. Liz leaves Nancy. Carl leaves Roger. Jason leaves Oscar. Melissa leaves Teresa. Alex leaves Kara. Lisa leaves Paula. Emily leaves Shirley. Ken leaves Andrea. Emily leaves,15,Shirley
Tom sees April. John sees Sylvia. Hope sees Juan. Kyle sees Keith. Ryan sees Adrian. Mary sees Teresa. Alex sees Violet. Daniel sees Martha. Kate sees Ashley. Lauren sees Jacob. Kay sees Shirley. Chris sees Ronald. Hannah sees Margaret. Rose sees Stephen. Matt sees Johnny. Dennis sees Rita. Matt sees,15,Johnny
Adam closes Leah. Linda closes Wanda. Kathy closes Lauren. Fred closes Sara. Johnny closes Troy. Daniel closes Sean. Henry closes Amber. Eric closes Stephanie. Louis closes Paula. Rad closes Joy. Kevin closes Walter. Peter closes Norman. Claire closes Victoria. Lily closes Ralph. Amy closes Neil. Will closes Justin. Amy closes,15,Neil
Marc advises Teresa. Mike advises Vincent. Anna advises Joy. Tony advises Victor. Matt advises Violet. Diana advises Alison. Thomas advises April. Jean advises Noah. Dave advises Ted. Rad advises Rob. Martin advises Jean. Blake advises Shawn. Josh advises Marie. Mary advises Ian. Gary advises Joan. Grace advises Kara. Gary advises,15,Joan
Claire accompanies Alexa. Ryan accompanies Valerie. Robert accompanies Sheila. Susan accompanies Keith. Nick accompanies Kay. Emma accompanies Paula. Howard accompanies Ron. Austin accompanies Louis. Fred accompanies Kurt. Karen accompanies Oscar. Andrew accompanies Martin. Grace accompanies Nancy. Steven accompanies Joseph. Sam accompanies Roy. Helen accompanies Adrian. John accompanies Tracy. Helen accompanies,15,Adrian
Lily approaches Joan. Nick approaches Jerry. James approaches Joy. Susan approaches April. Josh approaches Travis. Maria approaches Tyler. Max approaches Ronald. Leo approaches Ken. Ken approaches Kelly. Johnny approaches Wayne. Andrew approaches Ian. Rick approaches Logan. Jack approaches Lori. Joseph approaches Liam. Joy approaches June. Marc approaches Stephanie. Joy approaches,15,June
Kate demands Shirley. Austin demands Joy. Amy demands Jean. Linda demands Neil. Carl demands Ron. Kim demands Alexa. Joe demands Phil. Justin demands Irene. Louis demands June. Sarah demands Tracy. Anne demands Alison. Kathy demands Zach. Alice demands Johnny. Jeff demands Ralph. Juan demands Kyle. Steven demands Todd. Juan demands,15,Kyle
Lauren pays Joan. Harry pays Noah. Carol pays Tracy. Jill pays Wanda. Gary pays Howard. Alex pays Alison. Megan pays Angela. Ryan pays Aiden. Rose pays Victor. Lily pays Kara. Fred pays Ashley. Jerry pays Sean. Henry pays Alexa. Leon pays Neil. Lucy pays Todd. Pat pays Natalie. Lucy pays,15,Todd
Linda buys Ashley. Sarah buys Andrea. Daniel buys Tracy. Mark buys Liam. Helen buys Stan. Harry buys Ian. Jenny buys Aiden. Liz buys Jean. Sam buys Jacob. Ben buys Valerie. John buys Sara. Jake buys Irene. Thomas buys Juan. James buys Nathan. David buys Roger. Kurt buys Anthony. David buys,15,Roger
Donna writes Shirley. Rick writes Alicia. Juan writes Ray. Adam writes Pam. Lisa writes Kathy. Joseph writes Margaret. Alice writes Natalie. Kay writes Norman. Steven writes Rita. Lucy writes Aiden. Greg writes Sharon. Ellen writes Ashley. Rad writes Sara. Steve writes Leah. Maria writes Melissa. Jason writes Leo. Maria writes,15,Melissa
Julia changes Lydia. Marie changes Howard. Henry changes Robin. Jeff changes Peggy. Jason changes Lori. Lucy changes Rebecca. Emily changes April. Amy changes Jenny. Liz changes Shirley. June changes Todd. Louis changes Joy. Joseph changes Violet. Paul changes Joseph. Scott changes Stan. Emma changes Sue. Arthur changes Jerry. Emma changes,15,Sue
Julia thanks Roger. Rad thanks Robin. Amy thanks Logan. Juan thanks Ted. Marie thanks Jacob. Sarah thanks Stan. Lily thanks Melanie. Emma thanks Shawn. Austin thanks Johnny. James thanks Amelia. Pat thanks Stephen. Ken thanks Jerry. Kurt thanks Natalie. Henry thanks Nathan. Lucy thanks Joy. Paul thanks Rita. Lucy thanks,15,Joy
Susan takes Alison. Lauren takes Adrian. Martin takes Patrick. Diana takes Monica. Jordan takes Roger. Sam takes William. Harry takes Robin. Kathy takes Melissa. Laura takes Joy. Faith takes Jenny. Bob takes Sara. Megan takes Jill. Liz takes Alexa. Emily takes Howard. Katie takes June. Carl takes Shawn. Katie takes,15,June
Alex hates Stephanie. Jason hates Sean. Peter hates Marc. John hates Alicia. Faith hates Teresa. Blake hates Howard. Jack hates Isaac. Kay hates Kay. Joe hates Kathy. Alan hates Andrea. Anne hates Rachel. Martin hates Melanie. Bill hates Alison. Jeff hates Noah. Lucy hates Sheila. Bob hates Jenny. Lucy hates,15,Sheila
Martin texts Vanessa. Kate texts Louis. Ryan texts Teresa. Melissa texts Todd. Donna texts Valerie. Susan texts Amber. Lily texts Jill. Jacob texts Alison. Chris texts Sean. Daniel texts Rob. Nick texts Isaac. Henry texts Neil. Adam texts Johnny. Craig texts Pam. Steve texts Leon. Max texts Lydia. Steve texts,15,Leon
Peter accepts Rob. Harry accepts Angela. Charles accepts Kirk. Austin accepts Sean. Gary accepts Aiden. Aaron accepts Melissa. Leon accepts Sue. Arthur accepts Stan. Justin accepts Maggie. George accepts Andrea. Jason accepts Zach. Frank accepts Albert. Daniel accepts Lori. Greg accepts Vincent. Ian accepts Neil. Lucy accepts Patrick. Ian accepts,15,Neil
Melissa backs Pam. Aaron backs Louis. Robert backs Lori. Luke backs Ronald. Sarah backs Ruby. Ryan backs Pamela. Alan backs Wayne. Grace backs Sara. Jean backs Alicia. Katie backs Oscar. Charles backs Melissa. Bob backs Vanessa. Megan backs Todd. Michael backs Shawn. Rick backs Robin. Max backs Irene. Rick backs,15,Robin
Bill awards Kurt. Luke awards Martin. Bob awards Ian. Lauren awards Johnny. Alex awards Howard. Eric awards Stephen. Leo awards Ray. Katie awards Rebecca. David awards Nicholas. Leon awards Melanie. Brian awards Vanessa. Kay awards Wayne. Sam awards Amelia. Johnny awards Rachel. Ellen awards Juan. Jake awards Nathan. Ellen awards,15,Juan
Jason approves Jacob. Johnny approves Roger. Jenny approves Pamela. Harry approves Sharon. Steven approves Noah. Edward approves Isaac. Thomas approves Sue. Jerry approves Sara. Leon approves Renee. Kevin approves Walter. Diana approves Liam. Anne approves Jerry. Rick approves Maggie. Maggie approves Melanie. James approves Michelle. Emily approves Howard. James approves,15,Michelle
Daniel answers Lori. Tim answers Jean. John answers Amber. Liz answers Albert. Jerry answers Rob. Kay answers Victor. Laura answers Margaret. Kathy answers Natalie. David answers Jenny. Melissa answers Sara. Katie answers Ralph. Peter answers Teresa. Margaret answers Maggie. Justin answers Wanda. Blake answers Michelle. Charles answers Peggy. Blake answers,15,Michelle
Scott urges Leah. Bill urges Monica. Dennis urges Tracy. Andrew urges Irene. Tom urges Ray. Jerry urges Liz. Rose urges Julian. Jack urges Michael. Pat urges Leo. Ruth urges Kathy. Robert urges Rebecca. Alan urges Joy. Emma urges Leon. Jenny urges Wanda. Jane urges Margaret. Craig urges Ronald. Jane urges,15,Margaret
Karen alerts June. Helen alerts Adrian. Kurt alerts Howard. Ryan alerts Jenny. Melissa alerts Aiden. Austin alerts Nicholas. Sam alerts Kyle. Kathy alerts Michelle. Frank alerts Natalie. Alan alerts Ruby. Margaret alerts Liam. Charles alerts Ted. Grace alerts Louis. Johnny alerts Patrick. Mike alerts Stephanie. Jack alerts Philip. Mike alerts,15,Stephanie
Pat bothers Lori. Luke bothers Richard. Mary bothers Michelle. Carl bothers Logan. Melissa bothers Sally. Kelly bothers Paula. Ellen bothers Irene. Johnny bothers Pamela. Tom bothers Johnny. Sam bothers Juan. Ken bothers Zach. Matt bothers Kay. Liz bothers April. Anna bothers Stan. Bob bothers Kirk. Joy bothers Kathy. Bob bothers,15,Kirk
Martin scores Phil. Keith scores Alexa. Rose scores Todd. Carol scores Melanie. Katie scores Louis. Liz scores Stephen. Tony scores Marie. Harry scores Victor. Dean scores Anthony. Edward scores Ralph. Leon scores Shirley. Ken scores Tyler. Tom scores Isaac. Eric scores Liam. Josh scores Margaret. Kathy scores Kara. Josh scores,15,Margaret
Martin fights Kelly. Amy fights Russell. Gary fights Adrian. Nick fights Jordan. Jane fights Margaret. Mark fights Wanda. Claire fights Vanessa. Louis fights Ted. Jean fights Roger. Ken fights Michael. Will fights Kim. Tom fights Rebecca. Anna fights Stan. Karen fights Shirley. Leo fights Jenny. Bob fights Leon. Leo fights,15,Jenny
Charles makes Rita. Anna makes Juan. Diana makes Todd. Tim makes Troy. Rick makes Nicole. Gary makes Stephen. Jerry makes Aiden. Nick makes Leo. June makes Alexa. Joseph makes Leon. Marie makes Amber. Sam makes Shawn. Emily makes June. Faith makes Rob. Bob makes Lori. Lisa makes Logan. Bob makes,15,Lori
Lauren faces Olga. Maggie faces Howard. Claire faces Andrea. Pat faces Ronald. Helen faces Wayne. Rick faces Terry. Matt faces Monica. Daniel faces Zach. Marc faces Judy. Charles faces Natalie. Rad faces Neil. Scott faces Victor. Lisa faces Kirk. Carl faces Johnny. Melissa faces Aiden. Howard faces Stan. Melissa faces,15,Aiden
June avoids Nicholas. Steven avoids Vanessa. Dave avoids Philip. Kevin avoids Neil. Hannah avoids Rachel. Chris avoids Alexa. Paul avoids Alison. Eric avoids Kay. Ken avoids Irene. Sam avoids Sylvia. Rick avoids Phil. Leo avoids Maggie. Lauren avoids Marc. John avoids Jordan. Jean avoids Leo. Charles avoids Pam. Jean avoids,15,Leo
Ryan needs Irene. Hope needs Albert. Matt needs Alexa. Howard needs Lauren. Emily needs Sharon. Robert needs Kara. Gary needs Renee. Jacob needs Stephanie. Jack needs Peggy. Harry needs Norman. Jason needs Roy. Liz needs Alison. Maria needs Tracy. Frank needs Jacob. Jenny needs Roger. Linda needs Teresa. Jenny needs,15,Roger
Kate fixes Isabel. Frank fixes Philip. Kelly fixes Troy. Michael fixes Travis. Mike fixes Stephanie. Jordan fixes Alexa. Lily fixes Patrick. Leo fixes Howard. Adam fixes Alicia. Kathy fixes Tyler. Carl fixes Ray. Grace fixes Martha. Emma fixes Victoria. Mary fixes Johnny. Steve fixes Shawn. Julia fixes Jenny. Steve fixes,15,Shawn
Ruth alerts Norman. Steve alerts Logan. Frank alerts Tyler. Mike alerts Robin. Johnny alerts Amber. Fred alerts Joseph. Ben alerts Victoria. Lucy alerts Liam. Diana alerts Leo. Brian alerts Victor. Sarah alerts Adrian. Michael alerts Justin. Emily alerts Valerie. Margaret alerts Oscar. Kelly alerts Kara. Jacob alerts Sheila. Kelly alerts,15,Kara
Carol changes Jerry. Joy changes Kelly. Robert changes Julian. Edward changes Aiden. Mary changes Sara. Maria changes Vincent. Megan changes Sheila. Dean changes Ted. Joe changes Victoria. Mike changes Jacob. Harry changes Keith. Brian changes Joy. Nick changes Stephen. Anne changes Jean. Kevin changes Janet. Jake changes Liz. Kevin changes,15,Janet
Megan draws Justin. Rick draws Phil. Will draws Joy. Lucy draws Wanda. Craig draws Sheila. Frank draws Kirk. Gary draws Valerie. Louis draws Kim. Melissa draws William. Kurt draws Melissa. Jean draws Alison. Mike draws Kay. Johnny draws Judy. Donna draws Paula. Dennis draws Robin. Anne draws Wayne. Dennis draws,15,Robin
Paul attracts Kelly. Jeff attracts Roy. Claire attracts Robin. Jason attracts Monica. Robert attracts Liam. Tony attracts Rachel. Luke attracts Ray. Leo attracts Irene. Alan attracts Sylvia. Susan attracts Norman. Charles attracts Terry. Carol attracts Lori. Donna attracts Michael. June attracts Tyler. Brian attracts Marie. Julia attracts Martha. Julia attracts,16,Martha
Susan knows Tracy. Anna knows Michael. Kim knows Marc. Henry knows Michelle. James knows Maggie. Michael knows Isabel. Kevin knows Richard. Eric knows Sheila. Thomas knows Nicholas. Ian knows Kathy. Chris knows Joseph. Howard knows Louis. Rad knows Martha. Tom knows Terry. Fred knows Kelly. Leon knows Howard. Leon knows,16,Howard
Kate assists Tracy. Jane assists Tyler. Eric assists Victor. Johnny assists Patrick. Emily assists Robin. Kathy assists Liz. Sam assists Sean. Daniel assists Ralph. Kim assists Sue. Josh assists Jenny. Kevin assists Nicole. Sarah assists Judy. Maria assists Janet. Megan assists Stan. Maggie assists Amelia. Henry assists Alexa. Henry assists,16,Alexa
Steve avoids Melanie. Ben avoids Terry. Kevin avoids Melissa. George avoids Stan. Craig avoids Victor. Claire avoids Sandra. Grace avoids Ruby. John avoids June. Ruth avoids Philip. Laura avoids Monica. Fred avoids Amelia. Chris avoids Ron. Donna avoids Nathan. Justin avoids Ian. Michael avoids Kurt. Margaret avoids Johnny. Margaret avoids,16,Johnny
Claire adopts Violet. Jacob adopts Valerie. Diana adopts Phil. Kate adopts Angela. Joseph adopts Joan. Jerry adopts Michael. Gary adopts Sara. Henry adopts Martin. Carl adopts Martha. Chris adopts Ron. John adopts Neil. Jake adopts Adrian. Kelly adopts Terry. Greg adopts Ted. Alice adopts Todd. Charles adopts Janet. Charles adopts,16,Janet
Austin consoles Irene. Jill consoles Valerie. Ben consoles Amelia. Rick consoles Richard. Kelly consoles Violet. Jeff consoles Noah. Mike consoles Lydia. Maria consoles Zach. Hannah consoles Victor. Dean consoles Philip. Daniel consoles Jordan. Greg consoles Teresa. Jean consoles Ian. Will consoles Ken. Thomas consoles Alison. Joy consoles Louis. Joy consoles,16,Louis
Lauren stays Judy. Henry stays Sheila. Julia stays Joy. Scott stays Pamela. Laura stays Oscar. Alan stays Isaac. Austin stays Lori. Bob stays Ken. Karen stays Liz. Fred stays Melanie. Tom stays Lauren. Aaron stays Troy. Dennis stays Leah. Daniel stays Pam. Anne stays Andrea. Peter stays Marc. Peter stays,16,Marc
Greg visits Melanie. Jordan visits Lydia. Joy visits Sean. Frank visits Melissa. Jean visits Judy. Rose visits Julian. Leo visits Jean. Amy visits Stan. Louis visits Neil. Alex visits Noah. Emma visits Tyler. Diana visits Norman. Sam visits Patrick. Mike visits Jerry. Jane visits Leah. Lisa visits Ron. Lisa visits,16,Ron
Kevin feels Pam. Edward feels Ray. Ben feels Sara. Steve feels Nathan. Liz feels Tyler. Dean feels Alison. Scott feels Ron. Justin feels Juan. Eric feels Natalie. Margaret feels Sheila. James feels Tracy. Juan feels Johnny. Luke feels Sue. Austin feels Louis. Tom feels Justin. Julia feels Keith. Julia feels,16,Keith
Bob welcomes Sharon. Craig welcomes Patrick. Kyle welcomes Jerry. Jean welcomes Noah. Johnny welcomes Jill. Adam welcomes Rebecca. James welcomes Lauren. Faith welcomes Johnny. Harry welcomes Troy. Edward welcomes Valerie. Rad welcomes Martin. Maggie welcomes Jean. Ben welcomes Ruby. Ryan welcomes Oscar. Peter welcomes Ted. Aaron welcomes Jacob. Aaron welcomes,16,Jacob
Andrew faces Paula. Julia faces Teresa. Eric faces Martin. Margaret faces Victor. James faces William. Joe faces Sally. Liz faces Juan. Brian faces Ruby. Alan faces Russell. Jean faces Alexa. Bob faces Kay. Diana faces Norman. Anne faces Lydia. Ryan faces Joy. Megan faces Renee. Craig faces Michelle. Craig faces,16,Michelle
Aaron challenges Logan. Katie challenges Marie. Edward challenges Nancy. Dennis challenges Jordan. Justin challenges Vanessa. Margaret challenges Liz. Faith challenges Ron. Melissa challenges Teresa. Steven challenges Sheila. Kelly challenges Tyler. Lucy challenges Martin. Harry challenges Stan. Kim challenges Ray. Anne challenges Valerie. Kay challenges Roy. Maria challenges Louis. Maria challenges,16,Louis
Justin shares Lori. Kim shares Adrian. Grace shares Marc. Alice shares Kim. Jake shares Ray. Aaron shares Vanessa. Jack shares Isabel. Rad shares Jenny. Steve shares Walter. James shares Liam. Juan shares Michael. Brian shares Robin. Luke shares Roger. Steven shares Sylvia. Mark shares Alicia. Michael shares Juan. Michael shares,16,Juan
Austin cleans Rebecca. Leo cleans Kim. Sarah cleans Phil. Edward cleans Sara. Rad cleans Russell. Faith cleans Sylvia. Ian cleans Martha. Joy cleans Melanie. Dennis cleans Sharon. Donna cleans Jean. Michael cleans Ron. Juan cleans Wanda. Marc cleans Pamela. Anne cleans Renee. Adam cleans Irene. Steven cleans Alicia. Steven cleans,16,Alicia
Liz changes Liam. Emma changes Aiden. Daniel changes Norman. Aaron changes Jacob. Arthur changes Paula. Jerry changes Amber. Pat changes Michelle. Ruth changes Violet. Jordan changes Angela. Mike changes Wayne. Austin changes Phil. Lauren changes Anthony. Jacob changes Maggie. Blake changes Vanessa. Bob changes Ruby. Karen changes Ralph. Karen changes,16,Ralph
Daniel bothers Tracy. Fred bothers Walter. Ken bothers Robin. Andrew bothers Ray. Mike bothers Judy. Lauren bothers Jenny. Jake bothers Angela. Margaret bothers Marc. George bothers Martin. Jerry bothers Renee. Kim bothers Juan. Justin bothers Sharon. Rose bothers Roy. Scott bothers Kirk. Tony bothers Patrick. Dean bothers Louis. Dean bothers,16,Louis
Thomas attracts Martin. John attracts Ralph. Robert attracts Nathan. Amy attracts Russell. Jenny attracts Liam. Andrew attracts Joan. Jordan attracts Amber. Alan attracts Kelly. Joseph attracts Terry. Lisa attracts Marc. Mary attracts Joseph. Paul attracts Sandra. Marc attracts Sally. Henry attracts Robin. Kurt attracts Alexa. Leo attracts Leon. Leo attracts,16,Leon
Ryan delivers Ian. Sarah delivers Jacob. Nick delivers Juan. Daniel delivers Nicholas. Paul delivers Jean. Lauren delivers Michelle. Maria delivers Martin. Scott delivers Michael. Alan delivers Isaac. Kate delivers Terry. Dave delivers Lauren. Leon delivers Pam. Luke delivers William. Alice delivers Adrian. Chris delivers Marie. Eric delivers Judy. Eric delivers,16,Judy
Will buys Jenny. John buys Michael. Justin buys Ralph. Joe buys Johnny. Leo buys Michelle. Craig buys Alicia. Kevin buys Vincent. Alice buys Ted. Austin buys Martha. Mark buys Stephen. Frank buys Amelia. Nick buys Jill. Pat buys Martin. Amy buys Richard. George buys Jean. Harry buys Terry. Harry buys,16,Terry
Louis inspires Irene. Edward inspires Rebecca. Austin inspires Sharon. Mark inspires Liz. Tom inspires Liam. Peter inspires Terry. Ben inspires Ted. Gary inspires Joan. Julia inspires Jordan. Henry inspires Shawn. June inspires Victoria. Jenny inspires Albert. Kathy inspires April. Ruth inspires Kyle. Jeff inspires Olga. Kate inspires William. Kate inspires,16,William
June guards Leo. Johnny guards Ruby. Steven guards Andrea. Alex guards Liam. Hope guards Tracy. Helen guards Norman. Mike guards Julian. Kevin guards Sharon. Kay guards Sara. Lauren guards Isabel. Louis guards Wanda. Linda guards Neil. Emily guards Kirk. Jason guards Pamela. Paul guards Violet. Grace guards Stephanie. Grace guards,16,Stephanie
Kate rewards Victoria. Pat rewards Kathy. Rad rewards Pam. Diana rewards Vanessa. Alice rewards April. Helen rewards Angela. Rose rewards Michael. Charles rewards Sara. Hannah rewards Kay. Marie rewards Kim. Tim rewards Anthony. Henry rewards June. Jordan rewards Patrick. Greg rewards Stephen. Lauren rewards Richard. Sarah rewards Jordan. Sarah rewards,16,Jordan
Maria helps Aiden. Mike helps Margaret. Jenny helps Michael. Alan helps Liz. Ellen helps Sean. Grace helps Norman. Lisa helps Nicole. Howard helps Jerry. Sam helps Melissa. Carl helps Jacob. Katie helps Louis. Peter helps Juan. Jordan helps Victor. Anne helps Russell. Paul helps Ruby. John helps Sara. John helps,16,Sara
Jordan chooses Walter. Keith chooses Jill. Pat chooses Rob. Kyle chooses Jacob. Max chooses Ron. Jenny chooses Alicia. Michael chooses Ian. Tony chooses Wanda. Ian chooses Sylvia. Thomas chooses Nathan. June chooses Kurt. Kim chooses Anthony. Harry chooses Julian. David chooses Alison. Jerry chooses Michelle. Grace chooses Neil. Grace chooses,16,Neil
Lauren denies Jordan. Craig denies Stan. David denies Joan. Maria denies Monica. Rick denies Natalie. Jordan denies Amber. Alex denies Alexa. Emily denies Ron. Jake denies Sylvia. Jacob denies Liam. Emma denies Patrick. Austin denies Alison. Leo denies Troy. Kay denies Johnny. Mary denies Sandra. Matt denies Oscar. Matt denies,16,Oscar
Melissa cares Kathy. Sam cares Ray. Linda cares Martin. John cares Todd. Karen cares Liz. Carol cares Tracy. Jill cares Philip. Harry cares April. Ruth cares Shirley. Henry cares Rachel. Aaron cares Valerie. Alice cares Melissa. Alex cares Vanessa. Max cares Amber. Carl cares Jean. Kathy cares Jacob. Kathy cares,16,Jacob
Diana fears Todd. Eric fears Jill. Paul fears Kyle. Melissa fears Ruby. Alan fears Tracy. Laura fears Sara. Gary fears Roger. Susan fears Ken. Jerry fears William. Dennis fears Pam. Karen fears Isaac. Emma fears Jenny. George fears Ashley. Rick fears Wanda. Andrew fears Logan. Hope fears Rita. Hope fears,16,Rita
Josh proposes Rebecca. Ellen proposes Maggie. Sarah proposes Rob. Mike proposes Irene. Liz proposes Liz. Margaret proposes Paula. Alex proposes Aiden. Jordan proposes Jill. Rose proposes Todd. Howard proposes Kelly. Alice proposes Noah. Amy proposes Alison. Emily proposes Sean. Faith proposes Melissa. Blake proposes Martha. Mark proposes Victor. Mark proposes,16,Victor
Karen questions Albert. Dave questions Roy. Henry questions Philip. Maria questions Adrian. Linda questions Joseph. David questions Leah. Megan questions Wayne. Alex questions Monica. Carol questions Travis. Jean questions Nicole. Kelly questions Rebecca. Martin questions Pamela. Margaret questions Keith. Ben questions Nancy. Jane questions Logan. Brian questions Vincent. Brian questions,16,Vincent
Kelly faces Vincent. Blake faces Russell. Leo faces Jenny. Faith faces Ted. Diana faces Kay. Johnny faces Tyler. Jason faces Martha. Carl faces Johnny. Laura faces Liam. Kate faces Renee. Marie faces Ron. Steven faces Sheila. Luke faces Marc. Julia faces Melissa. Edward faces Sean. Fred faces Stephanie. Fred faces,16,Stephanie
Howard bothers Lydia. Marc bothers Peggy. Jake bothers Maggie. Tim bothers Jenny. Melissa bothers Pamela. Bill bothers Victoria. Michael bothers Alexa. Kelly bothers Marie. Adam bothers Jacob. Leo bothers Jill. Lisa bothers Nathan. Rick bothers Wayne. Blake bothers Stephanie. Jacob bothers Walter. Jill bothers Rebecca. Claire bothers Patrick. Claire bothers,16,Patrick
Donna stops Noah. Hannah stops Ashley. Ryan stops Rita. Tim stops Michael. Kyle stops Irene. Will stops Roger. Adam stops Vincent. Lauren stops Wayne. Henry stops Teresa. Mark stops Melanie. Susan stops Leon. Laura stops Alison. Alex stops Lauren. Margaret stops Jerry. Michael stops Judy. Linda stops Travis. Linda stops,16,Travis
Scott visits Louis. Grace visits Shirley. Thomas visits Joan. Ruth visits Liam. Charles visits Norman. Jack visits Sharon. Hannah visits Leon. Karen visits Maggie. Nick visits Oscar. Rad visits Kurt. John visits Sheila. Edward visits Peggy. Lisa visits Shawn. Jerry visits Michael. Jill visits Troy. Robert visits Angela. Robert visits,16,Angela
Jack denies June. Kurt denies Marie. Carl denies Monica. Anna denies Nathan. Scott denies Paula. Robert denies Juan. Joseph denies Keith. Martin denies Travis. John denies Sean. George denies Jean. Ruth denies Amelia. Katie denies Justin. Emma denies Olga. Kevin denies Isaac. Joy denies Ron. Hope denies Ralph. Hope denies,16,Ralph
Leo comforts Liz. Robert comforts Rita. Maggie comforts Teresa. Frank comforts Alison. Jenny comforts Nicole. Anna comforts Ray. Johnny comforts Marc. Will comforts Victor. Ben comforts Nancy. Josh comforts Marie. Hannah comforts Howard. Kevin comforts Sheila. Jack comforts Keith. Craig comforts Nathan. Rose comforts Sharon. Lauren comforts Sean. Lauren comforts,16,Sean
Sam alerts Philip. Gary alerts Norman. Justin alerts Ted. Kurt alerts Kay. Will alerts Kathy. Jean alerts Kyle. Karen alerts Tracy. Mark alerts Marie. Dean alerts Sharon. Daniel alerts Oscar. Keith alerts Nathan. Ben alerts Robin. Steven alerts Michael. Jordan alerts Jerry. Liz alerts Renee. Emma alerts Wanda. Emma alerts,16,Wanda
Leon comforts Isaac. Jack comforts Rebecca. Megan comforts Teresa. Michael comforts Alicia. John comforts Sandra. Rick comforts Justin. Mary comforts Louis. Claire comforts Aiden. Melissa comforts Isabel. Ben comforts Kirk. Greg comforts Joseph. Pat comforts Alison. Bill comforts Victor. Jenny comforts Victoria. Max comforts Irene. Hope comforts Ted. Hope comforts,16,Ted
Max claims Michelle. Dean claims Philip. Kate claims Amelia. Brian claims Isaac. Susan claims Sharon. Leo claims Wanda. Chris claims Leah. Austin claims Sara. Kevin claims Vincent. Johnny claims Sandra. Mike claims Martin. Frank claims Sylvia. Sarah claims Judy. Tim claims Phil. Keith claims Jean. Jerry claims Noah. Jerry claims,16,Noah
Karen catches Rob. Paul catches Judy. Howard catches Noah. Harry catches Travis. Hannah catches Victor. Steve catches Sheila. Tim catches Melissa. Josh catches Aiden. Kevin catches Tyler. June catches Stephen. Max catches Todd. Kim catches Ted. Marc catches Rachel. Joseph catches Philip. Ken catches Martin. Will catches Troy. Will catches,16,Troy
Alan meets William. Frank meets Peggy. Jordan meets Olga. Jenny meets Rita. Joy meets Jordan. Kevin meets Amelia. James meets Kirk. Josh meets Vincent. Grace meets Jerry. Emily meets Jenny. Marc meets Jill. Anna meets Martin. June meets Walter. Hope meets Isabel. David meets Johnny. Chris meets Maggie. Chris meets,16,Maggie
Alex accepts Jordan. David accepts Troy. Emily accepts Martha. Jordan accepts Leo. Susan accepts Lori. Lisa accepts Nancy. Kurt accepts Noah. Bob accepts Kirk. Greg accepts Rebecca. Kevin accepts Ron. Jack accepts Jean. Lily accepts Anthony. Louis accepts Walter. Jill accepts Vincent. Henry accepts Sharon. Mary accepts Isaac. Mary accepts,16,Isaac
Jacob tells Noah. Jill tells Irene. Ellen tells Wayne. Rad tells Howard. Kay tells Kelly. Linda tells Russell. Carl tells Jenny. Maggie tells Olga. Kevin tells Michael. Chris tells Nicholas. Jean tells Pam. John tells Jordan. Emily tells Troy. Marc tells Ruby. Grace tells Justin. Bob tells Nancy. Bob tells,16,Nancy
George trains Ronald. Kelly trains Leo. Alice trains William. Will trains Ralph. Helen trains Pamela. Martin trains Alicia. Henry trains Keith. Chris trains Lydia. Hannah trains Maggie. Louis trains Philip. Carol trains Roger. Katie trains Jill. Max trains Teresa. Kim trains Ruby. Jason trains Ted. Arthur trains Stan. Arthur trains,16,Stan
Kevin draws Amelia. Anne draws Kim. Maggie draws Marc. Frank draws Howard. Daniel draws Ruby. Ellen draws Liz. Ryan draws Irene. George draws Lydia. Harry draws Kay. John draws Shawn. Katie draws Adrian. Faith draws Kara. Scott draws Nicholas. Jason draws Ron. Andrew draws Ted. Ben draws Victor. Ben draws,16,Victor
Emily cleans Sally. Juan cleans Norman. June cleans Vanessa. David cleans Jordan. Mike cleans Jacob. Edward cleans Troy. Susan cleans Lauren. Marie cleans Travis. Martin cleans Justin. Karen cleans Adrian. Louis cleans Olga. Jake cleans Patrick. Hope cleans Howard. Gary cleans Natalie. Joseph cleans Vincent. Joe cleans Stan. Joe cleans,16,Stan
Sam fixes Stephanie. Leo fixes Joy. Dean fixes Peggy. Joe fixes Juan. Jean fixes Maggie. Ken fixes Stan. Aaron fixes Jill. Hannah fixes Natalie. Thomas fixes Vanessa. Carol fixes Kyle. Austin fixes Janet. George fixes Judy. David fixes Walter. Harry fixes Isabel. Faith fixes Isaac. Howard fixes Liam. Howard fixes,16,Liam
Harry reads Wanda. Mark reads Leon. Greg reads Keith. Ben reads Isabel. Bill reads Nicole. June reads Ted. Sarah reads Victor. Leo reads Stephanie. Margaret reads Lauren. Sam reads Zach. Jane reads Ray. Bob reads Liam. Charles reads Michael. Andrew reads Oscar. Maria reads Michelle. Hannah reads Louis. Hannah reads,16,Louis
Fred thanks Albert. Sarah thanks Troy. Jane thanks Kara. Jake thanks Joy. Kay thanks Martin. Anne thanks Lydia. Ruth thanks Keith. Howard thanks Sean. Jack thanks Russell. John thanks Roy. Rick thanks Andrea. Eric thanks Noah. Amy thanks Ian. Megan thanks Ralph. Steven thanks Vincent. Tom thanks Kay. Tom thanks,16,Kay
Ellen tells Angela. Kelly tells Sara. Juan tells Neil. Matt tells Isabel. Bob tells Renee. Steve tells Sharon. Brian tells Rebecca. Kate tells Lori. Gary tells Tracy. Donna tells Oscar. Mark tells Louis. Mike tells Margaret. Joy tells Violet. Joseph tells Ralph. Lauren tells Philip. Jenny tells Kyle. Jenny tells,16,Kyle
Louis questions Isaac. Jacob questions Monica. Lauren questions Leah. David questions Ashley. Justin questions Violet. Alex questions Margaret. Dennis questions Tracy. Jane questions Aiden. Chris questions Rob. Luke questions Norman. Lisa questions Kim. Jill questions Jordan. Jack questions Julian. Tim questions Neil. Mark questions Sue. Marie questions Nicholas. Marie questions,16,Nicholas
